sensor_count,edge_count,cloud_region_intensity,data_volume_gb_day,transmission_freq_hz,model_resolution,crop_type,operation_days,solar_powered,total_co2e_kg
6,7,0.07879612587117303,14.183330315803941,3.711904437970764,0.700412293452064,wheat,322,0,1279.239926507171
39,1,0.6305627129816481,48.058344441987146,9.057376578077921,0.19305090990569618,rice,68,0,22982.05356776027
34,8,0.8579218293323002,37.80656633219725,8.212096890099419,0.23496125439556748,tomato,332,0,96827.80736284204
23,2,0.7547779167938877,12.63340709585545,8.112046697893868,0.6705843348258519,tomato,230,1,12235.729691367884
23,1,0.2856184191789588,0.8742861842093942,6.162368531150967,0.881835223828438,corn,45,1,155.8275528605226
44,2,0.09532632219333956,11.34756566901671,8.879677870375323,0.6943745610474379,rice,271,0,3223.513633752281
6,5,0.8492987006574535,17.69768425892742,2.9934844428485823,0.13258433211046808,tomato,30,1,846.9729444973202
36,7,0.8465033161477462,28.02938699419472,7.03735764549773,0.9733896253812907,corn,235,1,25782.82963709605
11,5,0.502553021755939,36.773383533925255,4.045072976176534,0.22555621081562058,tomato,200,1,8848.887551516997
6,2,0.5959697999208049,8.030338671858768,6.000388086788362,0.3093060101972408,rice,280,1,6733.840128714864
27,2,0.443210051604187,1.1437000552205288,9.981531853126317,0.9774705537142518,rice,156,0,2139.803493512904
49,9,0.4068005620339448,27.00933016368345,9.845263281972509,0.7939296969880374,rice,69,1,6502.351309452719
38,10,0.1515311705393953,2.7478092013800968,5.126677545658016,0.9429190123406559,rice,160,1,846.8393243909386
39,8,0.13223996360693163,15.587881246357826,5.739060658196082,0.8259577235272267,tomato,285,1,2792.2414868923
37,2,0.24782232467475934,4.295902868195993,8.973320369603872,0.6865610275028801,tomato,350,1,2313.0552542331357
40,9,0.7611446344455627,4.0098877225460905,9.856371489426035,0.3560976989767054,soy,99,1,2280.6366682881667
27,7,0.173957455625328,35.97918921028789,7.786299418458173,0.3941932975295729,soy,148,1,3405.143212804962
8,6,0.2426938541275041,12.378356435471979,0.6527793951283485,0.9525439657399327,rice,324,1,1200.0373461497281
43,2,0.5163219504238764,27.74464249018736,3.2270747037042957,0.8745630545400801,tomato,135,0,7023.091681467594
24,10,0.23286153536653326,6.303157041675555,8.965726836863158,0.4235414035980939,corn,112,0,1804.8875464544599
26,5,0.18872568201011902,9.800818410656012,7.683756705998956,0.4359406758586335,corn,309,0,5441.627744719011
20,1,0.5288188054432679,11.698469162221494,7.422588477173248,0.3679249512482963,rice,195,1,6367.096487959851
10,3,0.36287928034712313,26.464942428203635,6.679564381450943,0.3935171283625035,tomato,225,0,14769.929057174417
47,5,0.5822353929643989,9.171611764132802,4.153223232474203,0.874600719659907,tomato,193,0,6273.257745996587
40,1,0.8253745393473749,11.815394050486033,4.033009962126673,0.10945617093086217,wheat,232,0,7540.061680958646
33,4,0.1783441617198075,11.43542490209615,8.08951594342042,0.4924473589985723,tomato,120,1,1459.373751403972
21,5,0.8264186108411044,13.478239478489856,2.938509137358944,0.948555710675117,rice,275,1,9437.909967441336
42,10,0.8171164723094809,1.5679916416830995,6.848633895137034,0.588372719664528,wheat,151,0,4374.922071074105
28,1,0.7547244458355175,6.409704864787709,7.262359025716143,0.5054012111295132,wheat,205,1,4511.1054653147885
23,6,0.5865930297101725,0.6207171981428664,8.445715337625925,0.38113282422962924,corn,92,0,888.5080195543247
24,10,0.5771246588457153,0.5099905006679102,3.1995360214794504,0.16652136687571345,tomato,33,0,366.34029821856035
13,9,0.5933307609460263,48.86971290813452,7.419150779115184,0.3020378302247616,rice,221,1,34797.77960529916
6,10,0.6369212185351412,1.2712155485753123,1.06579248588929,0.18141256894318414,soy,76,0,240.78022707207847
29,2,0.06400987050673347,15.234389567732048,1.3814792277900951,0.21402948674388544,rice,336,0,677.7648357169223
45,9,0.8643786922865523,6.451490516168857,4.173943065693843,0.24716488971364284,soy,352,1,7576.129385019399
5,10,0.5477631972457428,3.589881416375656,0.5532025377761176,0.3718264888758507,tomato,136,0,733.8762168955757
44,4,0.7142459634920584,22.61138226110417,9.477035516331918,0.10991501199598191,wheat,127,1,10962.517348708292
42,5,0.3706895632021587,2.6781328763279233,9.019056209283097,0.9551294970339229,corn,200,0,3482.994052887059
15,6,0.060537631828426565,28.431095245822277,0.49028802156290563,0.21143718340927709,corn,98,1,76.73542102542378
32,5,0.48327446089497733,6.538071055535405,8.383278907200895,0.4448339851236284,tomato,319,1,6190.776409836558
10,3,0.4811116014185396,0.8442511709645149,5.089232866726164,0.8915748037433026,soy,64,1,208.75303402203423
39,10,0.421440895064734,5.41387671287398,7.019926920847126,0.19591117317168605,rice,182,0,4824.860500319865
36,10,0.33875949603776523,14.602267776802304,8.869424761812574,0.5352438265787087,tomato,93,1,3559.919336832474
19,4,0.2623521746382637,6.052861683824551,5.770167896289909,0.8603052377872562,wheat,309,0,2691.5908872494024
5,9,0.49841314332260533,2.7022649041907916,1.1641546757460097,0.6012663616307261,tomato,78,1,358.0821634156064
49,4,0.36898641873946997,5.692591831017221,0.02678352625537594,0.2893092358804841,wheat,179,1,514.0414615224445
23,8,0.8744421005923374,2.4967088586957953,4.969718400982215,0.7619585782713232,rice,310,1,7223.91271957071
45,6,0.19698821160189173,28.45572883751241,9.492372089111477,0.7132069565807571,rice,177,1,6187.47629571293
35,5,0.32171573248302393,9.964915461764932,5.726646094260347,0.4259673158922319,tomato,92,1,1328.8213975502438
40,2,0.29986640028588535,12.330675729011194,3.7300184417442037,0.14166564542323765,wheat,82,0,1158.677778635489
39,7,0.5118127998005635,42.347159003732685,0.3101892487920527,0.10707822090648451,tomato,233,1,2480.6471121660616
11,4,0.4743882184280257,3.491799501113811,9.149879193364725,0.8428535948144544,rice,71,1,1079.2485715688229
19,3,0.5971793956106322,2.605715364967039,3.272239451919564,0.3894016254031617,wheat,149,0,1019.4123196365481
24,2,0.8575015049880768,3.5159075609124817,7.048069235749647,0.22399290874531413,soy,235,0,3747.0381177910162
26,10,0.29243792266978724,38.26619401341624,6.942677783912538,0.5666961035466839,tomato,157,1,9199.975775010955
4,2,0.638855833866747,22.52904444570319,2.5395777305261102,0.9287499661525811,soy,307,1,5842.166889211166
28,8,0.07128417255440607,48.118661021655356,0.6387112871007926,0.10763277807015795,corn,261,1,509.72794979677116
9,9,0.27303020182358084,1.5644483041686237,3.850618786339764,0.15052918660877304,corn,75,0,249.8507933399596
38,1,0.44416176879710384,4.161774355300492,3.1719930073581617,0.4753404393265651,soy,304,0,1769.786820399573
35,6,0.07634557020896429,2.5809970399504696,7.0028637323243865,0.7083693160795571,tomato,335,0,1015.4784156871638
47,6,0.5750190414705931,18.5038926274168,8.19800517410273,0.5284904128903452,rice,97,0,10621.188011351616
38,4,0.626564017141452,3.2620731226662514,2.225231728499355,0.9077935946188642,rice,150,0,3028.060002916036
19,7,0.6847219576123397,34.65434156561431,5.2827824666946475,0.13967609998373035,rice,162,0,22884.099682783217
49,5,0.4890883291165604,5.979750680337364,0.40704286553422847,0.4061267826793692,rice,172,1,1221.8223615219104
22,5,0.5633529652318326,30.44649909331566,2.1433439735116857,0.4162131004498487,soy,185,0,5293.330523583392
17,5,0.38665546358671415,6.0694731334647924,7.617854291615509,0.4061145033877076,rice,330,0,8507.023465041399
46,9,0.08506507763057816,1.7217627884551328,7.934189806570236,0.5389173209110516,corn,248,0,926.3843132242052
20,7,0.13495907740833607,16.654427280196163,7.764268230054581,0.8115193406751494,soy,331,1,2933.4855064365015
5,4,0.6067465355712446,5.476375709538588,1.424736861957713,0.3860943547625356,corn,147,1,793.423202909039
25,10,0.8962220046479098,1.9159573705257253,5.510796239956705,0.7700348859689823,tomato,206,0,6243.283504636966
40,9,0.06343275328880175,4.977742369098399,4.227661436019386,0.23181892415116426,rice,65,1,140.0295066369527
11,10,0.5239459723024253,6.0616444026214085,9.91487148165411,0.6046523700705552,soy,122,1,2024.9927120603577
24,8,0.6883574399501742,78.59388856195395,6.541044620714303,0.43757922309899067,soy,226,0,60534.9507203187
8,4,0.7527586038117969,14.905266702064303,9.352085711865895,0.5852897220660136,soy,87,1,4405.0830353695055
35,8,0.5134241660392441,2.130352058922476,1.4543576997793675,0.1969747753350245,rice,352,1,2898.835748379288
25,4,0.5769285831564893,4.818519142383659,4.509281857729191,0.9581165620848177,corn,121,0,2260.355380022627
18,3,0.6422162034833704,10.6805385983363,7.71630439345858,0.9155927051216001,tomato,84,1,3562.47198539421
13,5,0.780121312239416,4.209383686858359,3.6792094225759957,0.843756673861566,corn,292,0,5931.961470337575
29,10,0.15394610662239586,5.801474522903349,6.325452453040314,0.9035045410492466,wheat,60,0,491.3732510647459
34,6,0.8372548668336339,2.855778214063145,5.117510021564233,0.2320190831633375,rice,139,0,4687.26507365219
48,4,0.0721147930188345,1.3020482778531952,9.919302162770705,0.5533495957176994,rice,96,0,262.64690287313664
23,5,0.760769788314109,31.11118958038321,1.7395515281148493,0.38611824288087104,corn,263,1,8932.72677078748
9,3,0.11522936257574268,5.427764880919311,9.353551604605947,0.8986473471737427,rice,313,1,1600.2792348522262
42,7,0.21543397986418394,11.169955718430687,4.016307967079165,0.27049391424951985,rice,95,0,1657.8663714774711
32,4,0.053310024423962724,4.437554486033546,4.680461670806568,0.29795081962777514,rice,169,0,328.58285492713037
36,6,0.42846819970563454,36.06077826898275,5.2864902350161005,0.7180430107195097,tomato,190,1,11142.83546751588
6,4,0.3342053427097834,9.614142588320938,2.654400127786365,0.18000969317890136,tomato,262,1,1857.8143931505124
17,4,0.19109397476397322,1.5684862790593914,9.636610768665319,0.7591304592249758,soy,148,1,352.65225237076976
39,10,0.4334266366833203,10.325464460710473,9.11496056514266,0.34131455948271017,corn,205,1,6532.623119004986
42,4,0.39201525069635623,12.819578004565683,9.729078097013415,0.6948418287404327,wheat,199,1,5415.923544514867
23,1,0.7025118777939303,1.2777482357049035,9.969198802523021,0.8857340077245944,soy,33,0,426.2970983613228
41,4,0.8091607601595275,23.326915661665744,6.69833115171454,0.6486502359114915,rice,221,1,21711.90502018997
43,6,0.6046821640020196,9.787114863536384,4.5174032725616415,0.2914153599574981,rice,220,1,6703.157727159068
20,1,0.15574883041754528,2.3590707915094904,8.507488281061551,0.14424897298529496,wheat,362,0,905.2915384780655
46,4,0.301082175503373,37.75474285944101,0.23902497348554924,0.1401525745255593,rice,201,1,1024.4939965287042
16,2,0.8263205523074378,19.63255616637752,8.34420604309032,0.17993069381260712,rice,332,0,48980.93924463043
13,6,0.12542431905670579,13.851229279454984,4.973362956085856,0.6218361212227443,rice,147,0,1782.086436965122
35,8,0.3958274634822025,0.6017900528612642,6.732527050807095,0.41339606863658607,soy,263,1,1228.0982003655074
33,10,0.8511289263484592,45.51601046789547,3.741086567363734,0.31879627965630836,wheat,332,0,42169.82321577792
8,4,0.8580651152490629,7.222782696813448,3.686862915514292,0.2973759020174721,soy,81,0,1481.4957922108777
42,9,0.3995227004915585,6.057755587355288,0.3181398109560663,0.9537233787127891,rice,220,1,2234.7254546863915
11,3,0.6172873548839778,0.8017790751114499,4.238470514859705,0.20693491830286698,soy,338,1,791.8835307616047
41,8,0.4382337586008991,4.612746643541563,4.084133599997882,0.3743329696953892,soy,216,1,1687.1808482359497
2,6,0.6904414585208904,27.300920652643374,2.248686227578845,0.5243295358172738,soy,329,1,6749.822811109923
41,8,0.07684413108904874,26.893567397839394,2.4739854121241347,0.10040457346682988,soy,171,1,526.9502345230065
40,8,0.17253357658315469,1.3445309924554394,5.841811664844675,0.928857868728152,corn,327,0,2312.85433577498
40,6,0.5720689830120593,7.43723280167565,3.178396653952491,0.18918873168409348,rice,241,0,6326.732337847126
34,3,0.24766942307660406,18.315519274401133,8.30268883826388,0.7142235406175552,corn,190,0,7105.344849764356
25,6,0.6161444543787763,9.819547743778358,1.1147396834638077,0.6659789294462395,soy,102,0,1251.006998507367
36,9,0.3485394883421036,3.751223914858607,5.776871820803862,0.8281574695942635,soy,87,0,899.0458830215625
15,10,0.8036487244086482,14.238934097692495,1.6012872266638842,0.6862489575059373,rice,127,0,4211.879139860607
40,10,0.7463704777259885,9.727274535817156,5.282878028579668,0.7924486754943815,tomato,283,0,16972.639336469623
29,2,0.4689121300584648,10.555355355938342,5.525906323616237,0.4791237479096748,rice,187,0,6291.924786499339
24,6,0.7069608240306291,2.5761510551627533,6.423334567570767,0.5398340450964609,wheat,160,1,1656.3141092210547
26,2,0.28046720329982683,7.698556145626133,4.274822047781665,0.7314958919479775,rice,186,0,2828.593462050445
29,7,0.4701208102900832,20.457484499171233,5.0952373766074155,0.611584048949546,corn,145,1,5183.4352252982135
3,10,0.21785974408378644,9.790857670566904,1.8103452081968519,0.560384695240048,wheat,301,0,1411.3575421926723
8,1,0.7817532432428448,13.874596083376776,4.63069048201356,0.2850025654490944,wheat,161,0,6496.394912785317
14,7,0.7496074740831526,6.552850492199596,3.730930860553811,0.33229743472573786,tomato,188,0,4728.019989912953
7,10,0.816827218147651,23.403653975304024,6.661644915439443,0.42264751695345415,soy,217,1,13505.054239424748
23,9,0.7958554340406205,1.7158699994566686,4.348782413241365,0.10835594688115287,corn,247,1,2503.0354115162345
34,4,0.8656568227505705,17.585251883251853,7.793637168151223,0.47562710462221325,wheat,142,0,15428.008069079231
34,2,0.24408579688713705,2.874902741167705,4.260494993638348,0.10249162818752154,rice,54,0,245.75346768136552
25,10,0.8420506471760182,4.232834316344723,2.3584759585666126,0.608513892329203,rice,261,1,5355.637399470268
43,10,0.535531212649198,32.32336717760436,2.7376135008668876,0.733625892075114,corn,218,0,14598.279487164084
29,6,0.4091208213304293,7.677828629720931,0.4538069656912741,0.6059337684536138,wheat,247,1,1266.1428966348074
5,10,0.5263178115726921,8.553551337343558,5.3996481871985,0.7241679758843883,corn,212,1,4307.855778275235
39,1,0.34121200315273614,15.292278718434073,8.308977958119318,0.10001185170058674,rice,200,0,10221.788330039893
30,7,0.29527005591680927,17.419074204993834,7.691347956468885,0.1534977759558786,wheat,348,1,7982.5786570788605
33,1,0.25511718728089944,14.988836562889778,4.378456873918376,0.7286161967879998,corn,48,1,542.1927806384753
29,10,0.1200637910385578,11.882293314686951,1.9620074310899775,0.8226101331610935,wheat,61,1,168.4923218943062
29,7,0.4720801625751093,0.11408408967070519,8.634980948531231,0.745931413800455,soy,344,1,1473.0806293212302
6,10,0.8045974243568044,2.478296431054461,0.568753559416639,0.6967110182981965,wheat,327,0,2879.818848082454
29,6,0.585629173883227,4.724928836542569,3.992828029299738,0.736644397430404,wheat,168,0,3039.052936012306
40,1,0.4928292878424075,27.089321047563022,8.566294808697126,0.7656309332165492,wheat,211,1,14692.035420202803
16,1,0.414303980513279,38.072377280920264,3.93237369735456,0.7519397485308124,rice,181,0,14862.084975039108
31,4,0.44474138236961314,9.740117765520937,1.1796368320988422,0.7642076299195057,soy,365,0,3003.697709566083
3,8,0.2278857454361583,6.901522899810643,2.6602290539576154,0.16661773667366275,tomato,183,1,608.3810315217213
19,2,0.7494954956141326,48.186052983836205,6.000694387987742,0.15694439634516225,corn,285,0,55474.10605315796
23,9,0.2186255187892988,10.567670962747012,1.521207041038014,0.42500794890649507,corn,152,0,1106.734525802694
50,3,0.6591293432182161,18.501558219294193,6.549698333096716,0.5748370430939161,corn,158,1,9131.189547237036
12,5,0.6959872597717297,12.334107757023448,4.382181150061259,0.786357148529555,tomato,256,0,12717.249491724693
15,3,0.5386386857235741,6.809385486427014,3.3445606187043984,0.40123703691191126,soy,164,1,1147.7731322726947
22,5,0.7834874187116042,8.459547475475848,2.4100138797511157,0.3476053689702714,corn,34,0,837.4815414378008
50,5,0.29739279958305254,15.50594812090601,8.233476528581237,0.8033034773066765,rice,88,0,3821.0112027052696
43,1,0.7993746380564338,35.24750770665411,3.9673428006865525,0.3244031663085955,soy,323,1,18463.083669889318
3,6,0.6699988906594085,8.547936850159207,7.385054176796671,0.838757239133017,wheat,153,0,6116.709854714063
13,8,0.7289373535974967,7.817203073363763,4.4041115711812076,0.25942019474803474,rice,64,0,2307.234990559588
42,10,0.6148927530982171,0.8269204387079631,0.9195800016809075,0.4235261705852291,wheat,345,0,4588.804214889626
4,4,0.769391564441474,1.9311028037609863,4.405619245697437,0.4609680484837513,wheat,365,1,2160.523881787962
43,9,0.8941340333099905,0.13686765612765822,5.077370109577904,0.3695594025768786,rice,197,0,6451.321770271219
15,9,0.4071384263459428,2.0240865898329137,4.578964092740276,0.10302122249831139,soy,241,0,1224.0202998600662
46,10,0.7418283311531348,22.331162976679472,8.162600875770977,0.3119583320391231,corn,283,0,43881.45762223045
16,4,0.6828927955903286,19.60698056134282,9.10860263908125,0.4038882029909864,wheat,52,0,5345.2994912584645
23,9,0.43493964085521525,22.355569451348725,7.867999973435129,0.38226240507399645,soy,129,0,8014.735744193785
34,6,0.8379066497726352,0.4406482095537604,5.828236240207387,0.8069999468294864,rice,218,1,3430.186000186426
8,1,0.38526204013670545,16.348833896616014,5.414958155588352,0.14263098628282572,corn,214,0,6374.590410419648
29,3,0.5306460288348019,4.704803636209306,6.4465156852064665,0.45005382968971663,soy,141,0,2115.5059252102938
26,7,0.1400510034423173,9.507191635981723,2.879015134097306,0.13376391002149712,corn,30,0,176.2466931624579
40,2,0.24190891495632627,32.32580832699856,8.118656614640702,0.9375828095161084,tomato,350,1,15336.114737090962
50,5,0.7645917449536966,12.189281619972341,8.568624927859005,0.8111884933279867,rice,236,0,26069.940701087547
34,8,0.3870698144045202,1.868443158665204,2.6729044146551235,0.9839454393142122,corn,283,0,4079.6820699106706
22,2,0.38497147600296944,7.352645890037269,9.028279263192637,0.9191444785264167,soy,176,1,2638.321218982796
21,5,0.2590838654620272,46.58008876537225,8.487478507192682,0.38423149490447595,tomato,200,1,14009.757098466489
22,3,0.4678687841528362,34.2485824876035,4.245443188057621,0.7224250710975223,corn,179,1,8142.3203914346195
41,6,0.734944417148029,23.263143928093886,9.090093020725362,0.3758986787305676,wheat,174,0,25071.16962012284
17,3,0.8108895001076787,2.01815352894998,1.2052694991212698,0.8993900691366615,corn,255,0,3403.52813211411
10,10,0.1095972672375563,2.484860094546957,0.28083760552979475,0.46967758297060724,rice,364,1,307.277991344311
18,1,0.5385976215540982,1.5139590618213175,3.4793203891149496,0.4382987877138089,tomato,291,1,1197.702264936945
3,10,0.4471823627084843,2.112188331589326,5.654791552574624,0.9226618698100001,corn,254,0,2615.168293637232
7,8,0.5721395729008416,0.17990659388779265,3.515074702714129,0.8530662588578689,wheat,34,1,143.68104794198098
6,9,0.43018433387202876,27.59942957830419,9.420735268979923,0.9697721980278714,wheat,202,1,12254.440776687263
39,9,0.38884809772540285,17.876841855109106,2.5478475803223954,0.15983927701700218,soy,351,1,3669.946615627004
37,2,0.4510986055650659,23.275899294084898,2.8128527225331967,0.3190049902349739,wheat,163,0,3728.734911299158
36,10,0.544699259442952,10.010174566774186,6.348641297836007,0.37077197308034116,wheat,214,1,6044.9777520513335
24,6,0.47583572937701024,0.1,0.03963495953474032,0.4819168548592859,rice,139,0,1154.3995775674393
37,10,0.4513227833675492,9.277612988670574,7.275842966493638,0.5258170413536825,tomato,94,0,3194.5143747665384
9,9,0.7451600134643687,0.9569461199983499,3.775317361448479,0.3623251852600642,corn,267,1,1498.5686328780246
46,6,0.6838007925521791,28.88040672839518,9.777500928565317,0.8114053808305256,soy,135,0,20815.014895436227
26,4,0.34017172005401386,0.47458627816968874,6.9144845127044565,0.3009197300365508,soy,227,0,695.1988620885062
47,2,0.7304905498880224,5.654422272282371,0.5230973358683485,0.7268655819692017,rice,229,0,3691.5424706651306
9,2,0.7756030686538251,27.13729305044985,0.9271854596109943,0.8665914840328877,tomato,314,0,9407.071614109354
26,4,0.18046837456806192,22.90737444957113,0.8825929011346614,0.6433284152436277,tomato,345,0,1852.1161525555094
36,9,0.545280092471145,25.770026424756377,9.526269976659545,0.4187430333035388,corn,215,1,18779.437743367776
26,6,0.2925151945593317,14.98477502098372,6.8408313606346605,0.2691021179769862,tomato,46,1,936.0037200121144
23,5,0.6782964736377142,3.3030499355258574,4.276632466882069,0.22091157496332642,wheat,225,1,1698.2529797463042
10,3,0.25296752995488075,22.837850238663137,2.0056264161104305,0.7697572652341554,tomato,327,1,2613.634103109341
20,6,0.6206929955470771,29.57019036959903,8.736523824611597,0.5222187978251644,wheat,190,1,15625.819277782068
13,7,0.26685595764898884,29.974861794994386,2.016357720785733,0.1416875960506309,wheat,219,0,3011.7079917137576
16,10,0.4844721989154517,24.251750539610413,7.067085485541699,0.9854555562483582,wheat,286,1,14272.991466879104
35,8,0.8563494977287633,16.05249154761203,7.6334802910919155,0.704172864690091,wheat,177,1,12711.20818931563
32,7,0.3741114076879693,34.16896600026252,2.9472662324652275,0.8597642962842794,soy,169,0,5615.176633652156
31,10,0.7943777130687265,23.78217942981385,5.049642456969253,0.4943698041853103,rice,192,0,26373.2289240776
19,5,0.8889028940233105,1.0517836653596428,2.2306698339016204,0.9598947587272224,rice,316,0,6244.743200223308
49,10,0.7936232214843888,5.220477841961217,3.7899176448975256,0.2795725188317145,wheat,193,1,4500.528287577658
6,4,0.19098612526484143,6.349980112033364,9.651378848401809,0.2666225106449345,corn,139,1,1037.187196108207
18,2,0.7467094866048886,29.854155066965234,6.931687208509649,0.901301261293323,wheat,230,1,18992.796033209514
7,5,0.07732698583547706,12.333015012272272,8.46629544769896,0.9025453576051553,wheat,262,0,2200.610800639629
18,2,0.3843066011444117,0.8082635336730277,5.406455115095944,0.549117536949138,rice,336,1,1031.2209582924916
49,2,0.7901233673201843,1.6621171321056936,2.3911583817714104,0.21320771981858078,rice,330,0,3168.971175198178
19,9,0.6354393808459319,5.5962499306905205,7.129085686815269,0.3746948123829448,corn,293,0,9756.519878027837
46,8,0.5028293632371964,3.705745306464859,5.0061790399448745,0.7787371042310209,corn,288,0,6687.949602101179
26,3,0.37968442132022745,2.648112970618159,1.76931183220248,0.861392717201173,tomato,180,0,1180.373002663602
36,9,0.7404524044997431,4.73316406070163,4.124886466292485,0.4128892729703354,soy,145,0,3003.849698643859
24,1,0.6531246433559877,16.196058861561255,6.348767349944044,0.15511031363518107,corn,219,1,8417.058672994526
15,3,0.4481445216733223,18.388909685306384,7.353583234965701,0.6991540134155025,tomato,267,0,18063.540297823434
39,8,0.8086116866282108,38.90858279448676,2.432964738107627,0.7655473372944642,wheat,204,1,11642.903149861955
49,4,0.24545581514583753,12.00856645152844,8.760097396153961,0.48161320827732335,corn,99,0,3122.2739964382486
14,8,0.19483278278483113,5.961147830435243,3.7961315196397054,0.6247878504560824,rice,34,1,157.59861557050036
40,9,0.5963831996835444,7.986908175813575,2.712096042209591,0.9886343477716749,soy,49,1,650.185181390281
14,1,0.8761951912965048,0.6490170379820688,1.9520054344817943,0.32049873942369345,wheat,173,1,428.9526891716751
37,1,0.26016808731075475,5.837710135850706,8.041909172695332,0.6156799244193258,tomato,295,1,3008.9119083297905
40,10,0.2622198220937525,3.261822256480306,3.5422915850856587,0.6498643722063783,corn,295,1,2135.6891456646254
24,6,0.16857402076786143,1.95542824840414,4.834506879851459,0.5941964764220168,rice,301,1,962.1590413099366
38,6,0.7814790219825873,7.087975216973298,2.2289754158151927,0.8822166021494162,corn,268,0,8060.100837710503
15,5,0.242437909349634,2.102898263200775,6.861224620618147,0.6445067787299048,rice,37,0,271.7498905768222
5,5,0.47770174771615465,1.0448099111138558,7.810553042116672,0.557101020152161,tomato,326,0,2270.9498446686775
6,7,0.8922416063018739,14.153358637314092,3.3949130642844625,0.21071352399505583,rice,348,0,19299.5903021857
23,6,0.06031976578373703,21.59475033330928,9.450848774328648,0.732888279364083,tomato,315,0,3986.885002513924
46,2,0.523013176934175,8.677832697508254,0.3070754849928007,0.21889662534523036,soy,179,1,417.11534315673333
8,7,0.4854456862992039,0.1,1.3302980896371295,0.12391290402780131,wheat,102,0,214.69959619244605
24,7,0.7363302699486316,6.827344253064497,5.888281528573349,0.5396780467571161,soy,334,0,9279.967549501853
36,2,0.3519893086198604,0.7525134306455813,7.014367213621749,0.6152007449329591,soy,92,1,254.58076985038252
11,4,0.3987901550641853,16.221559313533607,2.507579212101081,0.999148655236492,rice,294,0,7269.145822774323
37,8,0.19274728350903414,29.64092195674373,5.541156897816594,0.7410941150097579,corn,354,1,8393.224606669046
16,7,0.6796929468904187,12.490111893563945,3.184544084181084,0.8637312882048196,rice,332,1,9624.448467203734
41,2,0.7170025728099261,3.831358530848811,5.541338366970281,0.4117492351276798,soy,205,1,1901.9657417863111
30,1,0.16616382266200572,38.564069897012665,6.5936174499647615,0.5580232143219708,rice,310,1,10121.406198895987
28,6,0.38443851289007347,15.944330746594687,9.728107727637004,0.97684209159567,soy,309,0,14771.454018870947
10,5,0.8089692460582806,1.147692851459499,4.5575129033518165,0.4756496969284987,corn,357,0,3955.2479687052437
24,10,0.05230118262441909,3.171944363261138,6.482512186673535,0.8265613823221455,corn,151,1,234.70568177032413
43,6,0.3039452100292374,19.00820483815879,5.780814439951399,0.5733902059700465,tomato,241,1,5787.27103386782
2,10,0.5217859422946656,3.2755919947467023,3.1762313839818423,0.30156566637705773,wheat,304,0,2061.814706085545
39,3,0.3339797807109603,10.275688981815168,2.5313882528455056,0.6223767734897946,corn,106,1,750.1111238376366
26,5,0.28123841080101897,6.915869529817383,9.878719346725491,0.2962558255332894,soy,105,0,1593.9599893662344
37,2,0.4410318621677307,5.046309088596335,2.069316764653452,0.10272429088816702,wheat,160,1,586.8146066013602
34,6,0.2042946418932397,1.8430901494481682,7.902962395475295,0.31230641392600894,tomato,150,1,666.1295338281002
23,2,0.5001814548155612,17.453436727890733,1.4667273228165894,0.27382944911958135,corn,282,0,4087.4509247043143
17,5,0.6506915331162421,14.243530510447476,8.043708342343146,0.43382905947949035,corn,344,1,17588.68133633428
32,4,0.5390007097342269,30.36936182583567,1.858098701452491,0.8997372134283593,corn,82,1,1718.2438852466155
8,2,0.12914293122975126,4.049731932708849,9.671599283517654,0.4490677662388083,wheat,139,0,638.9422075093623
30,1,0.7677473220407373,0.6845362209475321,6.8601905780885994,0.860668864741892,rice,342,1,3088.24079717018
6,6,0.19873116186436496,34.24125393417643,0.902092318514613,0.6000517181184232,soy,229,0,1506.7093875708917
33,10,0.7000902005194594,13.712685150480882,6.93207801747065,0.10685323380031025,corn,98,0,6992.188676481705
32,2,0.35648034415947283,0.1,6.036604007052738,0.26986304161289365,tomato,232,1,414.07927002153554
6,5,0.715347145847687,66.12643901575274,3.376124920692891,0.9381502406872327,rice,324,1,40368.97285265774
39,3,0.2253319678945439,31.318867312486557,2.6080992415693895,0.6437561015779466,soy,155,0,2011.6823419209986
22,9,0.20866278814111533,6.350566001362578,7.187889056699774,0.9365921727150466,soy,192,1,1182.8057385976474
40,5,0.4724719692848599,13.553227353795574,7.413872368125709,0.3791080182731076,rice,236,0,15177.464463827377
4,10,0.07799561249360643,4.7200851610971535,3.2727312836764133,0.7449061404544686,wheat,312,0,534.3073711180779
10,3,0.2415027379649834,4.035762408965276,8.762394881284196,0.7948226439075339,tomato,219,0,1954.3648914352939
26,1,0.6654104143566961,8.016758500600048,2.6890033616660243,0.9781296424626299,corn,351,0,7263.310242249409
11,6,0.7617759565596117,5.0946337441180205,0.6995743953221354,0.11635883485206464,wheat,283,1,1108.7291525378837
18,7,0.11866755934713888,5.6364584378820775,5.999078580430959,0.9570134936109216,soy,171,0,775.1528578715219
34,10,0.7997660530223888,1.1229253123310214,1.0715986577433296,0.4524311958437486,tomato,193,0,4571.032875553114
9,9,0.7278896234452022,72.83989385196224,2.7673639786005864,0.8541931651703802,rice,264,1,28003.923300759867
35,9,0.7892316513509205,14.743742878404342,5.072356744091332,0.5902416263989756,corn,53,1,2808.7658186758376
7,7,0.643664271392014,1.6955140583553472,2.864309863950619,0.6081845887300289,corn,106,0,970.8121386260801
10,4,0.6230301071998701,2.112588939547264,2.150748427858024,0.42344009936780513,soy,110,1,421.2992255508461
30,5,0.4963292483431342,19.73451995115536,7.03215096364164,0.8456253313403778,corn,299,1,14089.404214650462
40,2,0.6048691408176178,100.0,5.470446414681554,0.33761221375405004,tomato,306,1,53722.99304438346
10,5,0.8312432148816143,10.032424099017936,8.397772721254555,0.5430172475607459,corn,305,0,23455.345653169854
16,4,0.13544370120420215,3.3301860733745285,5.812814706960121,0.6041570488907279,corn,65,0,241.47144464436806
47,1,0.3183998061691775,67.86974646494932,4.834988670526011,0.7682689840847395,wheat,129,1,7057.53969218512
50,3,0.11158672755649106,15.153430237779663,2.613302259756271,0.5244718033373833,rice,134,1,534.2171443411708
30,6,0.8530843961524327,4.388722913884175,7.920866685037883,0.7122546089555444,wheat,38,1,1045.8455868197022
23,4,0.42847564609947975,11.384768990030762,1.969513214635108,0.5367646867131779,tomato,116,1,1036.7573590414202
18,10,0.6240428000747602,10.647558938787167,2.42304188132063,0.6933885732627352,tomato,174,1,3487.8989794994104
32,5,0.7649520548286732,18.57801640706945,8.416044378933947,0.7067291285873334,wheat,327,0,33847.58251602583
30,10,0.8923502108650153,14.195573119773773,7.412184064766382,0.7384974044763194,wheat,87,1,4978.227628581096
16,7,0.1875150891234259,40.97117544672473,6.129122016306226,0.8409698144742934,tomato,319,0,17054.343403250667
3,1,0.7295857148604944,24.536314897190497,0.3901663873349477,0.5866503048639257,wheat,305,0,3025.180115575236
9,3,0.8043094634162259,6.653857995441028,1.27344892522898,0.2739503474829039,soy,83,1,398.81924546479695
48,8,0.09154407032324427,38.234911665824725,5.00007464441591,0.7116767574571499,tomato,117,0,2067.7473196594906
22,6,0.6909769761577375,4.8431203432468966,7.463642895905428,0.1694062751429457,wheat,183,1,2946.5396350657584
25,4,0.35151652301706776,7.804414159802679,4.641544541054041,0.29705952021506565,rice,347,1,4242.075470350934
24,6,0.6013072727498673,0.7466942197017642,0.1739129511234161,0.8129417757983193,corn,293,1,1821.2687463208244
40,10,0.48694096663303504,19.96371487269956,1.8435157166695502,0.4915631298970594,soy,356,0,7664.184446514397
5,4,0.27078091427364137,13.083692072672507,5.888078229502561,0.5482397508860953,tomato,135,0,2887.3647217404873
6,1,0.16493815770338816,20.295025623749304,6.942476379820226,0.9886572266351771,rice,335,1,6212.670525145478
15,4,0.14940514812582706,50.04100244785443,0.335249698806332,0.3116552372640261,corn,351,0,1317.722055221783
25,10,0.13782442905221795,7.475724817698037,0.43427420285154283,0.1175974745823411,tomato,231,1,394.41812747339975
34,8,0.5921215341143911,21.279418015081564,2.613839844448173,0.2002353485660597,soy,81,1,1504.5891684546925
26,9,0.3486992236896074,16.19328979112113,0.8359334521702628,0.32005167369474663,wheat,119,1,846.4531670031926
23,10,0.23413842247499156,33.59690411825085,5.419920375701454,0.7533280219568222,corn,73,0,3125.2798243615057
47,2,0.6381023288000176,43.748859997889156,1.237896117584848,0.7982398287862857,corn,301,0,12182.227549219158
9,3,0.6338221309014969,32.306880499965054,6.482545129679324,0.6089400586127024,rice,135,0,20361.66913430261
30,1,0.508293048503448,9.893450737910173,7.772475967756563,0.32954175882834524,tomato,265,1,6812.827414440565
28,1,0.8447141443359732,3.314745271409381,9.705196120857314,0.5695677050741412,wheat,119,1,2158.5342369582268
25,9,0.37760209672520806,1.7680158247463604,9.484121209415505,0.1134618003405408,rice,358,0,5242.2525684840175
41,10,0.7604835255788991,4.847623934416802,2.7343781372025466,0.7136208484676166,tomato,289,0,10411.306480389934
15,2,0.11386849674236686,7.751422590788302,0.2950666166291051,0.652867799868251,tomato,156,1,148.36356743932717
48,8,0.6788564299327288,41.154082710930865,3.294792748901568,0.11961688544338922,rice,190,1,16389.574906016984
18,6,0.8901803017571406,6.8563624465573305,7.085092707007821,0.835310470269516,corn,49,1,1744.153957749805
28,1,0.7696084838446443,0.3968622325155053,0.5989522915161204,0.7870838816459096,wheat,75,0,562.5351079904877
27,10,0.5427150114135505,6.4174797534198005,3.5977668640566156,0.37740137101148186,tomato,365,1,6012.859698565182
43,9,0.5827511546780866,7.131406770492296,2.9810474409215226,0.6718389855690754,soy,304,0,5909.829604387849
23,6,0.35029611702140473,4.2405597256548875,2.194237012553948,0.6413436671184758,corn,311,1,2028.1805792505972
15,8,0.6275624355193884,11.907503749750285,7.061601416548423,0.22886225130418325,rice,246,0,15660.764126060076
3,4,0.704836075704128,7.948268761521239,6.591310953238717,0.27393337100292925,rice,104,0,4513.4527616978785
19,8,0.8984942089501758,1.1068276908520704,5.355405446249399,0.7148855226053166,tomato,65,1,801.7983012133978
42,5,0.468593479450368,9.809440582362374,9.107835622176294,0.9401964816430076,tomato,273,1,8255.443163115831
2,10,0.10210845590742593,22.084771235090784,1.0322853884499943,0.6186558886288778,tomato,141,1,307.76582713254913
45,1,0.5564792581213375,16.234135157906312,1.49774255555683,0.6110318310035904,wheat,30,1,356.6082541247676
28,2,0.1511705274848433,1.1369592109821829,3.8351133425149118,0.6820135252334547,wheat,37,0,69.99232083346575
8,10,0.25805028702269356,38.559703663254666,6.559164636577144,0.496520470160316,corn,217,0,13985.094068252427
16,3,0.32946292460987664,12.338320363975356,5.841208843161876,0.14875483915120938,rice,312,0,9012.774052563833
29,4,0.671375392176149,9.950551813205424,0.7413528319918518,0.45685346205222743,soy,151,1,984.2255547480848
17,8,0.20623690529672545,3.8545933964756136,9.584289612660928,0.9102269891061007,tomato,365,0,4835.062593457063
7,2,0.19089000481599966,26.86138787550751,3.0513430997974536,0.8244521203523937,tomato,158,1,1966.2907038656563
34,6,0.08821960612400334,18.39253383918663,3.5903671652171556,0.9346812117193589,tomato,276,0,2074.3182968115566
34,3,0.7922539459007988,0.5133961530213983,6.236674360635193,0.23754842661916953,wheat,112,1,603.3824753497146
7,2,0.6394796107026516,1.5971894411821042,9.451710009079887,0.5553619813349465,rice,234,0,4033.078955940468
15,10,0.08395449577498251,0.7825994987896752,6.627219702793617,0.6262553393316493,tomato,122,1,142.86870622485662
13,2,0.0740484597923974,11.804532451896865,9.547778522147494,0.288932958993677,tomato,291,1,1446.8318818147059
34,1,0.5248731520037977,89.52119815009871,1.8767235970859693,0.2808732153420731,corn,182,0,14285.346417019196
37,7,0.29015424109370436,38.625250679541324,6.188480479800377,0.803829639378522,rice,44,0,4141.395182924271
37,9,0.5572173978671395,13.22642724505692,8.288960039870972,0.7046667253469859,soy,113,1,4263.512669916483
47,2,0.4194135493288205,56.734746442137656,5.090735658080217,0.6824687831336441,wheat,148,1,9625.069242818545
39,8,0.8348156779637165,8.656475926478016,3.6223745846175754,0.34028871218471346,corn,186,0,8037.169838673694
17,6,0.29463766271716274,5.043583468811115,9.84760054178874,0.5560924818224862,corn,120,0,2245.307648687178
7,9,0.6272735631730595,10.294276277830349,1.4107324166262083,0.12076295814039506,tomato,223,1,1505.4135137560022
32,2,0.09594616487580931,4.171159413149733,4.109884345759038,0.21695144734038513,wheat,353,1,405.1271101789507
46,10,0.8624814540605866,5.315444755351788,8.733864151854041,0.5664257764847122,wheat,268,0,17665.59102992012
49,7,0.8836438477220994,11.24095984920849,9.004906984312703,0.3787050480687215,soy,134,1,6827.057403463904
13,9,0.6782134346639506,14.988621720758267,9.803840633496181,0.9691027812068649,soy,257,1,11659.590789457863
13,4,0.4454306008290372,26.660444119563095,8.84859107505155,0.5243362509403096,soy,354,1,17285.700999012748
3,10,0.23699442342817212,8.526755466171725,0.510519296848738,0.1752077407211656,wheat,111,0,191.6379751883302
8,7,0.74063888921077,19.736054168711043,9.297735229775254,0.11605811252978118,soy,108,1,5305.37541186054
29,2,0.675900982574969,0.5692772100392173,4.282243746876446,0.7527320864629042,tomato,43,0,437.7734351951528
28,10,0.23866093362680668,3.785924011287661,6.516540255378364,0.25435606424528256,wheat,312,0,2621.036468320382
20,8,0.43353300003367584,2.8352311139803112,3.943364415802024,0.26903113210455315,rice,309,0,3198.677331002938
17,4,0.44337909714426726,13.766006475914502,8.136867098058874,0.48142650037660395,wheat,169,0,7378.099037329659
42,6,0.7524489674768028,1.9859748388147391,5.759616843951338,0.3376545302381182,corn,323,1,4515.115435839948
24,4,0.631267981683965,66.67120662322208,8.455600880897489,0.6549193717715706,tomato,248,0,86691.26355292813
41,6,0.5966924120090469,12.109008353722214,1.9385209437361517,0.5371232565013874,corn,358,0,8704.79140068239
49,10,0.6023533091787867,28.936280180266902,1.8506459644542677,0.20030554132950706,soy,340,0,11085.044681580985
17,9,0.2798995674751071,1.226398752353459,4.4043276390462855,0.8062667631185035,corn,352,0,2005.7201177195711
11,3,0.3659545708551039,14.622341007851965,0.04851069807984289,0.48327296897282335,rice,161,1,357.1169769145855
48,10,0.08881294262120022,22.183998552006077,6.928836696007686,0.6497508876303705,soy,242,0,2996.3455100074043
33,5,0.7188999654403052,13.555666754047687,2.961241224352302,0.10354809927941355,soy,86,0,2216.1354465064123
16,8,0.41804848289434177,11.367967079489816,5.573436162798285,0.6637600300928833,tomato,330,0,10491.03532768048
32,8,0.42250260352443747,19.411268780456467,0.700965601048008,0.354564871327841,soy,136,0,1219.3642893390504
27,5,0.2585528251935827,46.21643163585173,1.707272949467557,0.5449336688889942,soy,180,1,1878.8404578364018
46,5,0.22801318924051456,14.04610632267084,6.228968841049307,0.3679485434391607,tomato,229,0,5651.541191098645
14,5,0.5496486401336749,28.498544334685548,3.05732060848332,0.9966346701780185,soy,294,0,11885.286404116685
50,9,0.24767006292312438,6.708154073712684,2.1480047039137515,0.30775808324046117,tomato,275,1,1895.9535973941488
47,4,0.10457752383064475,8.453644728375165,2.2892361615768713,0.9215736413403309,rice,350,0,1382.2403195757174
10,3,0.7023813035837636,14.171232776448988,2.148978827890229,0.9261699686469252,tomato,269,0,7533.817934589337
10,4,0.369999019245411,2.7132883837893056,6.228886643356052,0.478900587640931,soy,297,0,1823.7898802081618
28,2,0.3732002463144088,2.669010156167615,1.6777444534801016,0.37360280397102064,soy,222,0,660.8545326217292
4,4,0.41662053928842263,100.0,3.6277008854397237,0.4429319922089121,wheat,169,0,20114.38661392338
16,2,0.7427880998968798,34.56273284990129,6.879180769068929,0.9904051786526182,wheat,336,0,53631.93161332287
23,1,0.32271136154884456,42.7950952878297,5.137196902419159,0.6569166046038455,wheat,156,0,9215.22222497174
49,8,0.6943307795691607,29.807255188883,5.973211426884064,0.5903022140385747,rice,238,0,41929.072831522186
50,1,0.8486131146626118,24.47770576691187,2.5098188876580214,0.13232609320548458,corn,127,0,5772.993219974954
9,6,0.6117379665360795,36.59571577758209,9.327216016778891,0.8630587273573231,corn,192,1,24359.939556926965
45,8,0.4169289190004709,15.563978235246566,4.13937860391504,0.1754249102264791,rice,153,0,5379.365744653856
6,8,0.685621264674665,6.05514579364311,2.8703524021867333,0.14227513033094322,corn,116,0,1566.0208111354623
38,5,0.43921276428867767,31.353840121272036,9.043357514400665,0.3473722775061928,wheat,305,0,29437.455192757217
43,2,0.40226318044191967,16.356668429600767,6.5532408630286065,0.5282097445517664,soy,287,1,6704.222964543999
45,10,0.49649068903678073,3.913120632003499,6.139844685521367,0.9057600640039605,soy,265,0,5864.907199539284
12,9,0.3200639845878997,51.68940035563683,8.867459787009516,0.8110709191745548,wheat,57,0,7499.237071208123
45,7,0.13861268383800102,21.023684423156308,0.5863443224275727,0.2778689300552587,corn,113,1,320.98489639323645
7,1,0.4026242046972404,4.945200921140757,8.376957440563794,0.4348715755845489,corn,103,0,1657.3744733016504
27,1,0.15527834895990664,11.103726759063735,6.778965778686705,0.8022162381569945,rice,269,0,3727.105446179932
25,4,0.3988752525221297,15.425656011477027,3.6005679550065137,0.5743832027221876,corn,329,0,8503.790299342405
17,2,0.5233936630314328,9.358563970625939,2.5642570738960324,0.25704274782167136,wheat,157,1,1435.0396069444676
3,9,0.8411045040247997,26.802672414019224,1.0489541929156947,0.4564496824105001,corn,140,1,2582.857747693592
39,3,0.08078898138850805,13.808610707970754,9.410800628296654,0.6633422240587362,soy,217,1,1094.0556385174414
18,3,0.5782396455266525,7.383261921286899,1.4199791211920323,0.9759031073279513,rice,361,1,3900.1086362855535
34,10,0.43907490865256565,16.579894659738766,2.5951259187731117,0.6956308493707681,wheat,154,1,2559.3628997789865
22,9,0.06722195897351829,32.99962410446481,6.91138068851513,0.11457564600825726,tomato,123,0,2231.223083027185
20,3,0.2621159495479123,1.2667223511708088,7.10181422642204,0.7345074489692753,corn,205,0,1190.9576874751433
45,4,0.15071246450158132,3.300485337564172,1.608526277321337,0.32577832671150747,corn,337,0,984.0780125372777
6,6,0.234275023871728,18.824125912078717,8.14149747649551,0.8759430227924334,wheat,275,1,5625.446038437055
38,7,0.2833847069417805,24.915889450462064,5.103362404494449,0.4455009174035247,corn,204,1,5286.726714546999
38,10,0.39111038507486684,7.191898709514162,8.484718324472974,0.2796535339788702,soy,275,1,4362.086440622939
20,9,0.4996834844655567,3.935144746927712,0.8737666130855978,0.5211524678592111,rice,35,1,261.02921247226396
14,10,0.05084149483742819,72.47928652560725,0.4292571609378031,0.3296781768835049,rice,283,1,429.59560481326326
2,1,0.1875889565344297,6.458497700570364,6.3702668245620035,0.3122393396480655,soy,62,1,251.38171387903643
47,3,0.1295314277674806,2.5153460773409897,1.5010879473010585,0.6159356206961437,wheat,161,1,220.3915515463796
48,6,0.5172223893733322,16.212440753698843,5.249965508287267,0.7906116437657915,corn,147,1,5527.585665400772
13,1,0.3297136398410793,14.816316105604889,0.1420734840858027,0.8514589367438881,rice,262,0,1484.8008484952727
3,4,0.5161380756295104,2.232085090931476,7.799512676221455,0.45790288342335195,rice,110,1,1028.252149903653
8,2,0.23854980684847615,14.527375525871092,8.995402171614836,0.16012338723724537,soy,110,1,1594.946271990593
5,10,0.07059495097444714,0.7131454946434929,8.388988736880917,0.5355774986189981,soy,327,0,311.5635521965019
42,1,0.8501618660797098,14.87064593318684,9.583569778691032,0.4904033293255473,soy,190,1,10978.952006832385
45,2,0.14206190301064492,5.003541948205714,9.031054450833238,0.27728105342773546,tomato,279,0,1885.0978710077238
9,2,0.1578299357674593,6.5852419607448045,4.4407361648853625,0.9065304110297081,soy,225,0,984.314799319562
38,2,0.17456480253361945,5.817164839680688,3.9840837362280226,0.9767334277186199,soy,238,1,828.5145740490087
10,6,0.8840850453942818,11.391618267645237,8.96194049604746,0.1465724692297733,corn,260,0,20412.528388958694
19,4,0.5750112041444967,22.278061273536387,9.269461014776914,0.8161717418716892,soy,254,0,20670.30036144421
31,10,0.568746458948273,13.128838989150712,9.728386647232051,0.6811449021473849,rice,336,1,23564.909655661508
37,3,0.8886934712907502,4.409592328626052,7.6834040311929845,0.33529263234931717,tomato,293,0,11006.578938556184
44,6,0.12517295388345656,2.4143605441952367,2.020686310583862,0.6716405064545317,rice,132,0,546.1284740126972
4,7,0.8783257586609458,23.405831976583578,9.449596406971114,0.21577887251512706,rice,86,1,13472.444255459202
11,7,0.2234111745709348,8.057331342588965,9.47146752669538,0.16246585746774755,rice,314,1,4003.343027492181
15,8,0.5796107780277302,13.781082864390312,6.661647507765802,0.9941401675470344,wheat,155,0,7086.865121015072
17,3,0.4070710305073729,7.223567458290126,8.572945383228499,0.6727328726127941,corn,134,0,3279.7369287042466
50,6,0.37635904145560145,4.149163518836669,5.61220303521836,0.3279003620799102,corn,67,1,728.0528544007258
40,9,0.8415568292075432,2.7673184836748965,9.441325327171816,0.5050305603133893,rice,215,1,7386.749116482693
17,9,0.17684356917421795,3.755982628745183,0.9402700295243198,0.9550793640680564,rice,202,1,614.927611834848
49,7,0.8975086594148071,0.9212601863989488,8.639773001151221,0.49485256154812873,wheat,308,0,7139.483345039107
26,7,0.3722563019278162,33.211418623902006,0.5559807867423564,0.9104000788021098,wheat,281,1,2193.5870331262213
26,9,0.6014586683052713,2.6043332680063833,3.391731415127987,0.8819282781806155,soy,272,1,2716.121836726632
23,7,0.8727207217608561,11.033061209011104,1.354121100510004,0.40974068448175893,tomato,210,0,4945.701653363836
9,10,0.09896089282212857,6.161300295231441,4.79187178953666,0.7264081036693922,wheat,319,1,687.5599250405437
47,2,0.834434708486412,22.805395287576257,2.323229333766707,0.6944486534043331,tomato,360,0,17621.60183753433
2,4,0.5326396775511918,19.240304514105194,9.520771720960637,0.7940906835578577,wheat,303,1,15770.581884634406
10,2,0.6487373471308345,0.1,5.593654015200443,0.4293362478407369,corn,146,1,417.44527185632364
13,1,0.1768065563033961,4.539214971945648,8.977409632300944,0.14701284864831946,rice,122,0,1225.9289853427917
15,5,0.5033793162063774,19.73179405876108,2.781306632042458,0.25393531700125993,rice,30,1,701.7893033115449
8,3,0.6224866575164572,10.292819299656175,0.2607496219056616,0.6548983189063833,tomato,363,0,2671.8455500899995
2,5,0.4378102112795295,54.012541049323524,7.756774381835534,0.7975901682076182,wheat,276,1,28854.39618625353
35,5,0.1817374013901482,47.60851590454456,7.024074222059747,0.7804437710820364,wheat,344,0,18749.139123407094
49,7,0.2575012138227401,16.69970345451497,5.455370965096263,0.6253134266035276,soy,294,1,3841.242074239455
7,10,0.7762338723444737,2.3760754336177436,8.153611954562397,0.17628233114340325,soy,174,0,2822.512310989709
16,9,0.07930034390784836,13.928474969804954,8.401003642108677,0.11555976446723124,corn,78,0,723.8948225562565
26,4,0.6525327666746905,16.6110392482081,5.879445176873721,0.8039275815898654,rice,45,1,2487.693041197599
47,4,0.8994815310373478,23.915840491252947,9.659311990747515,0.5944387907708765,corn,296,0,63986.5853267782
36,8,0.05636054669075163,33.78550531000699,7.197399764225656,0.804440892458357,tomato,131,0,1975.5967806426595
39,2,0.18688883039694892,1.3970160728167782,6.769076886250125,0.24650961533145,wheat,157,1,298.1000886210136
30,6,0.6230226557591644,55.77773901365791,3.614856503793895,0.46668085369402923,rice,310,0,45077.65450815267
22,5,0.10099220939754602,2.413895235467016,0.023583527421476652,0.9272523583701757,soy,191,1,167.81999677014014
11,2,0.5513214862774801,2.338077368789493,2.410185796267886,0.2544381921224491,wheat,349,1,1033.0400567233332
44,7,0.6314000880268977,4.182199548524264,7.639441147639484,0.1553742134312899,rice,213,1,5612.028326962948
41,4,0.5499243958969596,24.440821028622395,7.099002673117305,0.6881206454035735,wheat,309,0,25699.520722601854
3,2,0.3604069975679071,4.183932476096669,3.310890426156112,0.6350827065595807,soy,72,0,380.1673853780471
37,7,0.6426899515886432,20.527540643746786,6.25620416240985,0.95682745527196,rice,163,0,19446.43687172034
6,2,0.5551502638117475,23.70739180350862,1.9536795072518987,0.9158215789493882,wheat,91,1,1581.1800884377228
38,7,0.22649159627983179,4.549568411261891,2.6370135649711717,0.7744873511985139,corn,48,1,232.67693556693933
42,2,0.5286652120473433,12.83835212660531,9.474133530931063,0.11724151409042698,corn,363,1,16314.698823579727
8,5,0.7996211345680884,8.111950882700972,4.13239254878301,0.5323482715659041,tomato,203,0,7039.934976090345
23,9,0.6168082928368825,45.676815538529034,2.4506309553942462,0.906491742883335,corn,148,0,11371.27380866761
8,3,0.45102278128477,9.796229345095123,4.871595360143076,0.49028597930302953,tomato,156,1,2339.156066432605
29,8,0.3233464874390335,0.1,3.8707717819938745,0.9659311476516952,soy,110,1,436.2073948622613
47,8,0.12300327802193693,10.973097387892878,7.295560844453709,0.6872391825795843,tomato,71,1,643.4324150742857
5,10,0.25793306284517437,13.541105337176546,9.62119894880232,0.19851141478851472,tomato,336,0,9863.960364595503
21,2,0.059508740123845355,6.611968508012991,5.917782507152461,0.5583448676680152,corn,65,0,178.63265186242876
49,8,0.8886320298962198,40.46760574770007,5.9118807221822145,0.7260554220806328,soy,159,0,27580.168026301446
16,10,0.23910991430942896,27.215450297288967,3.648973753376107,0.15883207501565863,rice,81,1,1273.9032707576496
8,8,0.7426445512825668,7.487520240662628,5.646744688820979,0.41018457886369075,wheat,342,1,6896.038311840416
25,2,0.1933481495342318,5.17808898359544,3.193969335004995,0.7453729567485877,rice,99,1,426.2886510745553
26,9,0.29106097716473783,4.844801073536696,0.011919651049106944,0.2413642260763307,soy,162,1,386.02599154841863
34,2,0.4055357213441117,3.4010912791144845,8.661095632611971,0.41350590844347035,wheat,283,0,3798.469878350347
17,6,0.3257448145203643,35.16436484557165,4.295011411131531,0.7209192902205105,tomato,221,0,11199.749040862333
48,5,0.728598190845882,6.688531121699986,4.921392762054913,0.7979868116777025,corn,158,1,3653.7681969012656
27,6,0.8640393968131097,1.5985601619921797,0.835925653343856,0.5666606144428785,tomato,219,0,2883.6927502307517
16,6,0.7940003111032212,19.386265911448096,8.371268023540514,0.9611717749300087,corn,176,0,25205.93780936231
49,1,0.18054118690559307,1.4039428225068733,1.7042003667055263,0.9327977729190968,soy,127,1,183.20856771313203
47,6,0.7101853748968968,41.55024883471319,4.106800966684376,0.5260933485170066,corn,231,1,20901.284975326107
26,10,0.17575487630900472,0.7625373143743914,8.40281520509175,0.24424696910019014,tomato,152,0,621.12529232717
3,5,0.8263739405777862,7.718530293060278,4.578371619194982,0.7956384074955626,tomato,352,1,8929.203469062257
31,3,0.49019678931829164,9.38964753973814,9.311592202329171,0.3188256178538296,rice,185,0,8688.384830089826
29,10,0.3359239248482007,13.577603163883863,2.093933719903476,0.8585391789991945,tomato,284,0,4881.775300399793
9,1,0.1834716727340639,1.3507391997714044,7.152613066717759,0.6284299070395885,rice,108,1,263.4256625356112
33,5,0.060037724952153926,22.443571544779363,9.780007237093713,0.4546837057579719,corn,246,0,3369.607767998395
43,6,0.26075494291175205,6.253552308170237,5.496586758565889,0.6007450227242898,tomato,217,0,3574.239730090833
7,5,0.8269170537891152,18.02433108459615,6.922146802541286,0.5795278916121346,soy,279,0,20649.11514464184
37,10,0.7276728634313934,7.648618104472248,3.9328733693504834,0.9322595613099259,corn,185,1,4859.702434735001
8,5,0.8743246515881116,11.881826659108462,7.513622059914964,0.2929267447854066,wheat,271,1,10896.02853324902
38,10,0.13564729295316708,32.579657761993985,9.088831691180767,0.9353426072965088,rice,49,0,2332.367785926211
22,1,0.553351931979819,0.1,7.030852614938242,0.12820693731386995,corn,261,1,374.3676617714276
2,8,0.26857790292616013,1.2286873848243416,9.359351185098411,0.792282953379769,rice,283,0,2022.6322820689852
49,6,0.5115004499065463,29.236252276058654,5.886937867271105,0.9277013176404086,wheat,196,0,17650.26900696535
10,3,0.32238665272893685,49.510735437579214,5.771797267069179,0.4546469718878766,rice,41,0,4259.346218041172
31,3,0.2909457177068539,32.046419594577955,3.0469692537034443,0.16576046829574054,rice,220,0,7564.270492365028
10,8,0.5377685067209079,35.23298274535672,7.0965652841466955,0.824200778344339,soy,292,1,19446.249146191552
47,7,0.20582043758910928,5.729098640943132,8.819643265039797,0.8585783701225616,rice,185,1,2176.356839644679
38,7,0.4487634214262993,53.761862423681855,6.463515945063184,0.40263164918960814,tomato,61,1,6158.744271506173
41,1,0.6031904252874296,13.38998885804668,2.331159166765231,0.5667339571173156,tomato,162,0,3626.187771334943
23,6,0.15895476220538346,2.9022957744171247,5.4415470381021445,0.8285221612091346,soy,364,1,857.4830735679463
24,10,0.8410051302453685,1.8898174020544503,7.5596182320972,0.2728386795251076,tomato,120,0,3180.200462775902
33,1,0.47986599453600604,4.373500836226814,9.393693785412655,0.666078180752143,tomato,207,1,2980.6675896926354
40,5,0.7465987761016909,18.558748287686036,1.566803899156019,0.4875675935642373,wheat,149,0,4339.658530155793
43,5,0.6058196160279039,42.83710277427501,1.2758434125746392,0.2569741770288372,corn,269,0,10933.732356024957
2,9,0.6535008000391638,6.809494271295639,4.130022358798827,0.8482961865258636,rice,173,1,3232.9696404286533
34,3,0.6587112998439123,18.101575022437295,1.256986083456646,0.3922127489799341,soy,159,1,1471.1118541661094
7,5,0.7938349125022518,8.761944301562856,9.80430869613868,0.9409835040895146,wheat,224,0,14324.116443222429
16,8,0.5715646197898855,0.3994628082301086,4.24361936845831,0.6120404828378218,soy,222,0,1436.190677097001
42,1,0.2864845789631812,3.0552021269541134,5.336571580159982,0.5630589832462646,corn,197,1,879.6610086359527
14,9,0.1345831964356386,2.052035500400983,2.2716507251464204,0.4809753497974232,rice,116,0,352.816931251914
41,9,0.5653130265326203,13.980304648869748,4.491812109245756,0.4606038008706749,soy,66,1,1359.439918573747
24,8,0.10639988320499391,0.3595724414748947,9.846954654677337,0.8361696473533935,wheat,262,0,680.4700727604346
13,7,0.2550994339361007,7.298145470618559,4.887382826518329,0.7097507645375134,wheat,144,0,1467.5153626413344
18,8,0.10160110691162497,47.890166475271485,0.08923043411905762,0.7963211180110802,corn,235,0,527.0241014767364
28,8,0.516554450655582,2.102344755726544,2.426032774976055,0.47897574365008777,wheat,156,1,987.9354430392909
39,10,0.1862874062014378,3.4154576143694237,9.784569849954563,0.3352935022324619,tomato,316,0,3822.9872546678544
31,5,0.5688462215184523,4.263932739667385,9.890686066593915,0.1781786966753638,corn,267,0,7481.828123647456
47,5,0.7222353612337775,15.143403406605405,2.105720404627285,0.7989903909856403,rice,165,1,4752.370139993259
44,7,0.7485986126560831,16.922188615084803,6.153025614350692,0.47374878746593374,wheat,141,0,10415.20573345726
38,2,0.3131119819169833,3.2989614012319763,0.7700063967236392,0.5583012328870147,soy,281,0,835.3684050297227
31,9,0.5166113527903217,7.13623157945309,5.774838982803847,0.5224089116773408,tomato,32,1,694.8608099493264
16,8,0.5285591460734052,6.744661300780578,1.2600810941628877,0.48802407073231613,rice,49,1,431.99183138522704
22,7,0.4519541048310416,2.683073471699169,8.186796574902935,0.7155096193610648,corn,58,0,974.4273589807176
7,4,0.6068468077110502,2.994454649057554,9.395810301034842,0.6478607041827478,rice,146,0,3554.654138260181
20,4,0.22857405525000352,34.45291041064782,1.7306950936867769,0.9748484187798749,soy,196,1,1427.4440667842587
47,5,0.8823567536487752,1.634394415597571,4.627658973779646,0.2250135168843085,corn,128,1,1630.360195354784
22,7,0.13336785302729257,7.027497368251327,1.021327941747867,0.6161673819094451,tomato,93,1,196.6383718233793
7,8,0.7548379700226513,1.7210622855815179,3.392060930722677,0.1569161470620826,tomato,135,0,1163.9506572657772
33,7,0.5549815889085097,10.891550068761022,0.6519124498505043,0.8271265768373799,soy,196,0,2508.2163947557247
49,10,0.25812653511465855,17.473742246468195,2.6462007336462534,0.6546801999259838,wheat,129,0,2265.2862901969675
44,10,0.6838237505612549,8.962680610999474,9.902246447225926,0.48554093439328416,soy,222,1,8459.459177185416
15,8,0.12180876132551116,4.864121499933756,0.44698806994669715,0.8220120891795515,soy,158,1,167.41500525877393
24,4,0.7082551592814657,16.00480915000186,8.589824327857087,0.5095023476424204,tomato,343,1,19549.10201375035
28,6,0.5514874389065615,4.374978690524292,0.7754483249632945,0.30500748578210246,rice,363,1,2535.7471929239873
14,5,0.14413777063694136,26.958235134484905,5.290440314242485,0.5252506849993033,corn,250,0,4937.9672842765085
15,7,0.1175797286285147,4.659552110644327,4.52174580448103,0.16374861697360527,soy,216,1,305.4665535682415
13,9,0.6882108834209931,3.8512838509992933,9.315615045546428,0.9080749986754487,wheat,40,1,745.2970281004837
50,4,0.29899552052826156,40.09821229196013,1.9912995729886107,0.757862537261015,soy,239,1,3250.797227014051
38,6,0.8059065731521314,42.02350860403288,1.7976404717809717,0.7842842075935249,soy,157,1,5064.983569687497
43,1,0.6977620678756496,4.613674171956229,7.487392171589756,0.887043973616598,soy,127,0,2746.1307548821214
42,8,0.6434617080100586,39.20722048646532,7.257469011530439,0.8124153299335752,soy,296,0,45951.521011977726
48,5,0.2868151447384333,41.425428058810354,6.992118523157496,0.4886673312280958,soy,44,0,2324.8621464036523
7,5,0.6526028411683753,5.218584500608016,0.2622450346076349,0.20677276137290468,rice,117,0,517.4397083691504
45,6,0.8559255318376089,31.081212637506535,2.6003369075623617,0.43602830198285747,soy,290,0,15785.587211593609
5,3,0.12782585921498357,98.1250191517352,8.399111883365139,0.94067624294175,wheat,340,0,27346.846329479216
25,6,0.3272382457030311,0.28529929873223964,6.00898035644627,0.9541814421082417,rice,202,1,1090.0927463067815
31,8,0.24947142564235503,25.734448435368147,6.0223470124010845,0.791083778971416,rice,207,0,9607.95644235402
19,4,0.3842626142405667,0.1,2.959870137442712,0.28398752476424877,rice,354,0,1369.7252210869253
9,2,0.6809827566258545,34.28445312841882,2.6024707124809217,0.2750048726177446,rice,61,0,4835.058611421596
11,4,0.45310619421157855,2.537909136941322,9.46560232529453,0.8917943597926483,wheat,191,1,1821.413519571369
42,2,0.5351210152022093,25.347139187020126,7.2778250332532695,0.2277243307100123,tomato,111,1,7722.53494142218
17,4,0.31703165486659096,3.610278685886198,1.2695343119005735,0.6257237295992403,tomato,190,1,556.9144005424349
17,7,0.17009587702403545,6.0539945596288565,9.377131714495494,0.44042651405116107,wheat,334,1,2019.400207629527
47,2,0.27689360159706927,5.5403528441809105,5.824119148028731,0.3718099071650589,corn,230,0,2600.863166145165
9,8,0.780728256055689,6.460901552752505,3.334290307203924,0.7096438231092824,corn,363,1,6329.301917728367
46,3,0.5620544178303989,31.54946165879243,3.9719973245495845,0.9636121689867441,tomato,199,0,17873.78531639669
47,9,0.37129037221764866,7.574742388162262,7.25431969901583,0.7998703644162687,tomato,319,0,11279.553530609383
31,8,0.7214200844752494,9.389099059447252,3.7633502442091498,0.5375463337913986,corn,87,1,2315.067274899505
10,3,0.10478881758667244,0.8652074723300253,5.787869246386952,0.49664035738199475,rice,137,0,254.82903834201028
9,6,0.26580742473402785,9.381279715544151,7.105284466987401,0.9168977694901481,corn,122,1,1592.5060876170537
15,2,0.2455876809487384,4.346359546250275,1.9545545980623393,0.6202963886263786,wheat,288,0,1001.7973888005166
30,1,0.8875598778429888,6.029865170010832,9.44247062093925,0.5469751207595758,corn,202,1,7138.338845964776
9,10,0.6501837950338463,18.564890243828238,3.562371541582663,0.7145522825782807,wheat,104,0,4045.51366847432
24,9,0.575118045930271,5.189152697783523,4.194328196012067,0.3134384354165738,tomato,88,1,1244.1287707345793
7,2,0.05423722050030197,6.74774852200526,6.985445164310339,0.15736193881739172,rice,159,1,270.41940598700654
28,3,0.20666350177637877,15.566905562699771,6.088242108788254,0.8696002964368096,wheat,81,1,924.4130457480699
3,2,0.5902100990271165,6.069308066044068,4.401758249554853,0.6465355306295112,soy,264,0,3692.2814094406694
36,4,0.3727614275094159,17.29375204178386,6.497770660967614,0.24838939110256195,corn,315,1,9404.328332010573
4,3,0.8356383261272018,2.9843811351093374,9.028380247412874,0.36824313385067253,soy,355,1,4611.22496289199
11,4,0.7000155862704942,1.2624876354827423,8.00303588283754,0.9909401613305777,tomato,109,1,1109.1139267206968
10,6,0.43027646188350194,4.475914386105246,8.242765840537782,0.6709812692172897,tomato,177,0,4180.168390416925
42,2,0.68708773090753,12.541284220383218,2.584825677264562,0.6725009268704102,tomato,199,1,3977.6246713704522
4,9,0.8790936752522883,3.7983020696515744,4.194614089627079,0.16494729688784981,corn,196,1,2125.960083508208
23,8,0.44183370099625,76.46341169838881,5.538637597398939,0.9720925608195387,wheat,182,0,25043.126699699347
30,8,0.5961470047052534,16.25922102477462,0.44286400079566784,0.9035046006028485,wheat,103,1,1016.4145444063089
27,2,0.8308649228021009,6.471862375179681,7.698152011592869,0.5930041980368984,wheat,67,0,2925.8731028783864
35,8,0.2613734627307473,74.73186574783513,3.2353107807264743,0.37845002480578616,rice,165,1,8401.533488586943
41,9,0.8035742266163366,7.025775107473631,2.826678184332102,0.7282497055474825,rice,60,0,2833.603349573488
21,2,0.13291300075703527,0.16406605310356728,2.5936608015521077,0.8500369550246822,tomato,51,1,58.89833595096541
42,8,0.6011809449994996,9.82412498080123,2.834509274935224,0.8075092688409281,wheat,206,1,3357.4411624247828
17,4,0.7154124317974168,18.81635415285293,3.380810306746165,0.9793426348430909,corn,318,1,10813.889670819448
50,8,0.5724152863645622,5.115109695978258,6.0486407562035165,0.6731698588002483,rice,211,1,6296.020839249989
26,5,0.47120458352966155,1.6611841234198914,5.836069653678732,0.3891028884029788,rice,37,1,312.9379819147118
38,9,0.5747450349368332,43.7779459580805,2.5578618242651516,0.5481348517616803,soy,312,1,11001.264812910122
44,2,0.1789141524625279,8.221945201844733,2.0650363414555017,0.8346854511555548,wheat,259,0,1372.7130400741376
40,4,0.23323510378068557,19.907187786334866,8.263755542523496,0.3388083284938397,soy,131,1,2170.7421028997783
43,3,0.27941444236289065,28.27232216732616,0.9281406534259891,0.3082674294495923,wheat,121,0,951.8060808673824
28,3,0.5581124395355325,12.877314240403193,5.128715589168074,0.7523511222938236,soy,332,0,11683.903803271987
4,4,0.4256159126833099,11.57696527366192,5.206088181018572,0.49998468386386974,tomato,189,1,3545.9319431701965
26,4,0.2578044661129636,10.274247113746219,5.741793931309405,0.8349133556707503,wheat,77,0,1177.94281240349
10,2,0.8003879323228932,43.32088113211362,8.85661550895545,0.22931522754309003,wheat,124,0,30653.900810897634
45,8,0.36783356424923985,5.878696452564694,6.239515487007583,0.40212681683446605,rice,118,1,1897.9091687816453
13,6,0.42912696134540745,21.566086819912112,9.736364028713986,0.3412899159310911,wheat,164,1,8196.20671141957
13,9,0.39824591506664536,12.205799284708526,8.713659480403926,0.7280813332596462,tomato,146,1,4524.680144197007
14,8,0.20465151198523973,1.7730946853200185,2.1481878546126283,0.7833962919939845,rice,213,0,1007.3943502813992
33,2,0.6718829631156984,18.543138389988027,2.4125919189427862,0.5104024262979007,soy,138,1,2053.8900806657907
29,1,0.43118952292852925,27.593029952051065,3.4483965850157907,0.5302264387590421,corn,245,1,6682.890807583599
48,5,0.06381854340881069,7.1073433979377185,3.915752636386233,0.21882869451021653,corn,195,0,499.58764400006925
22,5,0.8694116470058275,15.111840095044387,5.530398207956647,0.7316452844317471,corn,345,0,25315.542657261434
15,3,0.7433990698561016,8.704713055771709,2.325893816330492,0.9930858702393227,tomato,308,1,5581.719228783107
4,8,0.6650254509780328,0.3601928558501683,2.224229465956543,0.8001296567486285,rice,141,1,1025.6628624409839
2,6,0.7887280899407496,7.201440070648965,3.8145181837234277,0.3008010908688653,corn,44,1,766.824739973647
20,8,0.8207861655647177,8.212499235870727,6.7205591090143075,0.660810465634812,wheat,226,0,11467.166414973504
47,2,0.3368662504267728,100.0,6.881568005348788,0.3654611295978276,soy,143,0,22397.743480358382
27,9,0.5693148766541939,15.73047381195507,9.761191283662855,0.12715889762465468,rice,332,0,35853.87588558331
45,3,0.5674866378247551,3.255301270610528,2.0249519237842186,0.2618405700902502,rice,166,1,1295.8952190597595
6,5,0.2772047184890074,8.769289371858568,3.9291986594179504,0.19233421503745723,corn,127,1,788.0653447941139
6,5,0.2386594137300071,1.9396138365157067,9.646810301892666,0.27633929821137476,soy,144,1,403.70520937496235
42,9,0.14682116659616878,32.469063894519515,6.900397417912856,0.8160439793041031,wheat,320,0,8114.035345438453
7,3,0.6104170665289849,32.94413740263646,5.9231929696953705,0.3635489206273885,soy,67,0,5457.449060421768
4,3,0.713781142376163,24.009337456819885,5.396920867962068,0.7813359558506007,rice,351,0,41829.61430923997
21,4,0.6968100325894533,5.361766459183941,0.7560282909824293,0.9539762993584937,corn,108,0,1370.3722356326366
47,4,0.3188340706072282,0.8293272630099299,8.933844714350288,0.6168458035609972,corn,314,1,1577.7304422275322
35,2,0.2244708728954219,6.574131101511008,6.255426648935662,0.5368680478090492,soy,212,0,1769.7326910594375
6,2,0.4355720516864286,34.26620727349915,5.717102411872413,0.7751144580312374,tomato,221,1,13899.83403574101
43,3,0.514791441204434,29.78455863828264,5.395463932875105,0.18738112590378103,rice,98,1,5633.751789896435
43,5,0.8312240587732724,2.4180372154485044,3.919750159003796,0.48539087873639664,tomato,272,0,5602.239531589442
41,4,0.793599681132946,15.50469302159305,2.547392248917567,0.5489421354388546,wheat,247,1,5333.388230580632
46,4,0.8286495816065536,8.69970521870488,7.553464531359508,0.8479461793585399,tomato,191,1,7605.751140902511
13,8,0.7727230273655827,15.843932598348747,5.0961656100988595,0.8327958942081695,wheat,183,0,9751.237118890953
49,3,0.8698940237708646,16.43048405624115,0.3403613833599139,0.863438823864983,corn,230,0,4340.893456292776
17,10,0.4456749975936988,1.4615757767326687,3.9915459032218608,0.7280856350809316,soy,188,0,1599.9897116901031
41,8,0.09035247281813022,7.406929942940987,9.286107778590102,0.5775002264663539,corn,357,0,2792.1867183827962
30,2,0.12102772732620651,3.4158162197455986,3.739571720847088,0.8450913892090439,tomato,43,1,88.18462509317695
40,4,0.38173472050649165,11.168607496905706,4.132916846247812,0.8859541737297426,tomato,114,1,1686.1737950998497
32,2,0.2690340275820477,2.360585199879995,6.239987269427302,0.5324361333929324,soy,315,0,1537.0345703756082
33,3,0.1944495026569072,5.453310157185679,8.016946363355007,0.9870957170998944,soy,296,0,2801.776527112204
32,4,0.8602232083323513,6.799837553361127,6.6849427159294175,0.8873363124812608,rice,146,1,5482.650653884761
40,2,0.21610665014902908,8.108896900161643,8.500697256498341,0.5594226988792671,rice,200,0,4457.880271993989
38,1,0.8654723814679464,24.20434603091253,1.1405918998199422,0.16235883581239574,soy,39,0,756.1652560494083
8,5,0.696713014273026,0.14148146915597415,9.24600094063317,0.30204284578470664,tomato,89,0,452.04355885789107
42,8,0.5948038213064399,33.64689490346721,9.039315402181447,0.7987587214386563,wheat,347,0,57107.03080225793
28,4,0.6246161160759717,10.9416880142462,5.191966717269294,0.20003883129881628,corn,246,1,6283.25942178713
17,9,0.33175317511025537,14.303519726923321,6.247797635634224,0.5228200596873369,wheat,42,1,877.6587931154188
27,4,0.5994629823495399,2.0253239711651148,2.1289176889638157,0.6443669728942547,wheat,296,1,1837.2590507101522
49,10,0.2086883005390755,13.652708428832677,4.480026432375908,0.8905121455334637,wheat,165,0,2957.876553465822
44,3,0.8470496176555826,7.562622997645057,2.0278309058372037,0.8624024766041319,rice,221,0,6962.22398191474
42,6,0.3065243389665045,2.184112249432232,0.22074481273125413,0.7878501289537595,tomato,317,0,2596.1101499417737
24,8,0.2669085354495108,14.556257170153078,9.809049778202398,0.46692481835007915,soy,311,1,5441.994914267525
40,1,0.6544883784650339,2.2531986294374753,2.5922060105863407,0.22802432890806737,soy,75,0,376.80276015945907
20,10,0.6079814103562546,2.3718282917569917,5.931489980669456,0.702684378602063,corn,152,1,2404.2989555111485
35,4,0.43360408059180944,54.995703718049214,3.0032035849950924,0.2631597602396254,wheat,121,0,5947.675423514482
33,5,0.5875792994871684,10.850409934342629,3.7068455804841385,0.6051830350677542,soy,337,0,7968.798329298315
14,7,0.18556911099672774,24.6127235717659,3.9782178242641657,0.98261036421701,wheat,292,1,3348.816341648265
15,7,0.6223290612916618,1.0326086324791983,3.3511322665162524,0.5952787982265472,rice,247,1,1918.6318998942916
4,1,0.2800190909159148,7.65640290831041,6.374360193640018,0.6810011805344027,soy,49,1,343.41280300640057
8,9,0.2819105801749887,1.8075119807323627,9.609401768615573,0.7098179247245564,corn,299,0,2401.399927350802
23,7,0.18785294470221686,3.032376884080048,4.286917865412325,0.8473495219079544,wheat,218,1,702.2124849465672
25,10,0.3325205647807399,21.943034361438425,9.733293913818597,0.4914826102963439,corn,121,0,8866.336354765612
10,5,0.33156340126462885,7.173757608415284,6.678304576210487,0.5477589109472479,wheat,178,0,2626.203765623705
22,7,0.43605215994692886,81.23725396226538,6.07175481401507,0.25837481253213096,rice,179,0,51402.036629287046
31,5,0.2118565789663971,1.3694391950493343,2.371801414137431,0.6532118989637519,soy,129,0,384.2305050737372
13,9,0.21405640573495138,7.897288924415091,0.6301441382879088,0.36618220569195026,rice,335,0,1416.3192887886942
18,9,0.5104777859137442,4.663207160751918,8.519495768147996,0.5568622739998297,soy,338,1,4100.916575157622
20,10,0.15954579396990387,4.186907878518244,5.740236658378746,0.789901474158908,tomato,47,1,233.35904603587556
26,6,0.6355624567905099,3.673239127381611,4.144724210386395,0.11581291421378795,rice,344,0,6849.63975894529
19,8,0.8523550569832071,13.71944109121911,8.119861253562746,0.6075239739259358,wheat,165,1,9712.21613696289
38,4,0.4127762784147215,3.7311646172972894,3.1064932453906104,0.25610051557962077,wheat,298,1,1426.1118219154723
18,5,0.8159395161780753,15.70835950059378,7.8363889423889095,0.35144500580546834,tomato,292,1,18599.061437746288
23,8,0.13356910245698478,7.488330898031258,3.280310390222564,0.13124195207829814,corn,231,1,789.5296584095063
20,1,0.08651398326929788,14.665310685219772,9.208890982855232,0.252516484167312,rice,279,0,3539.815332571184
10,8,0.663163545886764,3.086427018548237,2.6804007776935688,0.9879664539584366,rice,258,1,3355.115065075315
35,1,0.6968683370342721,36.19861130669955,1.3764036216281368,0.9986704850793807,rice,316,0,14704.582493048965
13,6,0.7665995048208887,24.06721894140697,6.98126898678577,0.7478631279006828,corn,172,0,23890.710645994594
16,5,0.09829502663998421,12.28167622400313,1.629309683394643,0.6506711692940742,corn,278,0,787.4844844647655
40,5,0.710370996713306,26.22213055436786,9.493681139839566,0.7993062577893385,soy,359,0,43444.18312256979
48,5,0.3700579228770945,11.37676697450357,6.555895568776272,0.9068988449666455,wheat,348,0,9804.79564446316
34,5,0.3078369877798688,0.10238649282510327,2.3093757521839753,0.5673745536088673,corn,79,0,383.89078157262105
46,5,0.1970703331418024,10.799588169580616,2.088980523920002,0.1317555994759311,soy,197,1,683.4902487035762
43,5,0.896613391837148,7.462447234781366,9.238826516165096,0.7384562385220474,corn,201,1,9927.981772163164
25,6,0.10411405092103408,6.99976371008793,6.0789712705860595,0.9861422518651802,corn,239,1,872.3326407811442
39,8,0.7529568124167996,18.371314854881405,8.937466330717495,0.33224766037476516,tomato,247,0,33463.270102898634
18,6,0.5935702701669484,2.432440313635414,1.1031418232534063,0.51711900891499,corn,314,1,1609.760143453893
24,7,0.6748183776225871,39.0717440716441,9.253996563596182,0.4251469609461531,tomato,208,0,53469.73178276781
28,9,0.654959551933527,18.12735714786421,5.20097307062889,0.4514207448068771,tomato,265,1,13356.567730655757
49,10,0.7796693123122052,10.111716558134042,6.6845507413971745,0.7492599944878212,rice,332,0,31129.884875708645
43,2,0.20622325937769204,6.139156112712473,3.7293818399412655,0.4405639507804451,wheat,64,0,364.3927571185694
25,8,0.05070092430948257,33.68656482122339,0.5923440797362561,0.946975712912854,corn,245,0,577.1080710607655
33,3,0.5587492156867763,5.269490226356237,9.57976644097695,0.8106926083872044,tomato,153,0,5413.226945806051
11,2,0.3507798434248338,63.40199291855758,9.945988692755712,0.12488232257892562,wheat,334,1,35681.286345659726
41,8,0.15521923144956704,13.616418432878799,3.6461039407556695,0.8366939938303523,soy,215,0,1913.9424130111215
29,1,0.20821794098860302,42.11288355326659,9.438735429590045,0.7955716801947927,soy,232,1,7946.312627361062
28,9,0.33198691559033944,4.857524043271942,1.6780951833246807,0.5648443555431102,tomato,283,1,1784.6043664619995
39,8,0.10969836525369775,43.82528792826463,1.5476898121360967,0.5471356570717723,tomato,111,0,1048.0152138854564
33,10,0.09837622180918323,27.92795699855164,0.7320452882517057,0.851974213120258,corn,212,0,936.6356756131149
5,7,0.8286223166075776,2.3842894832864756,3.9133028064339235,0.48230676024673147,soy,289,0,2800.166223275152
16,9,0.31528733695064176,25.36911739046563,0.5239701995658101,0.2435161089639686,rice,291,0,2790.9840768996232
10,2,0.8848960928525472,15.79936853977356,3.947177238939355,0.3816089495641294,tomato,106,1,4356.531805573331
38,9,0.8697119570808399,0.42927095236740553,1.3847658960680325,0.3386821630217404,soy,311,1,3364.7426646321387
3,2,0.17118558997804673,38.59351548688899,7.305547427934001,0.7129531266863053,wheat,84,0,3440.406332543218
11,4,0.6576856574617623,3.0495480509064774,8.333793130714744,0.2609860150367608,tomato,119,0,2312.5267470434665
31,2,0.5606841557580089,0.943838870669734,6.878466462535084,0.6802951927895263,soy,317,1,1202.852721732903
36,5,0.6370500121393806,1.0622508833649025,2.0057410302091228,0.5193702525373857,wheat,237,1,1606.0989985663794
26,8,0.13176235001230358,2.015439567267147,7.66871508088665,0.8556948364706036,wheat,212,0,715.3862742207435
44,3,0.21027606683937433,25.840980523643555,2.4957524701357165,0.5364988688957212,corn,217,0,2822.0379657569156
47,9,0.11514286223324927,13.99694881754344,7.595126481088307,0.9368235411124446,rice,355,0,6527.7965147845825
8,7,0.5635140744345105,13.877130402518572,5.674408351389013,0.9104222150970289,tomato,106,1,3563.5467964752766
48,7,0.8886024144717275,0.10110874808487633,3.667758450395806,0.26675882119362054,soy,130,1,1215.9106463953087
32,10,0.6211868570092502,10.114871955636753,0.8358402877825609,0.7175497171166952,wheat,194,0,4051.1709515905486
33,5,0.6541473047686402,21.28650045663023,8.27526758856045,0.2931622742086977,tomato,314,0,38876.6742328528
6,4,0.8868972853117889,7.85492052788104,9.396589555061455,0.8409738756074119,rice,214,1,11621.50416195786
32,10,0.6263098210460267,3.811870744242159,6.659511882226375,0.6721508390829122,soy,273,0,6947.293125752947
37,6,0.08415433673419978,6.8795687082997885,9.645451125367694,0.3647059248534861,wheat,304,1,1269.2090823023018
30,7,0.786954760728108,19.07553158853067,9.341180079010869,0.3242112655451558,tomato,329,0,50549.59944062824
6,3,0.35997654682197683,1.2281756981429255,1.9468893996367327,0.486619889540887,wheat,184,0,477.08466838028033
27,3,0.053709078287508066,2.040171154072515,7.312392273633537,0.8206506743150179,rice,183,0,318.22527730376993
47,2,0.48114905092669746,2.8015389776225805,3.493698889557508,0.8165454481355064,soy,57,1,277.29758349906723
37,3,0.8464627507448241,1.538519903624803,4.875686088295695,0.13003860299944192,soy,56,0,516.049057727318
8,2,0.2687310841157357,17.345040547439446,1.5704973460573086,0.3720584939238101,soy,193,1,690.6681097834373
49,8,0.4677861970949139,0.8433900779146416,9.747819501148467,0.48056586712274585,corn,281,1,2964.126833470618
48,1,0.1977103546150321,7.918494709420006,7.2616476933810095,0.6270238120998188,soy,311,1,1896.0183047627718
10,7,0.09903877091647409,10.387683008823704,2.66981618800005,0.23457430793322914,corn,167,1,291.5710090462121
41,10,0.11846320470614621,11.149679599544873,3.715345429990167,0.4017547184760323,soy,221,1,749.6790572957093
21,8,0.6679592700671522,2.568273309461885,4.225406785361016,0.8970373185111629,rice,303,1,4603.603807697188
31,5,0.7844633001308268,16.62434507391902,7.475589707714259,0.5288927620722846,rice,137,1,10952.296771456744
23,1,0.17180401336461743,41.800079237610504,9.257046970429075,0.7697289034390955,wheat,83,1,2834.6203400152995
40,9,0.2950707826388984,23.31651268306383,3.2150798897127317,0.5363006558467059,tomato,339,0,9786.567359024895
50,1,0.21577504749810322,53.807688887956296,4.725528382715916,0.5184843187604172,wheat,213,0,9154.078159933288
40,7,0.07282741038746374,48.72902462577605,5.932482520774178,0.6597329725751536,corn,82,0,1529.1480738155658
47,7,0.5204166644039361,1.6508109918238552,3.934046580010756,0.3334280609706558,corn,114,0,1631.3762503779203
48,2,0.6449338446170004,8.128074799850419,5.042309052333487,0.32482188937562495,corn,139,0,4138.061761475571
6,8,0.6006958587523099,34.143350970083304,1.0579705825719998,0.990418469402448,corn,97,0,2692.3133713311345
14,2,0.37984551520691046,0.931462079368244,1.6775762028139405,0.8820928083873001,corn,176,1,578.3614439907382
37,3,0.5217587090489195,4.081064446215422,4.01161147094423,0.7639794068046801,soy,303,0,3650.8117955500024
30,9,0.12998441064079097,3.836743777904883,9.149475178693754,0.22343008514997992,rice,277,1,1513.9928742497586
4,10,0.18115816091428177,1.13084967085288,3.4942310994005914,0.12720224006629,tomato,338,1,291.6794592315829
6,3,0.8420254266200359,20.0075991405232,2.4986782932415315,0.2578712537773837,corn,310,1,7413.01744122655
27,10,0.6972815856469123,19.46013371705415,7.42887934627191,0.9439578680567681,corn,134,1,10664.494706676613
32,10,0.8343282314513922,23.78788236685011,9.491352530600016,0.834660793224089,rice,49,0,12093.184794872583
10,8,0.8291782418244622,9.68594685542081,4.591777047018411,0.5707684112397188,wheat,80,1,1803.5717087753617
10,2,0.6019837245415796,9.160609237822088,0.08704095071626386,0.9719025322315396,soy,296,1,1142.9086972380676
8,3,0.8390028508953404,41.84964890916419,6.881805165424705,0.23192389261207091,corn,144,0,35277.43846613601
29,7,0.4041984876200937,1.221091490522075,4.151192955359833,0.6032353960054332,rice,272,1,2304.796155667005
2,10,0.0530738080671998,12.721906758987815,6.736781720625537,0.26489991375883887,wheat,183,0,715.4285708572583
30,9,0.10318544846923547,11.489140258963184,2.777887441776206,0.37578574432387535,tomato,330,0,1896.6971044328618
25,5,0.14306422684569292,46.56558011158442,0.0250790300258072,0.9461215170669031,corn,200,0,494.71400849178957
24,3,0.13105043520543122,42.50931400971605,3.4456176912372922,0.8814506648938152,soy,332,1,3106.240665903868
35,10,0.3489470322227239,5.393764122806316,7.048218633786803,0.1916189070675275,soy,114,1,1065.818753362264
27,3,0.646080186042954,50.428627744785025,3.9317397168088832,0.32458942500484467,soy,291,0,27240.963864332854
37,4,0.7220514856104208,10.205448333769956,2.1925222223926064,0.6350567226238455,soy,206,0,4517.487262237453
39,10,0.551681283192931,19.534140566274296,4.640604634476881,0.15521750860674197,corn,93,1,3660.381514681522
47,6,0.17447074837343263,40.043069284627386,7.523732884460556,0.5950761826162937,rice,108,1,4140.744086615603
41,3,0.685716361825949,14.202958042661741,1.195211434836268,0.6260422922146096,soy,135,0,1838.4048621849372
27,1,0.35158163126695907,16.197908477876876,6.917828584432832,0.36187046319741356,corn,82,0,3549.7833196394595
26,5,0.06104434637102681,46.42091453437835,6.67377289401567,0.36381068211261103,corn,344,1,4215.949411805917
13,10,0.28850032745283694,11.2244739596354,3.7080080589710285,0.3061713418930637,soy,101,0,1099.5489767828763
31,5,0.33101047101983117,24.381263438732844,9.703391577603565,0.9421087331764385,tomato,230,0,18341.134565132405
8,7,0.2831087049353875,29.045681010121903,8.947158289504035,0.4499840266291697,tomato,221,0,16503.61010908082
47,3,0.7400896302094477,3.2102273934120245,3.1622986465398966,0.6267421568025013,corn,211,0,3546.048585213007
43,8,0.6959374379549768,4.026222420781712,0.311879842845037,0.37141711682816314,corn,240,1,2821.3470479838547
7,8,0.6412192258507453,9.683406596436821,3.0837397626440217,0.7323976039734138,wheat,337,1,4328.387482849091
40,7,0.1681543167354255,17.23119628186013,2.0480147034678917,0.1912971439527783,soy,355,0,2175.547889553397
7,8,0.7366588232503397,25.533920510071837,5.47297188856188,0.16447738878519758,corn,323,1,19611.535531787857
37,6,0.6255995674138252,0.789867827800817,9.187525467400365,0.7698553845236976,tomato,184,0,2512.9776775961855
6,4,0.21561203350918312,27.72523424647486,8.703504762865178,0.7540011624838149,soy,274,0,9851.76242944269
25,8,0.600879840739289,26.282626625175975,3.0589857274926024,0.338501202526596,corn,92,1,2980.011675221185
34,9,0.4609848948531289,20.61604378713671,4.286546738022815,0.4195420414522195,tomato,326,0,15991.351126097241
37,9,0.42344755257779126,3.5213363884185918,0.36638544859658506,0.9615344511995401,tomato,95,1,856.6436621543505
22,3,0.14530468895153048,32.27532453509834,5.442090912983846,0.1938972654957829,corn,68,1,1228.7816919544211
47,7,0.49055863446839054,0.6954802673041085,0.6346164325272379,0.26483235989200393,wheat,308,1,1956.8875872829951
39,1,0.13494203762650908,0.7756099556308991,9.386123056124767,0.4870345284759099,corn,284,1,371.901705494598
12,6,0.18961537916612664,5.522996548917602,8.66947141468787,0.35388901544997264,corn,76,0,782.9767904208078
34,6,0.16266436713354832,1.7856275924462486,2.1426620767485924,0.6841076937689864,soy,354,0,1052.5222882045687
37,4,0.8609920372095065,0.564424149781868,6.993987429940593,0.721541550652016,tomato,67,1,828.7893408212261
18,10,0.29213498687730655,14.87793284042236,5.680635803950898,0.5737492755010857,tomato,46,0,1357.8986132771747
38,9,0.35192367505660654,30.034844701832963,8.013775767449314,0.6500775712624929,rice,351,1,25680.03681448556
46,1,0.32376851535163065,28.051746900415118,4.757045415408449,0.4900787488183104,tomato,104,0,3710.643271804337
42,3,0.8135128784014223,18.22219459440989,1.9185279346871142,0.7843485283526495,wheat,108,0,4318.212958222438
39,3,0.5285210246346552,3.235367657079404,6.398794157828195,0.13788864806164278,wheat,296,1,2726.904369755602
33,9,0.831285914093315,2.8057111250768068,0.8037229896324541,0.3816022029902928,tomato,234,0,4861.221119572949
15,6,0.3049361699537112,50.687166009327136,5.846295323693053,0.7159870372554047,rice,204,1,12488.340787571382
40,8,0.14760947326715662,2.409342865696792,2.127835349839111,0.3966805970878442,corn,361,1,1051.5113183126095
19,9,0.5227856848155484,77.69861420659791,6.849679434798479,0.17068175239865452,rice,59,1,11559.15498772119
28,8,0.3437064430215149,41.11657390934656,8.280603574119358,0.4105120856200978,wheat,341,0,35157.32954274832
17,1,0.7316208084671361,9.48290197619547,1.0961377680914426,0.7403452946097969,rice,120,0,1827.5311292428185
17,2,0.7975098975749099,9.487711993246096,4.003285252933775,0.209786378727986,tomato,239,0,9211.243371948372
9,4,0.451687484271011,3.924111674902308,7.335482356172192,0.7521682277904891,soy,138,1,985.5535137180433
49,4,0.8756551704726822,10.135104283701223,1.6378669121270661,0.797910144721818,rice,128,0,4900.605052747363
9,8,0.5200610553927449,1.645241542661057,5.6656701766870965,0.671770669980429,rice,137,0,1471.9872574301626
6,2,0.2802823343783656,10.53930365866926,6.718717979775356,0.3198106437023298,tomato,217,1,2858.1651065104543
47,4,0.4656291880426333,32.30531773577245,3.548581278786583,0.8247658214755552,soy,324,1,8805.120278457409
29,3,0.08171374854248847,9.733600602884172,8.319990759751809,0.2929982516006188,corn,67,0,495.0139285287311
23,2,0.7334009862236075,2.295690029598919,5.107071192282092,0.9152388569542155,corn,252,0,4276.90840619838
38,2,0.13621979322625782,6.476443993252333,6.27032140456516,0.7359811292278738,corn,319,0,2379.8350098924225
20,2,0.3124362152275542,19.34287326013165,1.4095870942510822,0.14924793398235375,wheat,276,0,2003.3194045273349
8,6,0.5305190649542019,4.896278121923251,0.23257858515215787,0.8193584067954968,rice,359,0,2998.37854350734
37,5,0.08652885679986405,9.081275319348764,0.508434959679038,0.5557901863239166,corn,34,0,61.28479375822034
10,5,0.117419364304231,4.059820399942791,9.03929756183396,0.5073840066817462,rice,151,1,619.5108763135045
29,5,0.6416989039710609,7.191082096143884,8.826541200098264,0.47846007342863817,wheat,173,0,7178.557801154482
48,8,0.11101052910165343,2.8755876899291613,8.076106800179263,0.6459670597968252,corn,209,1,811.5526753834456
47,9,0.45552043631027,40.64517225940439,1.9969213002573731,0.7521206507046652,corn,136,0,6810.973714026347
19,6,0.3378912884076378,13.790244131654296,5.255061060843084,0.9063789541521046,wheat,115,1,1934.3839948918123
40,7,0.243867496762954,9.390908982825094,7.961374888383186,0.34565033165250275,tomato,316,1,4310.860907134738
32,8,0.2104620631841156,58.52275750224352,6.747017143376483,0.6676986456193813,soy,108,1,4342.540128788501
25,7,0.6988995996726926,30.83561886279471,1.1560964155657,0.717708350321317,tomato,350,1,9571.373523533372
8,2,0.8588108641777402,1.8213778999174617,8.955516456924425,0.7073174258082033,tomato,42,0,783.8890067616626
20,10,0.16915278087283198,25.20963223610946,1.6076632453868447,0.5437005830046729,wheat,172,1,940.4994969478179
33,2,0.8657290362980079,17.02675124397169,1.718785138439941,0.45192029338333095,tomato,234,0,8003.3297699069
50,5,0.5555481279538382,26.622319510404044,9.010185283077911,0.7861409353603824,wheat,356,1,30476.39118338354
2,7,0.5954113445587685,6.229625249392032,4.846684774006067,0.3700088236367213,tomato,286,0,6173.894087158171
37,5,0.6534374214211947,9.496859935238597,3.7295453677387123,0.2872478461584188,rice,34,0,1268.478403417303
43,3,0.6485010568013938,25.72581997518176,5.5370137662382675,0.5912462743841115,tomato,281,1,18572.367375527694
48,10,0.746839441957835,22.946346669580933,9.813991930988282,0.3408497718959593,soy,139,1,11204.909678695507
22,1,0.4609483536455428,12.462650450469878,1.1971849219551878,0.12990984648808512,wheat,318,0,2036.0545922084646
7,3,0.5033547993874959,23.536273071000473,7.569731539071861,0.1464181690440749,wheat,290,0,18910.183343841414
15,10,0.3252529520939035,1.4525450337397956,3.343924296579031,0.7255094737481872,wheat,94,1,414.51835829492813
43,8,0.1394689547156495,16.69184700733656,1.1713756592053897,0.9758312613928658,tomato,150,0,1107.9680648843714
45,1,0.6149441622872862,0.1288300773385159,4.219911620174034,0.5092195452634675,soy,305,0,1148.992999654991
33,8,0.07856847380831328,1.1872208221666294,5.487980024374985,0.23235501302626077,corn,339,0,648.92706884861
8,10,0.284289793420863,0.6802558881054013,2.060410415643741,0.8362748894764177,wheat,232,0,971.8271718187773
7,1,0.13009538477918522,41.02790996061143,4.053289321506929,0.33529230727634785,wheat,103,0,1977.8378702041769
25,5,0.21211808372431035,27.565703883430476,6.357124578697434,0.9960638154434925,corn,160,0,5651.301624409034
30,5,0.5929212759627738,15.649160689930707,5.764903749182502,0.6069377492443541,rice,297,1,10295.338129350348
3,2,0.5842051356741805,11.565090376474561,7.231882779954452,0.3093692937040906,tomato,231,1,7634.380905432813
35,3,0.40789667604635527,2.2933490193012673,8.364208924841074,0.5464042925719096,rice,97,0,1341.0913345638774
28,2,0.12664618001606748,1.9451417183183157,4.091994177361968,0.4018431446466838,tomato,125,0,262.9653621427938
2,2,0.41836782899049707,17.996588838870203,4.230249787346813,0.801524786164253,corn,96,0,3435.165715815005
6,5,0.3498331410795494,25.85356418791701,4.967424652417077,0.19523429722725022,corn,187,1,5655.526650152554
24,5,0.6623902799275573,24.80693748816397,5.663967430434655,0.8713024453292935,rice,179,1,15629.982654051446
37,3,0.5421726169691939,52.53647687110069,1.0841184197046787,0.7906032048377212,wheat,212,0,7454.850221587549
42,3,0.46783090223644913,9.576995862245841,3.127040906593546,0.8752274235113388,tomato,347,0,8663.056285102144
23,2,0.4639347699592459,2.4791013465350744,1.7197460619748655,0.9054943714374983,rice,248,0,2640.828790177739
16,8,0.871352354171356,1.9577952183800975,3.859141770678972,0.30680004064877314,wheat,226,1,2218.509894748475
49,3,0.6928500884479329,2.9215406228580822,9.73356737166779,0.5689052265057587,wheat,153,0,3781.411510799198
24,10,0.4724326263911086,49.7834501275165,5.827726835853117,0.8649299981497396,rice,243,0,36432.16258482159
17,6,0.45733922095563095,1.7007969816980104,4.294385817685543,0.4396491749045004,rice,351,0,4131.950334555525
23,9,0.07250723610921893,11.919502066359245,5.659803015341865,0.15436681911606923,corn,33,1,118.39453665385646
2,7,0.8511328738218357,44.35667142860326,6.691096477716366,0.3624709208846649,rice,147,0,46510.15424776121
16,3,0.3212978760022302,9.560031009091,4.35009967944072,0.3177282803273298,soy,49,1,323.0286793910941
27,7,0.2675482195986322,1.9224710941662178,4.47765033272462,0.883056356820194,rice,98,1,646.7911350592477
47,3,0.8994975865795206,17.819149045407926,7.014309892687705,0.5174617144682334,soy,52,0,3588.806952359175
38,2,0.6608862207788458,2.4859697345179432,0.6095649694738069,0.7151898137016819,soy,229,0,1513.4376169776908
40,3,0.0902592073043948,31.92477134411982,5.401265602315154,0.9659072347224269,corn,305,1,3136.02273701336
28,3,0.10260265547174,0.9118361490046778,5.473730794364798,0.3692690671466834,wheat,345,1,283.5925548283199
7,2,0.07167632936616819,10.903257076843662,7.567765859022681,0.7850796017746562,wheat,109,0,632.4863105868301
21,1,0.5596760645859388,20.34923345531424,9.826464878614244,0.12048770936684929,wheat,265,0,21954.05870630141
50,10,0.11082982505265904,2.53058627428871,7.957752113081295,0.19370455778037537,tomato,140,0,843.8327017882984
4,6,0.843380103318191,0.6330359023528546,5.03838233789203,0.24567858100295029,soy,136,1,432.04305825782717
45,5,0.8463705590192763,10.247683239983987,1.6953623428921782,0.38117650318525764,corn,234,1,5092.04138987743
35,10,0.5141459567358678,7.31694000373783,5.8830214553600735,0.4626884936164406,tomato,258,0,9512.731797959172
15,3,0.5741430916865582,4.378491206112723,8.343154568240147,0.5293143016590289,tomato,226,1,3584.44083361642
40,5,0.29811024129646235,16.591644233903633,9.32420822238968,0.32079821165505773,corn,63,0,2657.332172534178
43,9,0.10437666104703233,18.795904167091262,8.25327848456151,0.15959378764912235,corn,167,0,3333.0518156725743
4,7,0.6768413784130433,40.3326399238618,1.8904970950192725,0.709770782656219,soy,125,0,5292.620921173331
7,4,0.13651809043666485,62.20336556116991,7.126046067628965,0.12129521818083802,tomato,31,0,1810.9640229467052
34,3,0.12272399486563416,9.452821594187682,8.801669319910948,0.8285235713728524,rice,43,1,334.16480313916105
50,1,0.3145396428235902,0.8938742845609005,6.810488649303125,0.9362393426360812,soy,181,0,749.4012997438797
3,1,0.060595810862199756,3.8229735321681217,6.8578346572412245,0.7393320222936709,corn,63,1,85.48683792786711
34,2,0.4189302733928686,0.5045643451680343,5.002122700224537,0.6363644655473487,corn,278,1,1054.793315819828
8,8,0.6515287735680653,8.135647029399024,6.370125245032926,0.6913166763957695,wheat,48,0,1361.7352503932432
33,7,0.7311465917086482,1.4995258860564202,2.944512811510988,0.6869998419558349,rice,109,1,1672.6051818436104
32,5,0.5636612082290832,39.69387025690223,0.8890120577706663,0.9385346224598504,tomato,361,0,9740.834350375922
6,8,0.7698430726468257,0.9143075952426396,8.277321332549258,0.9678752840745707,rice,268,0,5805.025782237038
35,2,0.39552687320204377,23.097167942166415,9.431499929607766,0.48404047771739955,corn,217,0,18325.33072107099
45,3,0.7714562723014051,3.799812825602887,8.568366531434064,0.6553712585335763,soy,35,1,565.265306095567
44,4,0.48050231392362236,6.516809620207419,3.339801624254249,0.822526348360755,tomato,44,1,612.8819085702658
3,10,0.23958070879855103,24.266719827221447,0.9362079829279751,0.10093434145492376,soy,335,0,1451.0012593811623
14,7,0.8525237996613961,0.4418817400684774,2.802103737926434,0.5743143251449441,tomato,298,1,2549.6946212815405
13,9,0.28372524276154903,2.64070069133593,8.428510922723191,0.6875887058359279,soy,349,1,1681.0966292229964
24,3,0.07227126155962414,9.400573198429226,6.558489261824528,0.7454849047638235,soy,301,0,1128.818414976312
9,9,0.2562729365117729,14.562222478864404,9.666975746785269,0.43191046845665304,soy,30,1,502.19265400214533
43,1,0.36168442706881354,9.571185330464441,3.427467503352597,0.36607997855043306,corn,300,1,2654.5821745429257
40,3,0.34864723079587445,10.976441749153363,5.515169730796133,0.26392830991111765,soy,183,1,2284.9897269511416
41,6,0.49596738302703586,17.794107183052716,7.900592178160641,0.602033994147416,corn,262,0,18758.13941865628
11,1,0.800657849730535,0.5591093838628307,2.3406854353753914,0.9273730890269094,rice,169,0,2166.0427706341243
2,9,0.2984874930432443,6.004204430430911,9.640935656621998,0.9063803356516433,rice,272,1,3864.6831674797527
46,9,0.4926550167652935,9.07798427338793,5.924384327245657,0.4239693344419232,corn,312,0,10027.442128671591
16,6,0.3391181106352074,17.03096370731776,0.07996773563321224,0.3320696259443824,tomato,357,1,884.1650973071671
34,4,0.7485071004672204,9.0547281191449,0.25250760300449593,0.8099144404036993,soy,211,0,2312.225299300064
46,1,0.18396128629520664,7.566471060966438,8.82227794799955,0.7524820164197694,tomato,123,1,1106.095289685978
3,7,0.13798372806354972,4.949647424795864,6.453169996083014,0.554805848023743,rice,235,1,835.1605273308003
2,6,0.47754596525196147,11.353681050110138,7.630962118119558,0.45012723358497175,tomato,197,1,5593.324148649609
2,8,0.6211044479006681,2.9567139733558547,7.8403759935681245,0.21141811337065747,tomato,98,1,1040.547818736214
9,7,0.7261964209271515,1.2089381713702476,4.2051773027315145,0.8066247301830128,corn,273,1,2103.839128080362
4,2,0.551181124969519,33.19937516079764,7.9863138501768764,0.6557179992235277,corn,55,0,6810.295927673846
42,2,0.7077722971211505,14.419101232165609,9.375386915680568,0.43919351176421506,tomato,165,1,10419.141376236388
31,8,0.3838035497767852,1.5166453132863655,1.7225389065884467,0.9269091784601196,corn,262,0,2891.0136404670643
50,2,0.07793751972649862,0.35146892814642305,7.641599859020665,0.6937054357706759,rice,339,0,538.3841190029965
41,10,0.14868441171632307,15.128747104086932,3.0786122841480346,0.9363149801593716,wheat,238,0,2207.9151769962377
49,2,0.08291421104464675,23.511682433683468,3.215608537535485,0.5269712143056795,tomato,359,0,2551.337637526665
13,8,0.32960210290501873,10.999672408575933,4.128135755512826,0.5091560416575369,rice,309,1,4627.234572881658
16,10,0.47116764007837997,0.5583536171251258,8.637331479560947,0.9435153612826717,soy,109,0,842.3286911952999
43,5,0.35286986110839846,3.037578766725125,0.22153861703318162,0.96381228541918,soy,313,1,1283.4412592904525
13,1,0.5265095538064334,0.8449362879528928,4.33982814189583,0.9646905869909976,rice,142,0,1533.2419762935
4,9,0.4585177762188695,21.11561915244809,6.800796448043137,0.8370076545166986,corn,242,0,14329.819477402387
34,2,0.6262513815843492,2.427633310062019,1.1050441673669371,0.5161655303419048,corn,97,1,531.1645085339818
41,6,0.6169178390288953,27.250161896312854,7.922743716577148,0.28926936484215293,corn,210,1,20554.471957687063
49,10,0.32035452504237755,20.06148265541868,9.419084076375633,0.44509679315004547,wheat,258,1,9504.63073696708
47,8,0.34428228705692776,8.873947815119303,0.910257275948709,0.9444677423660097,tomato,337,0,4699.543975135353
7,1,0.5473756483951078,8.601077843446518,1.5303284301709503,0.42719886557226994,rice,346,1,2827.2167285272344
39,9,0.5569675977072156,1.5616488908511346,9.740998152237083,0.7810456841411837,soy,299,1,3401.7103921264347
43,2,0.31749492659156314,4.332923590142031,1.9793585522166302,0.9307039159819971,tomato,217,1,892.8783555114535
36,8,0.3307702029091114,1.6427568329254698,0.7903178173563417,0.9733529465932866,rice,326,0,3770.0451395421806
42,7,0.6399382612082251,26.44024582088804,9.521973171422605,0.9529067321878205,soy,65,0,8278.075709703433
43,3,0.6002991994446591,9.933302675833268,8.926334475384879,0.5995518379500483,wheat,364,0,19297.95376913587
23,5,0.1647931839778085,1.291075801946681,6.557599001858579,0.5426920671857833,soy,98,0,229.045338768351
3,2,0.4248855977240844,26.013191950725645,5.514757841948246,0.9888764578911876,wheat,165,1,5571.122787096611
24,10,0.8088001669040018,0.9809683916651466,9.192407730331402,0.29636128412227614,rice,334,1,5877.917844261684
11,3,0.08085982468880393,3.7337603997977076,6.555545231039116,0.26877723551628635,wheat,270,1,337.80627856506266
7,4,0.7768893545115817,27.398593052792318,6.584308196491385,0.9668640679712516,soy,315,0,28369.79757168119
8,6,0.18870143350452206,14.199521578797984,8.437011956455327,0.7202753396417526,corn,261,0,6563.528763758441
36,7,0.4811613375924585,11.424180570921262,6.532803527246918,0.5826736088183421,wheat,231,0,8535.515638119105
26,6,0.41068596458455975,30.441108928633952,5.037265193489739,0.2188448135571751,soy,88,1,2880.1460069284335
28,6,0.05860993674024,2.7172880129584307,3.8978252574865806,0.5619162241146963,corn,364,0,490.2261216089914
38,6,0.8280873965261872,5.056158875484626,5.031835794019617,0.9497990381693995,corn,243,1,6144.808398479613
28,9,0.4366864432341598,7.488506666614748,5.2252640122228575,0.6426021910138046,tomato,254,0,6972.143059934218
32,4,0.8611280352465228,27.299008993337182,3.6089579793014,0.4641657601955813,corn,173,0,15287.350196986514
6,9,0.29373231583233517,2.0191611649069543,4.481735971394481,0.5959927013186156,soy,349,0,1254.290154615398
43,8,0.7863344074035765,23.577958219366575,8.018917456702349,0.897530578316006,wheat,181,1,13280.282533670661
23,10,0.8340311378962859,0.4286352640865558,4.165717173390203,0.9215637950217949,corn,93,0,2215.950999483791
9,10,0.5233075539151635,4.399360914784613,0.25657210658765817,0.4600793490876057,corn,90,1,359.1773037381636
41,8,0.2222761196875599,3.831013611645912,2.8309101984167175,0.6472549021908899,rice,264,0,2833.765002677063
37,3,0.6324603172898621,9.301892351862179,2.31818689905289,0.35128235141454767,wheat,280,0,5006.050874535339
4,8,0.5166313565500411,8.414639890328374,7.936026536307853,0.5059767665426288,tomato,99,1,2511.409570704374
11,8,0.852850215974732,59.42260892234695,4.4934812916596165,0.29789437310482864,wheat,264,1,31510.34359870496
2,3,0.42338125253891806,7.283888529032732,2.8038251198082964,0.5783250356790177,rice,365,1,3276.5811015601867
15,7,0.2782366004938487,14.970715119070345,8.107238133532405,0.6204161214681958,wheat,208,1,4551.403110980423
6,3,0.16754395126999105,0.5229035010556996,0.1931488287615635,0.4040530625176958,tomato,356,0,361.7872451005115
36,6,0.6438385333836776,21.680688122329382,1.7433341764694448,0.34490647057478335,rice,82,0,3788.349294330753
27,8,0.8779931761334949,8.218480747206128,8.269721239138603,0.23592304596830674,tomato,165,1,6715.486874169295
50,2,0.0740922049856887,7.004768026793889,5.506966624876366,0.2255892995855438,tomato,217,1,416.55687419725166
38,4,0.6793785515614078,2.1943972993321372,7.736724096020225,0.7403150041427059,tomato,150,1,2451.757344830141
31,8,0.8378908081757167,42.48176115192581,8.381921971606014,0.29947420321543305,rice,63,0,20736.232809717887
26,5,0.11356430409324694,14.804925809346756,9.419692922396807,0.20617931899590447,tomato,183,0,3485.561559795102
4,10,0.14364453834021318,4.690860126839741,0.6351825684340766,0.9989845207878598,wheat,144,1,213.92904757447977
5,1,0.6381635336822524,0.48189918406484555,7.992548198241423,0.3339248517001513,rice,98,1,427.8444920544262
32,8,0.6007688695114202,26.58403773794178,7.08795271605013,0.9064434838853189,tomato,155,1,13423.8956265841
2,9,0.10850330301880884,14.39629743377934,2.0710489811649153,0.6482673583767257,corn,170,1,398.91839391341523
4,10,0.759259339328483,7.987761409711039,9.317090961134891,0.7435631501261335,tomato,326,0,17767.18945786292
12,2,0.4949102706681585,4.6393120741760265,4.042614601183614,0.6048270203496718,soy,195,0,2043.7397560792513
45,10,0.8211177673361207,19.39454114938948,8.876217664020587,0.262730075553972,soy,169,1,10987.656666270188
24,4,0.7962922488437988,22.47095730968796,6.05153193294459,0.8623464143073423,corn,160,1,13114.606904274477
36,4,0.7406316036926409,7.821837009509885,5.267952717463025,0.8451754898381058,wheat,231,0,8763.040006089343
22,4,0.4885140618077581,12.293200956687663,1.5960798150258981,0.41471691881524075,tomato,122,0,1723.3102169939361
10,7,0.2639540454870174,49.70437205398085,9.14336191524884,0.7874656267703175,rice,323,1,30118.598750033776
20,7,0.4800791783244626,66.75364720239737,5.5670624117151,0.5887362325099851,soy,170,1,14507.305406297704
6,5,0.13568967113151306,30.60927913916006,0.06191796256267762,0.9181442265040582,tomato,173,1,219.72211722117476
39,1,0.6100192262024122,9.898667848673208,0.18382712616176183,0.8225419341735711,wheat,51,1,262.0328551471304
10,10,0.1638806363446565,1.7948083544105715,7.776548417575458,0.13689619282182772,rice,326,0,1457.5129858485873
20,3,0.4844970181256146,26.232523733826735,1.620201597430518,0.8913483749721325,soy,188,0,3599.132630537382
50,1,0.09622467804179512,0.5251411016534155,5.987785617845825,0.9717097761806409,rice,75,1,92.11003756065637
31,6,0.30458561673344897,5.67064932835384,6.81113853737787,0.7679405823625933,wheat,87,1,910.8289909285614
24,5,0.24726839156931962,0.6082004538718153,2.79437656389202,0.20792217776236122,rice,152,0,416.2983405756977
28,7,0.57702681130492,16.597585580296723,5.693568770305713,0.8266383008534082,rice,292,1,14871.576217097438
40,9,0.7187687052191324,6.612927754692062,2.403347201144758,0.6827401383612273,tomato,61,1,1359.8601081484956
14,1,0.09870751135944722,11.918532024807813,9.463207958252138,0.40494368576978224,corn,70,1,458.0484065205989
33,3,0.7727411323820766,8.891946711872649,8.601841393335322,0.8956274960734001,wheat,218,1,8863.395142110465
44,6,0.7816525407114139,12.479410311758416,2.881139872183194,0.6090100196078555,wheat,197,1,4799.605453788522
30,8,0.3409287131448193,1.8720062055798279,5.288616095012448,0.867635137917462,wheat,351,1,2127.221550999884
23,7,0.6101534560747739,1.5310059995787426,5.006827938681904,0.7031023737258185,corn,282,1,2938.657126410073
9,4,0.39222107694793207,17.492813275700275,9.60027255624279,0.3596644933344354,tomato,250,0,15015.13173270954
14,7,0.1810622498611868,8.309200022221214,3.9408937730583564,0.9775168262749329,wheat,142,0,1123.9169846545406
48,10,0.49936305577864376,8.568079331289765,5.622713318661047,0.6139049931456027,wheat,240,1,4501.719832930044
28,5,0.12340572332635716,1.0847668504732935,9.287137242279483,0.565079717643813,wheat,226,1,384.0237968646752
16,9,0.7967013320865898,13.881454173780515,1.6289477007144049,0.4631586654279295,corn,123,1,2199.4454032409353
22,8,0.8356462954981673,12.260940054293355,5.505305547180103,0.22270978276991862,rice,154,1,7286.38933815457
30,4,0.748371166459693,0.39237589336343853,1.0576235306979345,0.7175915920325455,corn,342,1,2664.8489834310785
28,3,0.5281489026425817,1.4989826092939917,6.175371819253188,0.48771927820523264,soy,210,0,1543.9999130114668
36,8,0.5239588024566367,11.554108478320861,3.6574663506666596,0.9411512593200778,corn,188,1,4600.532097668381
14,3,0.8869162701107903,1.0885343071074667,9.676393095722826,0.9685874517570084,tomato,297,1,4338.98873519933
33,4,0.26071643635650543,4.4740202362994435,4.154676402304116,0.7908767698149559,wheat,119,1,613.9310166482664
23,3,0.11455611101942637,2.0621619780104283,1.3627401877795264,0.3182452873322817,corn,103,0,123.31605953042067
48,7,0.5276497850610011,10.141499168473954,8.340165609323112,0.7443817127235697,soy,361,0,14318.861203472481
9,3,0.3294677581385878,10.60497294419964,8.208846047537719,0.11837957586854995,tomato,299,0,8326.310608780395
9,7,0.32398795688683757,12.900851559823817,6.948901335808302,0.8437604525275535,soy,172,0,4024.266233262505
24,10,0.05602255104445584,20.175019449141757,7.488369207040397,0.5442567103814762,wheat,347,1,1723.3686710281934
26,9,0.556803498115743,7.237373081233213,2.6478874616763792,0.9430656848966678,soy,154,1,1880.987120469923
35,10,0.27442864693427194,0.6142270081885344,6.420892950727391,0.43998403719336854,corn,256,1,1325.5888627386996
21,1,0.20967976596377885,29.30918091573453,0.3811606921827309,0.3368562440354599,corn,41,0,136.01190847706408
46,5,0.08436714168405315,12.841669073607129,1.9697045487564555,0.9955507048804353,tomato,264,0,989.2547895620326
25,3,0.35970734000426957,7.148526451891534,9.322862196083314,0.5776100843608677,tomato,89,1,1687.6279914595223
8,10,0.7971235415284887,12.769620343593543,7.392613735529505,0.8768642881693943,corn,111,0,8566.002636455656
7,8,0.3361701864577665,3.779487703727767,2.307494737351589,0.9199514476189078,soy,301,1,972.403655268555
49,4,0.6272130786016546,6.415315283944086,1.1147195121033617,0.5666218415032811,soy,99,0,1265.5315181148237
8,6,0.6930649188916213,17.988368093961782,9.489245529240147,0.5101425329672689,tomato,192,1,15786.780299919585
48,7,0.3288856878116696,15.093221257712804,1.1227644729352673,0.5975973592951151,tomato,339,1,3406.633368115474
15,5,0.7483946247602351,42.4545313521562,2.571443410424435,0.8629655525932727,corn,350,1,20234.00067192252
6,5,0.6380977107169068,5.172783351263489,1.827157296001572,0.9681942084407197,wheat,179,1,1381.1703779416123
16,1,0.5253558943958088,12.742519605092697,0.07563074029726786,0.3954898984327446,wheat,58,1,106.99701704466726
32,5,0.05084359444303458,10.324906438126549,3.142033606206342,0.7647673439078619,wheat,126,1,184.02595401596358
22,4,0.07982715103438691,0.7322783339789465,9.741814537116028,0.3568370295609635,rice,236,1,255.68688408871884
40,9,0.8922359674901539,4.344358161053822,3.4196911547877553,0.6498577371983548,rice,143,1,4201.3436348473815
31,9,0.7149413349780255,44.67449932827052,5.04354448979827,0.8243106293964435,tomato,271,1,35667.42527580346
21,8,0.846930469957005,7.6603796712559005,7.459611903433893,0.897837692195164,wheat,363,1,12409.082666403998
33,1,0.8169577241803234,1.5941808467221275,5.511249940690083,0.5038445658513221,wheat,238,0,2369.676091192437
49,9,0.06737653567133821,9.579943245543872,7.436171482615655,0.4327801143093024,wheat,239,0,1157.5901568933768
22,4,0.7230701963224129,20.182169512180625,6.616697046036962,0.32810645080979906,rice,208,0,20855.941312230036
9,5,0.43347388240948137,30.273289267743056,6.08602166696715,0.2200754533763688,wheat,92,1,3805.80422382517
22,10,0.7211244734005574,15.661830279561201,6.496839423210241,0.4284258117793067,rice,224,0,21459.21276257428
43,9,0.05570841653887737,4.877188858399176,7.9918444564204325,0.8847800242730626,tomato,343,1,933.3417483001332
12,1,0.2949694060204796,16.85661502346552,7.102203756616241,0.47692856458957444,wheat,261,1,5049.848594560888
48,4,0.6886252094226069,15.316051456568157,7.91795743213121,0.3855638492300998,rice,282,1,20839.416789923325
30,8,0.7240676703113513,38.385276333301306,1.45683078519703,0.7652190201277733,soy,320,0,12726.700394141943
31,6,0.5767574110324304,15.101506186375097,6.777059653372693,0.2940260244633449,tomato,160,1,6781.684167520573
17,3,0.30606776102932415,10.172776633639867,7.370482101343007,0.3306581222389142,corn,143,1,2054.4998512813786
47,6,0.31380820259468345,2.9780165606619624,3.0003643585358484,0.9423177835044722,corn,355,1,2844.761061827729
3,9,0.8717493690957278,11.441671473989079,8.74589870110498,0.17343072335549503,wheat,184,1,7606.111400359791
16,3,0.42333035234907385,4.607554864908095,3.0478113214237017,0.4731680622190809,rice,276,0,3076.6396097693546
22,8,0.43005671770726145,2.07797099535883,2.4390773616455963,0.6190760731553239,tomato,243,0,2353.6748395953564
25,8,0.5194828377045946,34.740880588205385,8.671101057989631,0.30723464405314505,wheat,71,1,6471.938444783614
25,9,0.39807698633473043,6.875154031106928,2.4709513613261507,0.3529112358112477,soy,135,1,840.935716044962
9,3,0.5197708299078021,24.25930584363743,4.15560912185557,0.29966082827379803,rice,139,0,8603.106270843853
13,3,0.41748510935242417,22.560279892040082,3.6798603775381524,0.41066701485457746,rice,90,0,3730.9138972511846
6,6,0.7527076816618588,6.871869878070246,8.980720163760166,0.9086551795706035,tomato,291,0,17603.924925742194
30,6,0.8226933668285414,5.950027945101473,4.5529021471413555,0.4884286119144986,rice,354,1,9425.00517575795
19,5,0.8422937208430574,17.619838411106333,6.94339502402886,0.4760461148710886,tomato,354,0,44476.880802770414
29,8,0.5296517749549786,0.3074094171154916,7.940595007533647,0.4479227921569504,tomato,95,0,1112.4933320374992
30,8,0.425826273844821,19.404608815483474,6.279407903891015,0.9677041542438168,tomato,181,1,7175.945120105792
36,3,0.6494540499730622,4.168345468637567,9.437001288750823,0.20556949259783408,soy,108,0,2293.725398492526
28,8,0.7625750526015207,3.010282448267609,8.025272785030825,0.8846878788454298,soy,51,0,1360.349885634076
33,3,0.5285349057564206,3.660233188299426,4.0026660701209575,0.394444960955178,soy,237,0,2091.6290694065347
30,5,0.6449838685489221,27.65351387382529,9.508167620733575,0.960860432534818,tomato,318,0,56635.525557289184
33,1,0.6872699481130609,33.15330526377823,5.24622375788007,0.3837045216192929,corn,55,1,4089.258452580301
32,4,0.6249347102096937,6.879569938737641,0.22675065212601406,0.17458692693068845,rice,245,0,2065.9845348455165
17,10,0.6842135223699131,15.832559988756884,2.600872783249315,0.5680376959172643,rice,41,0,1902.5323853139707
14,5,0.22734853267259864,82.32725858369099,6.217674140785629,0.30507902137891935,wheat,313,0,30558.868382892604
40,8,0.4736183649685279,2.64979385497861,1.568992208342043,0.7776908339260382,soy,51,1,364.44486806747676
18,2,0.5500282714143242,11.66882455052027,5.8410963808871434,0.6915750564951589,wheat,176,0,6890.6435841592165
28,7,0.05210624122846962,3.1909098462770844,3.6166186250529906,0.717822242130139,rice,71,1,91.22272960108678
11,4,0.7775681324916297,40.58897381140567,5.344320415102683,0.274140539749573,soy,168,1,15566.940714385528
23,8,0.5685208321781753,0.9773345647761122,0.019746603884655465,0.7377672383966264,corn,174,0,1895.1774357237505
27,10,0.15976588194347277,0.8920769723050341,8.484365125332316,0.3801979242823036,wheat,211,1,551.0561666966959
32,6,0.7439035116894531,7.405499761431079,3.619892952267508,0.9988066252540639,wheat,308,0,8855.658000582123
27,2,0.6594984214744629,1.5830989725813525,1.4024441843452524,0.7585908967666056,rice,364,1,2930.2725637805556
19,5,0.6945546119440915,5.4886655446696215,4.379720654193795,0.6313703566676615,tomato,144,0,3431.0888610061265
49,2,0.38323609258257774,23.890215784790044,4.862286757594853,0.8804060012939932,corn,340,1,10764.767957580932
27,5,0.7760721306907433,6.135064230471431,6.374389702251394,0.6303805297474844,tomato,173,1,4545.160504777693
41,1,0.40192344481250786,0.4536315181017217,5.2460998410824455,0.5974748800979801,soy,69,0,242.50786789222946
38,7,0.5349327800037527,50.51434139226032,0.43619229708855933,0.3135840425248416,corn,231,1,3087.2387203445437
29,4,0.05054595814489267,2.118805586741719,8.71525170845557,0.7103007957928825,soy,272,1,196.95252984920035
45,3,0.5981421474761829,11.179075893859666,4.565632808937827,0.4371799854245153,rice,131,0,5575.4250206347015
8,1,0.6604494233087462,11.240327883000102,0.7708007375575563,0.13877436503091733,tomato,228,1,1150.3790610795593
47,9,0.5320429606654735,6.604542987897655,7.728509537055323,0.8344556167329619,soy,175,1,3753.1101071148373
43,9,0.47207499448707363,0.14888609875428716,6.6018840334119,0.1466858499838677,corn,78,0,820.4681098863276
26,9,0.7384460026549521,8.69730300407259,6.494728289919449,0.7050701105564733,rice,159,0,11431.360993886108
37,1,0.6291668095904556,4.462083121923042,4.269713103353875,0.24104880233642367,soy,173,1,1089.1496703309379
27,4,0.28636293376201954,16.498197424149566,4.105560129147263,0.4893125649137775,corn,144,1,2105.754333547709
15,10,0.865212337367988,0.7521182862069179,5.363850025237041,0.8731824926920486,soy,337,1,3273.5293491825964
41,6,0.6511771150660397,19.717708345169882,0.5068935345781336,0.18497759420273197,soy,160,0,2057.913637606519
14,2,0.889748089575561,15.790747145958052,2.990278684414991,0.7004356106973588,wheat,240,1,7360.000018331978
17,2,0.8755721188285381,16.108919558258602,9.878953841450173,0.6513568682374767,wheat,33,0,3656.256496198517
27,3,0.8310732643885764,16.170957722296617,6.622262698791631,0.8807767717206635,rice,135,1,10551.034645828371
43,10,0.6920658100415115,40.29733525133532,4.189922720007804,0.2554613841916601,wheat,327,0,39640.520166458475
20,2,0.5680149632224223,1.6771137960777809,2.22440866630159,0.8198087541722243,soy,329,0,1986.2162899636826
26,10,0.19634506413048558,1.162079995150189,7.452348409640435,0.5051090770671954,rice,358,1,1502.4808348153167
4,7,0.5118487048101941,1.1177575607202053,2.6036428067522075,0.485779521243921,corn,49,1,157.26962678246042
7,10,0.7005700440351782,10.712890405460222,1.6245386683591072,0.42560591575588747,corn,319,1,3715.5940873378554
4,9,0.4927285848997326,1.625523003680078,1.5459944874426383,0.44701673157632615,tomato,119,0,516.8934395306601
5,4,0.7880032591448091,10.988526654468961,7.292903528368161,0.5679636637827026,wheat,31,0,1805.5532350622009
44,9,0.14320751431294354,11.96109521884543,6.428459732632886,0.1961198406311192,rice,61,1,587.3985972465067
43,2,0.373799295841339,1.64699788715758,0.6989911876129349,0.4825592828856622,wheat,282,0,1168.5978394820474
42,3,0.48006975580460864,23.932196508392547,1.1513131108066628,0.6867830935535706,tomato,228,1,3129.6814368793466
4,3,0.4174765014887418,6.294677442953901,6.3388348266684185,0.5483731180944832,soy,222,1,2243.884682976011
5,2,0.1422985656483201,16.61881117330988,5.7115899026197186,0.24924652196466052,wheat,326,1,2507.263972023551
15,1,0.18049904993793597,16.839177715042972,6.860304604657763,0.4267465316124689,rice,61,0,1465.3048809321333
29,2,0.7619746989271641,2.6368717247591507,1.7812110447242564,0.4986655069833369,wheat,57,1,307.7231735804374
18,2,0.46172662032123335,33.34403605170336,7.266152474265454,0.7019873331696713,corn,343,1,24448.38669143136
25,4,0.0914140627398185,4.58388864280652,9.361028576838168,0.910689690283748,soy,233,1,568.5997702497624
10,1,0.06401757013100243,48.127047684543015,6.010902095039877,0.5953379613290366,rice,290,0,6769.545045879399
37,1,0.4524540916951776,1.3989349943301723,1.962104066408196,0.7087313153056277,soy,206,1,530.7245071783746
17,10,0.18972191703577712,0.22018191792690575,6.795759008985782,0.169470662895464,tomato,78,0,234.99972316008777
5,1,0.6493570540993386,2.8419282012810463,3.431473753777098,0.9590203264128337,soy,205,1,1429.8394745607795
38,1,0.7260249431485887,9.050226323423244,0.4938281761108285,0.3836878213199706,corn,353,1,1754.9482117002672
46,1,0.24405220218853974,11.14563845818847,3.0240846148296323,0.41886257471912935,corn,69,1,481.65574454452934
2,2,0.5533504031495137,15.563435065128125,9.05594543439937,0.3005585025773614,tomato,72,0,5196.604370199058
23,6,0.1812779469625781,13.242711760172313,4.111982062439576,0.17620306458899426,rice,146,0,1966.933482000983
42,9,0.30804525385522896,5.648308249273722,8.646788714972892,0.8110421111276661,wheat,182,1,2162.2365326447225
36,8,0.8054761700542183,18.37670670469565,5.087084775884394,0.3164410735355555,rice,241,1,18723.76336284305
43,6,0.5124833777599642,1.0258660887068145,5.1702629116070415,0.3544189618107818,soy,83,0,649.3917438630275
22,1,0.8030053908725701,0.4975370975909716,0.05315799432787847,0.2636166489456454,corn,343,1,684.4319956447878
20,8,0.2414606335525809,2.0083916488514317,6.371403628816433,0.9773967522689921,wheat,80,0,513.6093947012812
36,1,0.3305206917613661,2.055708022668622,1.079030636459172,0.802931317551284,tomato,97,0,493.6564458780858
9,7,0.45030931768829446,7.260120384516823,4.788005398405861,0.9369096849826305,wheat,355,1,4510.567316434977
13,5,0.4580680639153614,13.718288968930711,2.6039082397253313,0.8755510303481593,tomato,156,1,2284.0589355200614
31,9,0.8980007721061454,56.75965137635241,3.9244372753273193,0.9156671195907354,wheat,222,0,43402.97555670565
34,4,0.14727852112546058,3.867013629615211,5.371236479312342,0.5311306466642737,soy,176,1,407.6228855577558
7,7,0.7741702802613522,13.516754488055131,0.14562668190512637,0.25348729362139044,wheat,117,1,399.25167139508324
26,5,0.7841297335085896,2.32633170876874,2.8465512491329563,0.3941923009217899,soy,200,0,2375.353805059421
19,6,0.5202188368071192,0.7953103389135443,9.896129730984358,0.36320636528353323,tomato,290,1,1802.7718304940945
26,10,0.3424315930202807,0.4431942360570167,0.5749338590797757,0.7454204538412208,soy,33,1,121.06863925821544
48,8,0.49134218864505175,19.379809863941023,3.194615488085526,0.1231054176766082,soy,324,1,6384.8817162384885
5,5,0.29859754908557923,58.98288946403942,3.214893328171518,0.22783799342617939,wheat,91,1,2903.997029107354
50,5,0.7292413311739486,40.51529542090842,3.794479823406693,0.7145966082293749,tomato,338,0,42560.95702208341
24,8,0.4735372849037806,8.563891716760828,6.848124403505012,0.2110981184203973,corn,353,0,12174.923286582261
39,4,0.836965852045833,0.6826927621076798,2.478190243030963,0.1434626656933602,soy,343,0,2542.081591340738
22,2,0.5792876427026372,2.7470566874084126,4.603233172016393,0.19829364815007178,tomato,248,1,1618.6820567352374
17,5,0.48717143314748085,23.8117981649153,6.44899080495764,0.7216067377387867,rice,334,0,31514.182803399584
39,1,0.6544089508810045,3.7119637618838093,3.2238982612275575,0.22539273346423008,rice,318,0,4106.25975503328
35,2,0.4783430197656991,13.13758471054175,9.487777032452042,0.23167392502283324,wheat,244,1,9039.665833420095
9,5,0.8188303978565301,5.415397155789323,9.796746676791871,0.3072701770831894,soy,329,0,11260.950281192148
36,8,0.20677906675381508,10.675407273752588,1.197616003307424,0.7758196337768704,soy,145,0,805.3130649514565
38,8,0.8773463811840199,24.421117123160414,3.4388550241237006,0.2803176210346984,wheat,310,0,24147.763345154475
21,3,0.7403619690735133,8.708862752833877,2.0805127259949465,0.1318378570517865,corn,340,0,5932.63612486335
47,5,0.7816233575851392,73.29298470865004,1.8687091659755946,0.9152770200183465,tomato,243,1,20526.73373195922
33,2,0.46047165751541047,6.910922346985425,4.910307403544458,0.8886865818618305,tomato,71,1,1060.7514053138075
18,8,0.7616213169369578,6.661153372403627,5.638707254240654,0.26633710080682516,tomato,101,0,3242.6536479972406
2,3,0.31075797104062436,9.998577181641776,4.257094753935395,0.33880833079610945,tomato,86,0,968.9890266785386
35,8,0.697655951779549,0.8899857150036382,2.7262761761005097,0.26970181429927687,tomato,209,1,2336.0044337157265
12,9,0.16938263463066924,24.493257317814347,2.786937120962143,0.7475810850655569,wheat,175,1,1345.8969751776974
39,7,0.31099412856813236,7.15159602413069,9.921289435250968,0.32500799577030887,tomato,307,1,5476.226909230114
27,4,0.4288727638557729,17.87117913400667,9.236850062528514,0.9383047816406519,rice,125,0,11633.031253309471
24,10,0.32397176042190856,11.520407740875665,0.7599125110525824,0.844876921945212,tomato,85,1,680.5748390497009
10,7,0.37896454828055604,13.195488665131439,6.5658499693092605,0.6295610148127059,rice,236,1,7166.314016016466
36,7,0.7470890330661433,14.761819623518482,4.569319197240959,0.10804440224234188,wheat,76,1,2688.5615165987397
10,9,0.26817450832084244,4.330894429948235,6.888452157894421,0.8953024657750001,soy,334,1,1715.8421670219855
22,9,0.6834889963313864,23.98396235669954,5.970010094699995,0.7549854818792987,rice,57,0,6763.58190212004
42,1,0.11265525874490406,0.1,8.892634748424092,0.8091166568869057,wheat,194,0,192.78708412365702
47,9,0.7008782413878017,1.1245379209828057,0.6708161545739614,0.16464268411479194,soy,348,1,3313.1360124061584
50,8,0.7232197564053071,19.945649100190096,3.4966295226649975,0.737704153196688,rice,216,1,12871.882269153159
48,3,0.39144395917710967,40.95224960358618,9.854955763630072,0.8241305262617293,soy,301,1,24120.091094985688
29,4,0.6641061496923499,4.318341090608186,1.823671204557177,0.9609718205413492,rice,172,1,2378.5926771938684
11,8,0.8278676431833343,2.3113643002602644,1.2742070616269654,0.622423425504192,wheat,283,0,3003.640675400623
43,3,0.7306060275213478,9.92269191190819,7.289991087999755,0.5572376667993444,corn,267,0,14971.146995956518
41,5,0.38187953383741585,2.187514630901553,7.774574165014618,0.48285711098372064,tomato,202,0,2479.9021555692448
50,7,0.46158148713805475,0.38496103698157896,6.723063203198928,0.7311589128681794,soy,63,1,426.25425546820594
33,7,0.7124539130679346,10.127112745351576,7.7621820917704945,0.9287391742431523,wheat,356,1,12723.174186002907
8,10,0.29870540137175505,1.605890872179931,6.93752199935963,0.6397795438444321,wheat,46,1,196.6955176520455
26,2,0.7333003292625425,14.037210316073715,1.3585710522094785,0.3045552773575058,soy,149,1,1130.3270577000455
23,3,0.32886047117679995,6.8345486863040055,6.082610752887593,0.11581655527825907,tomato,245,1,2342.1640463373824
43,10,0.7350919950277074,39.69133380090977,7.768989948912766,0.6572018064407749,wheat,288,0,49158.55486142155
21,6,0.12378037684811484,12.388759230179097,8.655300546638353,0.8781380992171474,wheat,209,1,1736.3258628500146
18,3,0.08773770237400161,18.440749144922236,2.463106191594393,0.15937774981606845,corn,164,0,672.2063177048049
5,3,0.8980241302643489,9.425340273314498,1.275180178624447,0.4578140880652113,corn,166,0,2488.6583712450515
42,4,0.7890385547494857,15.629195873665921,7.811123345382215,0.9460422334728125,wheat,357,0,30113.681193657678
39,6,0.8004203779462733,24.854586689801085,2.566226902011618,0.5515092962711248,corn,142,0,8921.458628451706
4,3,0.8585879554656249,10.142346657644616,0.3202628537305524,0.29859240680973376,rice,317,0,2253.905299746573
23,7,0.42256886300231467,10.096557026024438,8.252310422929392,0.4182907705919636,tomato,47,0,1859.5621451939076
25,5,0.29381022147812935,2.6366290172290245,5.06040534697479,0.46732560957532565,corn,251,0,2118.442610482361
24,7,0.16052124576521754,0.3881534223321976,3.2670046911517914,0.20556056297511294,rice,258,0,674.1990237286859
47,2,0.4760277635076948,4.821037490817664,0.1152796232102601,0.69471301946357,tomato,257,0,1850.8258528396223
9,7,0.23704107240511663,10.972396540269465,0.35423911963476895,0.6329478961832288,wheat,171,0,491.3206123355212
17,10,0.8452182282284217,21.818009911513453,7.9264400823323875,0.6829505900790196,tomato,262,0,38275.80028957967
10,2,0.05340268807636223,10.09742076879817,4.89756914376368,0.6497124118121691,wheat,179,0,449.01821462133194
13,4,0.17171722708165335,41.85597045140882,1.4980707709153052,0.11500486145950571,rice,229,0,3562.563956811216
46,7,0.2595044751209128,14.673299144736509,3.5856977668629324,0.2570165646096877,rice,330,0,7117.239490635782
48,7,0.21911320485421582,26.46775096649084,1.6538861702276915,0.2490148017512745,tomato,255,0,3746.6939273874013
4,7,0.24191167109275374,84.65343031556945,1.1297026502506857,0.1881563376681905,soy,277,1,2758.2116025557893
32,6,0.6076404643020017,35.25258878900884,2.7638018989207622,0.7619281958784487,rice,355,0,22404.56271961199
13,7,0.32838526656617684,44.797065507254494,5.495535966076512,0.20812349303064254,wheat,103,0,6450.681515539565
11,7,0.5727707246178673,8.005879967975337,2.100856071514457,0.7013746661053097,soy,227,1,2079.6977291075737
16,1,0.8067192435993475,2.6276868568642513,3.4373671417663862,0.26055127868830785,tomato,250,1,1752.0834649215167
11,8,0.5621732506968468,6.4942217600132865,4.7798309086806405,0.2064791604231337,wheat,263,0,5234.892353263758
26,5,0.6403528725934242,1.2733413554668802,4.200877362092337,0.2462770437544714,wheat,74,1,396.52327605701225
50,1,0.3606778034881537,1.8446983053908381,1.287149363413775,0.5575631108842181,rice,285,0,1164.8647884880677
30,5,0.18577769747930278,0.3377195128259204,0.3896174897233459,0.6809342588719801,soy,95,1,128.0899998649403
37,5,0.3224964530824202,0.1,0.3555518107624403,0.8307323740518731,soy,167,1,539.9015238271517
26,1,0.8696402513984919,34.74704397189207,3.5024400012606454,0.21570598491816756,corn,269,0,27637.573219556445
2,10,0.5785396767851666,52.26161040283852,7.188301983294691,0.6545680726472471,wheat,118,1,13659.493636048535
6,3,0.2858844515189129,16.791399814925043,1.3134217319939774,0.7964556394701225,rice,72,1,475.4610891810002
15,4,0.43327797708778826,12.920797164088563,7.870014183527892,0.381164654357096,corn,256,0,12090.984029935562
13,5,0.7601860818163453,10.149225946305561,7.157027418829055,0.1717440214306939,rice,124,1,5193.7840336590225
43,9,0.6181770350999075,54.61861826524289,0.040430965365226286,0.2403513667598625,soy,307,1,2526.902772651221
43,8,0.526554914619793,5.82531669533017,0.26845198194546926,0.18240278280441108,corn,331,1,2682.7450421766503
43,8,0.802388445138765,22.82175651526119,1.9511371221649783,0.8984907379204101,corn,147,1,5288.8291679360045
33,3,0.6215736363842718,4.109317305878779,0.5621529895947998,0.4390315015242111,rice,278,0,2515.821329091652
29,9,0.5963202711724311,4.1999997023906515,5.31389970959779,0.5710137446222073,corn,105,1,1655.1239143088708
33,9,0.2113029166291529,18.437462278897804,0.39723298732269935,0.7918193366238832,tomato,342,0,2854.634194250839
21,5,0.14043038056054663,21.73758602031174,8.026655734115982,0.4343485799086515,soy,112,0,2171.8398582945465
34,6,0.8703707994987893,1.8510597641656203,4.93012772738916,0.6841923891648515,tomato,326,1,5827.258685256744
40,1,0.5590296145852999,16.076173447057883,7.279815712358104,0.16901186789659395,soy,294,1,8280.831306733793
39,8,0.40333089777446474,15.146451667041491,7.507274806807477,0.5328150828117404,soy,135,0,4583.114950706306
32,10,0.550667697773685,3.2503813138130706,5.068132632762658,0.18686706955327687,soy,307,0,4852.756851527764
4,5,0.10254016691095807,38.407966104160785,9.253703399658407,0.3234557266122053,soy,242,1,4242.658217244872
37,6,0.7488081828184908,10.183996660678922,9.902417497779226,0.36400674483592177,soy,254,1,10136.89490623253
19,5,0.23414870522968556,6.331060571705632,3.592787645459444,0.745825423498252,tomato,157,1,845.9896322441404
38,1,0.733864105370255,6.187510097849753,1.2595155383520862,0.7066937676603284,rice,108,1,967.9936676843541
28,7,0.504221676774069,6.414435282761634,3.6330185483000212,0.7723720800379592,wheat,264,1,3346.4550305962316
45,8,0.28508621160836733,0.7503804481907383,2.234315616245687,0.15557954251360165,wheat,47,0,306.5703650500953
18,10,0.0756784560057599,20.952753810121475,5.31052566495044,0.9945227909557421,wheat,147,1,738.2645565097748
47,10,0.7434583520276149,44.41331594805971,3.7844976249227624,0.14897802583879205,rice,77,0,11999.873929431098
43,5,0.19999112024891064,32.25269126112644,4.805013693453622,0.8431730122952386,corn,30,1,705.7964543501478
18,10,0.09403434829389243,6.916051497817456,7.63211257318394,0.766242040132482,corn,32,0,193.3214227790539
25,6,0.6924960712019987,18.93352605191288,2.74093572444398,0.6325856114426379,tomato,61,1,2082.9973264552923
28,7,0.34753673901703197,6.165047810933629,5.3752097716726155,0.4949714486304885,wheat,345,0,4903.976226665629
39,7,0.38093390475290245,2.391034773009036,3.3522773320375556,0.7814191179431644,wheat,289,1,1933.1110854724118
35,10,0.26000744918861113,6.848158106967056,7.849823680342493,0.7658720229419614,wheat,362,0,6438.949411045526
43,8,0.7803017068923626,7.021363343739587,6.3957267874445565,0.22346050194082406,corn,58,0,2792.153185402815
20,2,0.3027300971905522,2.9450153137331068,0.08603880037559676,0.8133692256647832,wheat,365,0,1245.0389650300897
26,1,0.22866368428837025,7.534053986860866,6.600853359711079,0.17070129769146875,rice,231,1,2202.6597211999597
23,5,0.3128622673857327,8.996804961869497,1.7024499186577566,0.5504915279156813,rice,296,0,3313.1514846602704
46,6,0.2226771388922874,4.425891115955298,7.24501342824019,0.6805736439104748,wheat,318,1,2160.574834875736
16,7,0.32000693768442634,0.8213950039865604,5.673819329787736,0.8395199716377049,soy,118,1,356.2644805034409
30,5,0.12049578943794709,3.784959041147592,4.015425294554024,0.5167991962837484,corn,279,1,623.4317726556669
7,6,0.18475052475153958,30.80052144170558,6.940970225643378,0.31317226980863067,wheat,247,0,7769.423073704874
43,10,0.40449495088672566,12.230771354296232,8.566076265401932,0.5415936539109459,soy,168,0,7146.508315890877
20,4,0.7975468272513949,5.663113809315262,7.78765839490687,0.32518729939340807,rice,195,1,6502.24260002229
18,5,0.09869713471394298,4.4496972567055115,5.454247386442504,0.5758528433105335,corn,100,0,334.3426225270859
30,6,0.23077350074602604,15.301275351532752,7.227220508275039,0.5162573647958661,rice,92,0,2824.467225375472
26,5,0.8220938242103568,3.008168303819613,4.139731629373144,0.802454035375355,tomato,339,1,5979.066891324158
43,10,0.8065124730359334,3.6596630151841567,7.890472189509724,0.31608110209827606,wheat,275,1,6960.8557925827845
28,10,0.6275332083015501,26.468373213579063,8.290689864336558,0.2799866657713056,wheat,220,0,26279.164016153776
27,6,0.2544025209809523,8.563178952056376,1.373801074927111,0.526766805610264,corn,263,1,1280.4943444146168
7,5,0.4068389768974179,2.5366585552146237,2.3810755645798687,0.1454539286717656,tomato,166,1,406.073164564642
3,6,0.22953784527227028,0.4068846498789057,2.700617384754235,0.3064065655919553,wheat,113,0,122.41512382650583
21,2,0.15930023275642277,50.44076158196957,1.6616511081019336,0.41833442276892274,soy,346,1,2192.025303504986
50,5,0.37299863533680777,0.1,3.92595753396731,0.5388667413048193,soy,362,0,1869.1176722386012
46,3,0.5394483643097977,10.849155891510705,1.9311390812846732,0.34249304010282766,wheat,102,0,1528.0130325947305
32,2,0.3559427741450844,15.226258171697753,5.955797569955169,0.6045728452375657,wheat,299,0,8174.112978236928
32,1,0.5692008678960743,11.646830829843823,1.0170528135332615,0.8905731998006544,wheat,178,0,1932.1041276706983
21,6,0.30181652507240964,7.048689943686165,2.6999216111145374,0.5893547152218419,wheat,267,1,1355.2408519818587
10,1,0.3439729485966717,27.653496805263256,6.655540938817622,0.3581555695627886,soy,66,1,1808.870734458787
2,7,0.7220725528979182,30.736365860551974,3.986052686210359,0.15578287480208342,tomato,191,0,15481.065118263783
18,5,0.7965675212597794,7.405201139219078,4.215205955792224,0.22299967427349127,corn,71,0,2102.6385399556825
17,4,0.3237289693013942,10.211326165534723,7.979454604330935,0.6050956316924716,corn,303,0,8314.350325937237
11,8,0.5357884311434848,10.325579428765192,9.845131021356574,0.7153379542939418,corn,163,1,6086.577538945976
14,6,0.2864379413084278,16.00009308759152,5.651112764758875,0.1447011491986635,tomato,118,1,2443.019465972669
3,8,0.0953344454513134,3.15036661342405,0.791592647464614,0.2669948467421335,tomato,265,1,114.13510426040719
31,8,0.6771786041563468,0.9402868487956976,1.0299268392621355,0.38717314360891353,rice,350,0,5930.060352437087
47,1,0.19535296075072778,7.753327928287818,9.68503871957213,0.3877957979924521,soy,143,1,1082.1529493911748
35,3,0.41185564518487955,1.5798561421746418,6.792669892571968,0.9625663127601649,wheat,271,0,2605.361898891303
23,6,0.4639886693722833,9.034336022518449,7.524938714219861,0.28339353814818036,tomato,261,0,9522.128426897203
22,10,0.20680084655224001,22.589091833609153,6.7579618130977295,0.15626831453119802,wheat,194,1,3518.145024137552
17,2,0.13037204806388683,8.713533260210772,1.7969963993498377,0.41771334638108715,wheat,300,0,731.4618706105114
8,2,0.34581106247041,10.786454255230213,4.484173246086796,0.22099777392671155,rice,72,0,1385.5192042948113
31,10,0.8594430214177706,12.791265809668582,7.981006295756038,0.21392376862221021,wheat,324,1,17264.127813028346
29,10,0.5728652514901582,19.144769597585054,8.66376326645779,0.46670559500541553,wheat,165,0,14373.627345085115
2,2,0.3741986941424671,11.924950853940226,2.3741178119489743,0.3757520253249538,soy,45,0,320.74616341116774
22,5,0.08307419765808269,7.80696418186671,5.960021946547373,0.18255409853982357,wheat,362,1,975.0457270982355
15,7,0.5602322891824196,7.496535857790117,1.5718619254817952,0.6438730864847043,corn,289,0,4611.216527613565
10,2,0.1284189947950667,2.911324715144404,9.582810454344393,0.5515297894183151,rice,304,1,1038.320197191304
36,4,0.5111624603903974,7.690679751756548,2.5227906856358833,0.16938970205617485,wheat,79,1,674.9800622489535
27,4,0.6891579320309815,19.984814759084234,7.266624650910363,0.8764700266127299,rice,282,1,25044.860362571748
33,7,0.41004754605056837,7.029295192905531,2.311898329324317,0.35624175239109945,wheat,264,0,2720.816457958287
36,4,0.3044997705940457,6.127246403892307,6.160923374842539,0.9652427064524615,rice,333,1,4664.028656475315
50,5,0.0902765987449588,11.178113466619596,6.592983805919543,0.938384769300693,wheat,154,0,1085.5650449874013
41,3,0.07106119388735728,2.4973979383661957,3.2849526064440724,0.49068696359687747,rice,341,0,707.2919020749923
32,8,0.41552258419869303,1.2497115151402851,8.188519820395086,0.30571024639450145,rice,267,1,2390.8845831422072
45,2,0.8008434800975227,17.543041294189145,8.853823611576258,0.8513674412772003,rice,115,1,12340.391756555438
25,3,0.2574533619742118,4.6075784906596855,8.550844232609697,0.42515725746020216,corn,101,0,1164.9226351515056
50,3,0.5379471799145481,4.099050169817657,3.3086513964277087,0.24719562520416843,corn,333,1,3278.1085348219945
39,10,0.6316599467277976,27.817090142992043,7.443658249867528,0.5964469442370471,tomato,246,0,34175.46318112109
33,10,0.10170538737615722,32.60316053053596,5.5953480579373736,0.5404621984311392,rice,69,1,1171.7809965316599
46,6,0.18013531943287053,9.472070600317714,5.926690616595625,0.8650160909325607,wheat,72,0,917.4492399751551
27,2,0.331585274406632,13.396007181031639,4.77477342749936,0.7563532418553989,wheat,308,0,6477.0682051962485
37,8,0.6195791980262849,45.60980994660976,6.003011218540748,0.8885255381530783,corn,87,1,9959.12841459406
15,5,0.4231798453938823,6.876327142258746,1.357405926199464,0.761232621148637,rice,103,1,707.0119789531775
49,9,0.6740658079855085,26.680340779718556,4.089063483941436,0.6779574645830173,corn,236,1,10950.219049800242
32,4,0.7874581857372137,17.774360450111324,1.7775399481174718,0.5501594370493115,tomato,320,1,7935.245009367245
40,10,0.6946164351087615,40.44287057244186,2.8017752041832864,0.9887979605468027,soy,143,1,6356.386962788362
24,9,0.8934101262162618,3.4572117341471262,1.2790175446854155,0.963248341600155,tomato,253,1,4621.457233292627
44,3,0.6912069084219022,22.066757520787068,2.1257435566149785,0.8639676833821747,tomato,266,1,7780.210866620758
5,8,0.774352315756333,2.3206886540843414,7.819510628621372,0.797787292406975,soy,231,1,2653.275925222453
7,3,0.7575114046952508,22.006032084818862,5.498814785314526,0.6198035951066609,tomato,260,0,26170.062954282297
26,4,0.6707258979380396,5.202458998037185,0.23740754200383773,0.3337780244735861,soy,106,0,462.1625356388818
37,3,0.731531544157507,0.7738523302295981,7.885456313537355,0.8878951243791684,wheat,238,1,2292.8523258476343
41,7,0.8444807436872988,23.66102698984664,9.094774490898976,0.10973452139106195,corn,31,0,5492.5754648012
23,3,0.4539262717473487,0.7128275340004444,8.804412328550594,0.30469597011453986,soy,275,0,1335.997855324555
33,7,0.5925439703256621,25.055435634297762,8.230345811850345,0.46335920057602287,tomato,296,0,39931.42290700231
29,6,0.48769876333685674,2.8710438450816387,9.922172211566568,0.6275414397106648,tomato,296,1,4457.457857627383
49,8,0.7733814391132621,11.1572616216534,5.864433153423792,0.6047913883243203,wheat,39,0,2301.1728684335108
34,10,0.4166556624407812,0.44136726786495095,9.625913697520534,0.25823424374675624,wheat,336,1,1938.555534523383
22,1,0.746767755473023,1.0470757366785983,9.488493480781774,0.1943183798321786,soy,175,1,766.1241309401227
49,10,0.729451388798568,3.9530191734839906,3.1330740663038896,0.30009603482675173,soy,57,0,1131.7352918976999
7,2,0.867603186163302,6.015279100881183,8.634474126802653,0.41383791000683523,rice,209,0,11220.272302820798
50,6,0.26158259436880593,2.5873782312525697,7.924934182922214,0.1126483191280776,corn,222,1,1246.6852851350109
9,4,0.6531765834030254,1.6041418522617936,7.758211975233456,0.7232102384948702,tomato,165,1,1412.6335680507595
16,7,0.6933815730003633,2.0561771810416953,8.962911432147928,0.3229546921637423,soy,281,1,2561.2629356692196
42,8,0.8458367188839658,8.953007931974026,3.842515909193157,0.4162639928935262,corn,212,1,6776.4784082239585
37,9,0.8208670553472014,0.7996522673780132,4.0011496039079315,0.40141152152550963,soy,102,0,1648.6103390298354
49,5,0.537496982452181,32.361615324589664,6.400883039727161,0.5606468207906696,tomato,238,0,27055.330167011813
38,10,0.5422802079843828,33.135847592753876,7.378307573605607,0.8738197498851499,corn,118,1,9872.527255274994
33,4,0.19219754414359497,0.8834230258716818,8.797491289473488,0.23445095815498707,soy,69,0,166.5753320451729
18,3,0.8787182970602055,16.52211387530674,8.75857736127216,0.40665440190814306,tomato,119,1,9336.853368393866
2,4,0.26676484329791283,15.40279898799744,7.213674904238213,0.7228259269586051,wheat,334,1,5561.644871165585
8,6,0.6660257856835983,10.82411983435421,9.568970885437405,0.13980827195239312,soy,222,0,9565.474377693443
16,7,0.7264257540845157,3.8282147385959147,1.7871075608434763,0.8469807716460013,rice,136,0,2854.668143138109
4,9,0.42503317891967385,10.869960455372189,9.503448131953682,0.9656426264476838,tomato,153,0,7009.949805468503
26,3,0.22951466202469928,25.660827843452616,0.6428506288541821,0.6468734823237917,wheat,318,1,1151.61947652245
40,4,0.21061632658673374,4.596159949209725,5.556663190037991,0.9608575339276492,rice,253,1,1975.4916570362407
49,10,0.778021600766353,20.956553109165856,0.9028793731242144,0.47175564648857293,tomato,289,0,12281.558162248844
25,5,0.4841430137362376,8.318470100665978,5.680441751006167,0.4735285575896232,corn,235,0,6791.4068017829395
44,3,0.1266164347325267,29.70093088306983,3.901707014844739,0.1956240184720937,rice,363,1,3535.135944086085
50,10,0.6594665518484554,12.802433365942091,0.8170127055923663,0.13190224149979274,soy,250,0,4669.236949526946
44,5,0.2626453948842752,23.264503931178158,6.48151993343686,0.3200538863210805,rice,164,1,5751.421419970997
24,10,0.7949355381382474,40.460661598296696,7.312248798228796,0.5303157913910329,corn,114,1,17906.304566623756
17,10,0.313136018125479,7.569663775171107,1.742679950786193,0.5569141517766001,wheat,45,1,258.87114308193554
49,10,0.22023020557662165,15.07352077691667,6.944672756368381,0.29581784356729,tomato,287,1,6229.899675943262
13,6,0.12212967702169418,47.3412245319786,1.7912964439281813,0.6515251071952848,corn,343,1,2509.2027463207805
22,8,0.4848014661420003,74.39728111548919,1.3748270967034497,0.2630852873545491,wheat,253,0,11207.905729072105
5,10,0.4331269496455442,11.069957248096992,1.4744853019809325,0.3935900262421902,tomato,193,0,1805.538939732799
40,3,0.6886153229126715,38.313538662783294,5.991185611074395,0.2761385636703947,tomato,73,0,11164.085502358286
33,1,0.4449121991140809,6.109375277842736,7.788129290457906,0.7269972399911238,rice,246,0,6964.194908908989
6,4,0.3422435735857154,6.877768002686435,5.969340121036663,0.5649152574000806,soy,97,1,693.4970372962765
12,7,0.27240667828800247,37.040522981926706,8.093705178729433,0.7624909891653538,corn,239,0,17457.829084883604
29,6,0.2864247336494754,13.309388970903008,5.915181933362622,0.15152335263248473,rice,131,0,3968.5977803087026
28,1,0.8386707165536419,23.914645658191215,7.97341515223752,0.4828258722116273,rice,320,1,44038.86110361653
41,6,0.1903168117746405,6.19114234373127,9.765248488831872,0.9702627210832785,soy,344,1,2735.400635052147
15,2,0.8899499608735777,21.95553432532979,3.910207119874278,0.14825756323572725,rice,108,0,9394.292923702284
47,6,0.327881536913391,25.733229677570858,1.5002718270920201,0.47654082072636594,soy,139,1,1354.3772144528932
23,6,0.12513170010487285,6.616238465920866,1.3548327202378716,0.13635839697005853,tomato,339,0,807.4700452051192
42,7,0.26138682366968524,9.652713829784245,5.975178488969324,0.23198798887372,rice,36,0,829.3699335430597
13,5,0.0996522226214259,5.464431442391849,5.4714835554875645,0.5162738064157464,corn,203,0,745.9505259771176
3,5,0.7215253037893286,29.267553819437722,1.8431695500417655,0.24176205791564734,rice,77,1,2304.537989657803
4,7,0.48566997565993963,16.163697750675375,8.821167521714067,0.5668798824674588,corn,175,1,8096.753261173156
20,8,0.33643862603678076,2.4449189600854226,9.56752693617343,0.9304585144930626,corn,40,1,366.3725534725474
48,9,0.6127421639368281,41.80431367126463,2.5329032153899136,0.2803668023776841,tomato,77,0,5817.677622974185
4,4,0.5860495470577722,14.26209842834521,2.069622426079769,0.196467858740978,soy,165,1,1321.701349821944
20,5,0.8488912758434517,6.716905335736103,2.140004601223165,0.8427489057846568,wheat,50,0,1083.9014635302367
7,4,0.8670714392361227,13.261699897119632,3.8748278753839034,0.5142428626723797,corn,297,0,14595.949270304807
47,6,0.6285812093155945,3.2530108669738333,8.532418525814164,0.8943499889597241,tomato,224,1,4844.943734784113
35,2,0.7451435381575433,5.08922945693085,5.9600101388012385,0.3755109651988485,rice,181,0,5412.7107751858875
39,5,0.7235613352849017,26.23735808739725,0.6764667638949666,0.6647788046683807,tomato,188,1,3571.2993052404213
36,2,0.4676080027949148,5.029507133835351,4.730317872635501,0.9309821988714978,soy,311,1,2779.78292131643
34,6,0.6487895448284045,52.725358865411444,0.9042264985978977,0.2545262195031153,wheat,314,0,8718.286903441156
39,9,0.11652015653103466,3.6427840489219863,4.062734925970393,0.8206557033748629,wheat,45,1,141.86815076667912
2,10,0.6943179206777609,30.17537134929858,4.0357979028908675,0.6683650748606146,wheat,260,0,18657.340329640494
44,5,0.8675580561135126,30.663121061901975,6.483878304430748,0.8316520701643481,rice,187,1,26733.31186310251
38,1,0.12222854015687767,17.21438056533166,5.494990215664048,0.25362401045779737,rice,293,0,4382.335474828945
38,3,0.7606984169030764,3.479518525166238,8.74767306860852,0.4906778233033111,soy,294,0,7523.785439913938
21,2,0.8430330226518806,6.364518686544664,0.16373555147205796,0.21595350562925741,rice,267,0,1733.770790365372
41,8,0.24226055633175275,10.045771982875007,7.740214222124397,0.9640738971868281,soy,256,1,3082.080246214082
20,10,0.49608950946782315,20.538648798801617,0.22756075121746155,0.15642255066412103,rice,101,0,955.3408356831759
4,6,0.8386794916435402,54.20574114735959,3.0435939949351836,0.15893505819494946,rice,316,0,41899.49635311449
46,2,0.8661921038445227,15.50673291632547,8.796751718657454,0.9083405729635321,soy,265,1,16669.180422366815
13,1,0.15870002669946892,16.325731770699612,6.904451302599541,0.37068593332390753,rice,122,1,1844.385118878244
6,10,0.346653591722133,21.07216425040738,1.7207947869830669,0.6373180295624351,corn,108,1,1004.127276710406
32,4,0.6434229449782282,8.31639618924605,4.908354656575318,0.35872797601657613,rice,198,1,4837.004965752929
13,2,0.23832472447804076,3.477592884859795,7.219319905598881,0.6838825380647784,tomato,145,1,726.8360769080344
44,2,0.32605503433930866,32.093393517877985,9.373495870073954,0.2732224323430245,corn,257,1,14796.201642040529
23,3,0.06979740100398929,56.76154991106729,6.34357767098282,0.5129825122463224,rice,166,1,3396.5846198337786
2,7,0.18049342879151903,23.551175263949773,0.24772943891783994,0.580142957302355,wheat,86,0,176.39701007899325
48,9,0.5279800702550822,4.501296922515786,4.9975188951031395,0.4002786012584171,corn,162,1,2736.4296754767743
27,3,0.6051265563585554,14.104300926837443,1.5304634300691065,0.32653055014205684,rice,304,1,4990.400344868168
14,7,0.6015750564314615,16.10344680177566,0.47874772519873837,0.22618600090409513,corn,309,1,1639.5923669888414
35,1,0.7116064001614842,7.646053692004701,5.985507836181162,0.7355299026771278,corn,134,0,5233.086728471671
27,1,0.4029892016779727,15.440029986172297,7.769442103201735,0.25145444439498094,corn,297,0,12587.964879608486
3,1,0.28246710880498216,49.727396792891106,0.36156949440854663,0.3629137520693302,wheat,61,0,309.0168833746744
39,10,0.06324359503614624,9.616568746094751,7.83610912038423,0.4032178881548657,rice,360,1,1757.2283729728242
21,6,0.22563535214452884,10.587206896862257,7.064172410235277,0.5089301172817031,wheat,287,1,3200.4201964107106
36,9,0.31552964037173165,16.316289156254363,7.5201168947954455,0.7323118295950602,corn,43,1,1208.3166502061983
45,1,0.2014758280083957,9.953067428059184,2.448038998784289,0.48515062118833485,corn,266,1,1034.08900812181
31,1,0.06712280077211191,26.210071550905575,3.936560959478798,0.883984259291935,tomato,195,1,927.5935173487702
34,9,0.18383046736541286,7.635507753326376,1.1983885212449825,0.711807081958166,tomato,326,1,1270.0006324259075
14,2,0.6161846205324365,14.488761592620897,2.3896706113944304,0.854638044517162,wheat,110,1,1742.4333131474687
13,2,0.5851476040017065,22.08762923307084,3.0285939251028235,0.7447185651978466,wheat,329,1,7966.529920583272
22,6,0.8453310934883361,3.825724263762975,3.195046958728325,0.23376861985338968,rice,322,1,4797.423646767069
43,7,0.728443047687713,10.522267016915402,1.7512238410800214,0.9801345716776811,corn,123,0,4056.879330890134
27,3,0.5325926993150125,9.284903390787766,1.8879292689133624,0.807927639191529,rice,175,1,2183.922198782822
19,5,0.16692289536922963,8.397348274379912,9.014802527521809,0.6154495917706112,tomato,245,0,3837.0025113990873
40,7,0.5294610460863833,7.175958222048843,7.8391522545412435,0.24870784666431356,wheat,110,0,3873.9498378495973
43,5,0.10235580177705365,2.786484084243302,3.445432557210882,0.255412583721077,tomato,365,1,680.7198787329984
46,4,0.41625216279922483,17.597238580739866,9.476487751270126,0.6528980573741275,wheat,94,0,6009.326633395653
16,1,0.3817198346051161,1.6308758014763898,2.3899882052104466,0.4745774197018102,corn,111,1,304.1027188217603
36,5,0.4136417379585004,31.691729733920177,4.068797714047057,0.7082735504636312,soy,198,0,8024.723643449039
30,9,0.28785203063556913,6.0953589215620925,8.135439589034272,0.43518495240973243,tomato,188,1,2389.049762207082
23,7,0.6329558804802502,5.18481699973202,4.429420815666063,0.5615606543109355,soy,46,0,868.70728564903
21,9,0.7648027972039626,5.841310968425167,2.3470186037585514,0.26916223416756585,wheat,335,0,6320.323203352289
7,2,0.7032394437091309,35.98010045562398,3.685986140747262,0.23968102986444395,corn,110,0,9488.2095386593
15,1,0.5835892814222483,6.268880463116915,5.007710002674441,0.16808028732864155,rice,64,0,1319.7611157892097
28,6,0.5075930794330613,11.989550593430204,6.206823192219714,0.8376753744086971,soy,204,0,6606.986996395843
45,2,0.07642155300682582,1.8258547175192186,4.0566593893156515,0.5998476264216952,wheat,341,1,262.96040550671927
44,6,0.664493898888133,27.443460068158313,4.313612006868623,0.952426935915996,soy,30,0,2264.290997990196
11,10,0.5132354986417228,32.49927918270411,2.6401721844014507,0.7745376532233952,soy,194,0,7351.808806447016
35,4,0.28012989306430386,0.585534381665916,5.3539376368757,0.7918868442245446,wheat,336,0,1539.7681024034357
6,6,0.3286657330254254,5.47706876891628,2.195342881461694,0.5581525907773139,corn,330,1,1263.0872463975186
35,7,0.8452657684992801,2.8008496694003324,8.67539465486265,0.8339085428730856,tomato,87,1,2153.02798972243
18,2,0.580707908349643,56.936759250025574,7.473923335592749,0.9478571007824351,rice,238,0,65010.896955059055
24,9,0.45452556945889905,3.729722869335298,4.103379605153427,0.7495662271018939,wheat,310,1,2759.6933370134757
37,3,0.5777834787521465,20.450083174903593,7.472531242481445,0.19503004679830122,wheat,255,0,20821.42975690887
22,9,0.4016809762378084,23.53116814548775,0.07095242215192082,0.6859178733281556,corn,250,1,1253.2508567366476
41,7,0.44965493222256375,39.90517754737611,3.4455477372013235,0.20838989101698274,soy,289,0,16523.080804816247
28,2,0.2967628682015198,6.9086994312211685,4.403571180319739,0.16950018017680107,soy,182,1,795.4856064740944
50,8,0.4238753055028978,1.8653869673243288,4.698515276949428,0.7236103646043441,rice,52,0,937.6921362405409
33,2,0.6327533975722239,1.256796478094711,7.487566045625679,0.8513068887316346,wheat,244,0,3389.4677656826866
16,6,0.08395063632349883,13.908129299837276,9.628111468189577,0.24295734165642996,wheat,240,1,1655.9530820986079
39,10,0.7257732962017316,17.92633909463636,3.8005913072975877,0.16673374716944026,rice,316,1,15562.59158636105
21,10,0.2905326097321159,7.653789445312053,3.5066478954292193,0.8978706047728395,tomato,340,0,5002.18738492005
28,9,0.6301758244176248,15.161661017338924,6.105541750577382,0.218988403291782,wheat,143,0,8266.782107738398
8,5,0.596316517478051,11.86569045119002,2.8132548883015973,0.13157748436936345,corn,351,0,7305.119740954163
7,6,0.6047338417701096,8.615866497565328,1.4143619878180773,0.7489489318898401,rice,33,0,484.2481557400658
30,4,0.5669095788174325,16.89239243777625,9.615447164051496,0.8629439986858086,wheat,355,1,15156.936343082334
11,10,0.8652365623591046,1.8491733914717623,8.095490038133411,0.5630260073178037,tomato,76,1,1105.0569326720251
50,5,0.4820925382910822,2.93159629681767,9.585037030688254,0.5859327196844091,corn,246,0,6379.016049188803
43,8,0.6724712481880487,18.228264556762614,2.1791109539604827,0.40317446145464075,soy,259,0,9012.529064100394
36,4,0.649631931549391,62.42149483151301,0.17907434048173618,0.3146168789796093,corn,242,1,2219.22705292073
38,8,0.2508274406865808,15.679073452860306,4.373178495805327,0.7797088631580276,rice,362,1,5939.660166848302
31,3,0.29080996330880177,8.610424236032348,9.33615602095282,0.8643559673089383,wheat,215,0,4960.092730639318
4,8,0.41041453343342266,22.105979531572128,1.3841150633787174,0.389120282348677,wheat,74,1,612.3924288487974
21,1,0.28604324089372785,64.96925414568288,1.172738042823149,0.34643726638808625,soy,234,0,3903.7325431254917
26,2,0.3617316340904657,5.963209319160669,0.6904588896741748,0.3410125475905451,tomato,127,0,409.2192024700114
46,4,0.38231652183906,5.9851263843198685,7.650414971320816,0.1455358762201205,rice,235,0,7450.303876447392
12,5,0.5632848767975924,0.1,7.859479411801557,0.352967522356343,rice,157,0,966.5814701836329
26,8,0.2369065363248024,7.138419560899948,6.9540651805789775,0.12308582527210452,soy,44,1,291.01781031009796
18,4,0.7336480859951843,1.5240220111626563,0.5338651593782386,0.8095668602215356,wheat,244,1,1354.0308757119735
8,1,0.42190590325577887,35.70543605970518,7.233160069816224,0.330334146127864,soy,59,0,4801.41891382944
7,4,0.6503074949307599,46.096171589385754,4.48683945580841,0.7211396704162273,tomato,140,0,19771.387691433087
19,5,0.11922610905469519,2.260227275503014,1.579786324944113,0.5888695469865005,rice,238,1,351.0427476862293
6,6,0.44947058500571185,63.07644182129785,2.951964978835536,0.8537172669794788,rice,326,1,22019.441915425985
5,7,0.07398660235072907,11.098550753416093,5.0119672524896774,0.9643408548013195,corn,135,1,413.5501293511889
19,3,0.6245234930432301,0.3086336628736174,3.2971850712245407,0.4305624527162485,soy,130,1,368.9860911842032
11,7,0.34215356544750913,41.057832160855355,9.697522518189182,0.17950673790067345,rice,131,0,21524.19658343665
29,7,0.8568648919899543,7.228509179174057,4.747942675330286,0.7746811879473305,rice,223,1,8102.782839371253
2,8,0.3255055824112065,27.285138604120675,3.7221329520111843,0.11917209357926505,tomato,94,1,2032.819471978677
16,6,0.5292350133150678,6.925183365684401,6.7319811242514,0.3006670010376217,rice,207,1,4997.419168264134
24,9,0.2687794393404225,4.065283258468697,6.505800023502292,0.1479256016258247,corn,299,0,2695.4532153106115
49,3,0.5770957346052393,12.681559918192903,0.025390364772268924,0.9083335344578338,corn,57,0,591.0925218957997
33,8,0.44698599761324936,2.531124354859017,6.185118509309129,0.10476737353141506,rice,354,0,5943.284499980741
45,1,0.36503402227978793,22.16453277371535,2.438445978715568,0.5434679485137086,tomato,208,0,4368.750117484794
18,2,0.2231359467181529,26.374053985045727,3.752961182237628,0.4815992144430822,tomato,240,1,3470.432562895752
24,9,0.144793142375737,3.751729598856671,7.063782558457709,0.6874701980933255,rice,237,0,2060.0943312582253
22,5,0.15189726386317226,20.78798458049152,5.574304823885948,0.3607696797123249,soy,347,0,4506.96568539533
45,7,0.8991840148797202,18.332173096855236,3.6871827864068143,0.8863258604225125,tomato,253,0,18337.841896196944
49,7,0.4004641178286495,47.958466252934954,1.6749361080194034,0.7609111674232539,tomato,326,1,8758.0025923989
49,7,0.051640251692338546,1.6381725859322265,5.055316390290285,0.48906498339300963,wheat,126,0,187.3863116096996
38,3,0.8599894720321122,2.9377352118597235,3.194340869048525,0.42222362456128726,corn,103,1,1157.721802242647
26,2,0.06698293559534076,7.0114603178467885,9.129365156272343,0.834299422747826,corn,246,0,1230.1203226652065
28,1,0.4057982067213536,3.312640024385675,5.343932056250218,0.7813542686821936,soy,81,0,677.8802844808223
50,9,0.6598559480750575,7.8484385480753325,8.659773977709955,0.45910005222164274,corn,67,1,2662.2463687159184
15,3,0.8274093577159974,1.3146494306113983,3.9024201038066297,0.4072346763491145,corn,101,0,906.3963224345781
18,6,0.6559533477172859,22.76473366304338,8.274544200715818,0.13499919069628794,wheat,121,0,12055.39191358462
45,5,0.44408189166501,18.101760096657763,0.5663124848186143,0.17353652089613109,wheat,62,1,360.2711812811725
20,2,0.8782757331364879,9.625243646337825,2.9818921366545816,0.14852660999881123,soy,274,0,5286.241225597245
13,5,0.08342147557827986,42.7125371135533,0.7826811545139492,0.12197393771322414,tomato,225,0,741.9318293603098
29,1,0.8888583721573069,78.16263770971386,0.3174701569680242,0.23758514392670282,corn,97,1,1575.3076764371085
17,2,0.7719828189521731,8.073332589588329,9.188703590985865,0.8714276359125174,corn,124,0,8185.8716721033215
45,2,0.8395905145574053,41.689749679280936,7.168970575252399,0.8183433796802786,corn,342,0,80586.36450211238
46,9,0.26655656048290616,8.730449318247983,6.251475534620238,0.8610164630453774,tomato,336,0,8789.167076482823
16,6,0.17108936144162928,25.347651872606153,5.3253956013089185,0.6614203252829247,rice,71,1,1390.9392048510267
27,10,0.6138179874667951,26.79330653713919,5.695970808132204,0.661656791116603,rice,236,0,29099.44698097326
50,5,0.488480522288202,6.574414728212782,6.387265123483149,0.21153857189771497,wheat,138,0,3406.672354970342
38,3,0.4946927666327225,16.352041862421682,8.265971367606292,0.7290688182781481,tomato,150,1,6631.497240153334
12,7,0.835926301710735,7.332251710511752,5.9692886693994875,0.35202376978342564,wheat,231,0,6859.939092025695
30,10,0.577068770655273,21.932444303217068,7.486059050345713,0.567327996807581,tomato,360,0,36059.033160811974
32,6,0.3144042598389014,7.922535053355685,2.8104995402455195,0.9592503434207716,tomato,225,1,2163.987040701003
34,1,0.3900565729551946,2.427213395963655,9.767640616426904,0.8835538548865846,soy,350,0,3445.4420983286805
3,4,0.16347145982807357,26.96627652934366,0.31994018716185224,0.3098741565662129,tomato,305,0,627.3098057640177
16,10,0.21346693423433594,22.03747229917517,3.8663793761778775,0.7629855541302641,tomato,291,1,3784.667659715482
43,6,0.17184755967810772,25.898740733318853,8.820613465485534,0.19368167496328997,soy,295,0,7182.144195075668
13,10,0.7387476400296513,19.63493028003032,1.8060491038992155,0.12406823716962934,rice,296,1,8004.553025253585
16,6,0.649142447776301,26.056150029082946,1.4142395912436458,0.12535684730367416,soy,115,0,2217.21764520166
17,1,0.500793264969224,3.643455846640377,3.654942238232235,0.25322183579621116,soy,358,1,1342.5053301109376
10,9,0.3682126585834351,22.8707071331332,4.282518810467759,0.7254535618844137,corn,338,1,7932.5627951249
9,8,0.6182201467756979,3.9415831852298364,9.334007212556616,0.42697530411221685,rice,231,1,5334.189085833154
19,8,0.7409695455413968,15.02107200542518,8.361359227553502,0.11434819507002261,corn,268,0,26701.033497697477
44,10,0.7990482333209526,15.64351617363831,4.641432287267452,0.9892203682391577,wheat,325,0,21558.577785547863
2,2,0.5149637939753835,6.422784343980503,9.729778033715148,0.5800405629087938,corn,81,1,1908.5396920616597
15,10,0.7469023535467457,16.038700660065462,6.423141763186485,0.4544921936001858,wheat,51,0,3556.413157866559
4,3,0.48461006040079074,22.75015978029954,8.736713661086931,0.5669649055439483,tomato,364,1,21630.074044746787
29,10,0.4533505758097072,11.64358293299585,2.461323747887768,0.5679738188726949,corn,216,1,3081.2038763294076
14,2,0.7856170772787853,2.088615734508143,4.890151778925529,0.5232129193836944,rice,272,0,4151.015818689615
40,6,0.37841784582496435,4.760483297373351,0.2981424163509765,0.6516540140184737,soy,198,0,1119.334254497447
30,8,0.3865257771845969,23.669557661946026,0.08979305247122199,0.8970639578814759,corn,203,0,2172.7170528410743
40,1,0.3091746434921787,9.794556198461365,7.054826756173706,0.37154232286937794,corn,42,1,581.5924340315044
33,1,0.49089646905042417,7.564803300271281,1.1838179310335415,0.538271760561366,tomato,127,0,1114.5583818924995
23,9,0.5131225286360416,37.15150280557446,5.478534562871066,0.10327959657709183,soy,59,0,4586.005409525758
44,1,0.6113919735138884,8.443224217649043,6.96037881461799,0.8738328531863824,soy,175,0,5501.774351986849
25,7,0.4159269635931349,54.522601394673536,0.323313627710163,0.37531350002180464,rice,37,1,311.60463861503877
48,10,0.23516169810105947,18.380296012454302,4.487965250057675,0.344167208495532,tomato,299,1,4768.995849008616
50,7,0.7868157530517945,32.31280767006182,6.841835217921412,0.9977834522899311,rice,128,1,19580.52361960309
30,5,0.3441007371523122,8.967696917677893,8.897420147560645,0.6259536448706692,soy,279,1,3695.8683598219372
35,5,0.8345019068641485,27.54200922703531,2.993001775915963,0.21073892152689125,tomato,47,1,2419.7788200439427
14,7,0.22625033307248738,5.126770623877722,9.742191080313619,0.3389724729042139,tomato,41,0,477.305806562932
41,6,0.5260488548007959,5.926749166014018,8.445570455097315,0.41790392943968024,tomato,172,0,6145.126945806289
34,6,0.5061228295000344,20.553209600572345,6.506700085746462,0.9874540430835885,wheat,294,1,13872.251227021061
46,2,0.754350670737946,2.1649301961570613,3.9198631469540657,0.4875595101233722,tomato,303,1,3079.390582065245
15,7,0.16802367873820528,7.164783675676732,7.111392651618787,0.30712058946352816,wheat,212,1,968.1787912794695
40,8,0.8234465969798421,18.025053758449598,8.162116497434463,0.6127578706715354,rice,236,1,26405.47285719173
25,8,0.5017139463462597,44.56831637052762,3.0336954489906867,0.4642836922513094,rice,261,1,16767.42236852695
11,1,0.5481929763272114,4.4010166038537895,9.928307819005386,0.1494643493276834,corn,256,1,4749.931046271689
10,8,0.483641349303102,28.746061023564074,9.086285078176635,0.8748276512088929,wheat,279,1,20184.35122505841
29,8,0.0806211708108265,11.413836434451625,4.855528901988884,0.11411877455497353,tomato,40,1,127.8999541013881
17,2,0.4725270625356084,69.1829052673154,7.228576327838177,0.908635272170929,tomato,174,0,41946.74025979382
6,9,0.27401721327544193,34.44858585783554,5.2405649372932,0.812672833241622,wheat,312,0,14967.632566973729
22,6,0.3412849533211567,13.479480994525803,7.609544591418066,0.16824088912817,rice,177,0,7525.789482673333
33,5,0.601736359309069,24.397424250289426,8.269995056575937,0.7512499700317485,wheat,79,0,9125.276089967541
17,8,0.47304256005299,0.592022943318978,0.23320232901526822,0.793847513925387,soy,253,0,1409.0875347348083
48,6,0.12923548076734137,30.94149771756325,0.792241164976792,0.6420763660858161,corn,131,0,810.617878377482
40,6,0.11208508354749508,5.647371030907523,3.3653376913513937,0.619903720140511,rice,201,1,548.4243947382332
27,4,0.2078090412747648,23.00011720341298,9.176218712690863,0.14471832362317666,soy,203,1,3783.557328798734
47,10,0.21225237458639012,13.596578489333913,3.9833375578507533,0.1535467346405043,soy,263,0,3242.1820542781634
23,10,0.5670556434256602,6.685373805199849,8.87523463980404,0.7545597848521272,rice,342,1,11396.941795288321
8,2,0.2011422944387114,41.0044569447542,4.624876692404898,0.19500866102701886,soy,263,1,4044.8148457126404
3,8,0.799461509783555,0.350342830984679,2.8892403501954225,0.3176596906358298,wheat,365,0,1452.9081176414188
47,1,0.22829656152140115,8.589099499334747,9.00655118544189,0.5489529344410229,soy,36,1,324.9632505429545
49,4,0.12746172861242522,6.346805566008773,5.607147018417857,0.24774730625141345,rice,292,1,1370.5606401198133
38,10,0.7943841139056999,4.4224585263457445,3.605482466005383,0.810855604495023,soy,170,1,2988.9012923494447
7,2,0.301028439665223,14.364131319912017,0.4450256292745402,0.8266402214011798,wheat,275,0,1233.8643952262441
16,4,0.4116092353586754,14.354746959917774,1.1102203913497906,0.8579288901348028,wheat,58,0,569.5090366709052
4,3,0.865172426410576,12.579454960599923,1.3939639660876635,0.1446113086972345,corn,207,1,2385.8620083830547
4,8,0.8527138362841078,17.186403653622417,3.6489980678156524,0.485085845110262,rice,40,0,2489.8008550928703
14,5,0.6576793558751801,5.088641811329875,6.073722224487696,0.8622259054429022,corn,253,0,8138.4368643254
30,6,0.1085981089726715,48.73713217325655,3.0765935541048766,0.42689745127602907,tomato,102,0,1928.5579210923095
5,10,0.5543391065996879,0.9978055678396768,0.6562108100142372,0.7262383404907202,corn,78,0,496.90658460106084
50,6,0.8907162447859192,40.60643206465196,2.6488225644360206,0.6303213137710086,soy,56,1,2889.9747039889726
24,8,0.8548787941603835,1.1084641113285778,4.087407827345203,0.41248775503646073,rice,120,0,2532.9353483049317
14,1,0.14010211864195143,6.571177920647546,9.922707016794618,0.3487643461813814,rice,352,1,2649.9984315469032
27,3,0.3865722076268133,10.328638984790112,3.930476060604636,0.687468782889466,wheat,360,1,4269.820513062241
40,10,0.3182062340174134,3.4270251891633223,0.8928649920556923,0.2202617233026073,wheat,57,0,399.1541869652705
17,9,0.16026889086916973,9.093735606372361,5.811567029924861,0.8741102671789828,wheat,359,1,2270.9779873334664
4,7,0.6405785645614468,8.135965213974695,9.19648108619027,0.6187990969726331,tomato,227,1,6354.492525998356
4,4,0.28277110970620123,18.985812066391727,7.867170292918639,0.20035315461325526,wheat,138,0,4704.564943078664
43,2,0.3431359326565031,7.370641490522178,8.36234687356318,0.7331748806740273,wheat,346,0,8076.698066709157
7,9,0.12680504519620528,9.67477084391875,9.282389729227202,0.4880012948941771,rice,110,1,898.8754952832779
33,8,0.4732724249618657,6.00119850396959,6.365798490351995,0.28367327382685814,rice,91,0,2450.1969495014355
20,3,0.18444268410424802,67.80438192811604,9.949232383804333,0.9649623636323795,tomato,107,1,8652.535137891882
40,6,0.41727686004256576,3.8840620024743315,0.33378241722662844,0.747683006512983,corn,78,1,554.4875182244849
4,7,0.1718408887878063,9.628670148421358,8.34856192175948,0.6336942609951964,rice,192,0,3414.465064149849
45,5,0.8607724064576239,14.893452488924696,8.570249684553094,0.8639804629534255,wheat,77,0,6854.150779325683
36,10,0.17323515321757121,7.112050749049093,9.167087207228887,0.5894828108939374,soy,105,1,661.3957337617707
24,2,0.4936040807730382,0.3889991706632432,4.782216406900855,0.49732355109961346,wheat,154,1,441.26639649895066
12,3,0.2174328515211394,13.091452103532594,7.87777148028238,0.2705021738746375,tomato,247,0,5078.541270801555
49,1,0.11490753295171785,9.515073556704547,1.9516089108126768,0.23805138260636083,soy,318,1,401.78586778445725
16,7,0.22196232601578342,0.2813577276452496,6.031699121556966,0.48877238473466345,corn,55,1,109.78897669901464
26,7,0.09655799128187068,12.851377999945875,3.5870928784822507,0.5103771211247643,tomato,241,0,1370.5819631494946
21,10,0.1684877756528405,4.683400888239571,5.962140332969094,0.7599812547076545,wheat,64,1,324.58493943439214
13,6,0.4694615340987344,19.86828284195815,6.755929511075846,0.4978765090331888,rice,362,1,18829.202587523727
22,2,0.6040431928989382,0.6812407092026057,3.4713395987950424,0.6338432805088761,soy,123,0,722.5470418185356
9,5,0.12423884281101594,8.570595445853755,2.1631667547294167,0.8492666716686215,rice,317,1,984.0661624250977
2,1,0.4248658303186282,4.910469802517873,3.217557400684488,0.9940012259594876,corn,291,1,2070.8532321670027
16,7,0.5440599694253492,0.9390733832606725,6.639908493829319,0.39027278363615425,tomato,138,0,1285.2780231896481
7,7,0.24909182477940228,32.504647406906685,6.769065462494433,0.9117590173555319,soy,138,0,5350.546384635925
22,9,0.36626664978862156,9.658792839959943,7.4134280433049655,0.825445784668239,soy,136,1,2189.28350795222
44,4,0.11105963927356735,6.8968081133411046,1.2662395491184872,0.16120602128759778,soy,188,1,190.2621419561018
9,4,0.2371114181981307,23.551543047523488,8.185355385154361,0.4007430377685022,corn,178,1,5745.493487692082
2,1,0.446739987031099,9.131807326357134,6.881789867608014,0.29713866385094506,corn,250,1,4187.818254362485
7,5,0.891875852086524,16.11896530775767,0.30602026182970116,0.6979458451806982,wheat,186,0,2138.82745930831
26,5,0.8968253034982634,9.553049246092785,3.356642896501073,0.5997692225959195,soy,294,0,8393.496829452763
15,8,0.8826784289556447,8.38079987056116,4.667645847808865,0.5453659473305983,soy,186,1,3737.8124727837308
25,8,0.40962342835527843,16.577325592434974,3.606814286377761,0.7872073874268197,corn,133,1,3140.7730401806753
3,2,0.11857832165246526,0.5005573805855825,1.1750514651959227,0.39997782623078504,tomato,139,0,91.03752913822761
18,3,0.32503742166193345,9.318836612791918,2.0742554987655653,0.4444770659979391,wheat,275,0,1971.6023157196068
22,6,0.2520572190653307,47.68425701419532,0.24658938770641528,0.8790705534029043,tomato,77,0,546.8499697936943
23,4,0.0620075886733764,2.138519896751537,0.9316785363642758,0.9749876583340059,tomato,126,1,97.4822584328245
29,1,0.1309485687451191,26.375422105815176,2.663734877127723,0.798721606691049,wheat,134,1,742.6304083043716
40,9,0.43521314479170614,4.07957745752973,8.199882686091671,0.29536387729950364,rice,246,1,4232.498057779431
24,8,0.3387130942336524,31.81407319893499,5.266848461862066,0.2013864689474626,corn,73,0,4001.272312883612
43,6,0.20330066338931058,2.5618802826162748,4.24555440902037,0.2882846329892218,wheat,181,1,614.1828195669904
27,4,0.6586849750599351,7.318822401191223,6.6219672766415325,0.4804852285206068,tomato,256,1,6970.986907156031
14,9,0.35354825651212574,13.378725974536117,5.415564092689728,0.31302732497287444,wheat,341,1,5291.319435306311
13,1,0.7740876773845627,59.499808483341496,1.3160077536295067,0.9109370332648106,corn,177,1,7450.147580646759
17,5,0.25483058622364974,4.448607739829269,2.2270110148780713,0.7036506115906962,wheat,359,1,1109.4537186428813
31,9,0.507634466573631,21.607182833333937,2.2260010875450855,0.4750563203047127,wheat,234,0,6519.041359478064
13,10,0.20651833457680507,7.017165838129733,5.99992517361081,0.3464305595754047,wheat,290,0,2421.689290036358
46,3,0.4710055239279657,24.492665155069783,4.616782037527275,0.4425949046268679,tomato,111,0,5590.7000555141
25,7,0.17959653263162828,15.859201335564995,3.876463040545976,0.5284455358300573,wheat,337,0,3611.108337224612
44,2,0.18734183071579363,1.2987317231972082,5.566835089644999,0.7424401169581558,rice,117,1,376.62106804699835
35,2,0.5703898704857133,11.78049305795087,9.701187742039789,0.180407402405991,wheat,75,1,2598.449085493216
18,4,0.27421813584940175,2.342499566617829,3.142620367102712,0.8639496458100511,tomato,56,0,324.81960983182233
13,9,0.1965121425796102,5.140082783775609,5.2024341409015395,0.214804028017162,tomato,249,0,1675.3043092529645
38,7,0.8403030126148122,12.848239461455888,4.804219786425513,0.33620507377519415,rice,241,1,13382.721226567402
18,5,0.08655276312904342,3.23263547697753,7.166713674426703,0.9942309061953254,tomato,96,0,304.3814456604237
14,3,0.5303758957915041,40.743027256892525,7.303172389561179,0.271187770639826,corn,325,0,49207.5718469979
47,2,0.5160242655582755,8.964820298148211,7.290978143408993,0.19102796900771107,rice,123,0,5205.161459345909
25,3,0.2630175432426008,11.42211339229071,2.0159942798075092,0.6745647717269184,corn,234,0,2057.822835644772
4,2,0.43485598334589515,11.986330343446376,4.491482270475517,0.45381617186610246,rice,205,1,3970.593612068256
26,2,0.12457711562024015,7.521235430145648,8.111935735600346,0.18265189084165784,tomato,229,0,1830.8026234132394
24,7,0.6630796240353029,6.666965596322408,3.815920175235897,0.10336818551414054,rice,279,1,5332.607627081449
44,2,0.23844257612029973,15.096642437838916,9.842566917782,0.17124541874333005,corn,341,1,7578.563388011254
36,1,0.2143775558525725,29.93017492495047,3.6485026311801994,0.570462020894716,rice,272,0,8825.008540453806
11,6,0.31764670653587757,20.8584630421108,4.977170606592341,0.3078036506178481,tomato,334,1,7427.041820569562
9,3,0.8170144322236708,3.09689861217241,4.7457814224306665,0.7997969208870549,tomato,322,0,5754.950336946912
31,5,0.7269966510410113,33.52175865106586,4.337204360889957,0.8717577697645686,rice,150,0,21306.610659358386
4,2,0.854858447463694,18.653406140466657,8.456468051827896,0.2303497159437649,rice,217,1,22441.497583363514
17,3,0.6041679941281226,32.58078909686234,1.5535971002425872,0.40331788366102317,rice,96,1,2491.2048216706726
8,5,0.6134832843772745,6.414247833505141,5.677079399433417,0.23191671292137775,rice,341,0,9593.446759579128
3,7,0.4580263495122844,33.39766406327175,6.186397171976882,0.3580234332237525,wheat,354,1,14878.596617419482
47,5,0.8194083748619292,3.4600760805834927,8.512361859385638,0.3152839768755142,tomato,328,1,6807.903979821737
6,6,0.48424557687977965,24.329602110863988,6.092392399101159,0.8081784108434679,wheat,279,0,19643.34304032396
2,6,0.35180106017577095,9.240929912650142,9.600243457530018,0.4109317102126596,soy,315,1,4416.672403173229
47,3,0.5943187584300155,0.1,8.721804954897028,0.5460083188697588,corn,296,1,1870.9840812064915
11,3,0.5142185693908189,40.27679333468932,3.4880507435789623,0.7065055949256833,corn,107,1,4342.107925260119
42,5,0.15541684301341116,34.292239074791794,8.599204546463055,0.840030984236968,corn,118,0,4923.880139768263
3,1,0.3838166018255651,3.5205320847534005,9.584819663120463,0.3710881812902066,wheat,208,0,2597.076310115836
9,7,0.31632659943030794,5.543144583530712,2.5727146120649387,0.28829860093361726,soy,171,0,795.3611199485287
7,7,0.7698087087594621,21.634088798103676,6.102477857837421,0.9806080363802808,soy,277,1,14484.391651569525
36,4,0.37201617342714244,21.435859811895476,2.818757319509013,0.38813279018274727,soy,277,0,5198.933607740244
32,4,0.7483219477430587,19.678919458045034,6.496023223543094,0.703961289262788,wheat,357,1,19758.559119921727
25,4,0.4260311548158037,1.1285296650809027,0.937334402665672,0.7100569366100238,rice,294,0,2146.770366288165
13,7,0.6904754789287685,3.379087720536058,7.342146030668707,0.5626265010395869,wheat,33,0,618.7719544547863
6,8,0.16498963923451143,1.9715075617942701,4.198778466124834,0.3056027009361013,tomato,144,0,382.9991131194058
29,2,0.835952686709693,10.711211697530937,5.873484479585692,0.22731167885875864,wheat,139,1,4717.652668466713
13,5,0.4584759071790805,0.3800461026746486,0.2595981628324579,0.538314530422988,wheat,242,0,886.2926173480279
30,1,0.2708285087823604,1.9607150773502202,6.954719110648074,0.5598365830402393,corn,145,0,741.3943864349515
35,5,0.25526616541008584,13.39470428426767,4.9604175499983,0.7960300810973179,soy,358,1,3429.3660538734816
43,3,0.2753156952887261,2.3546996843674592,6.2528848258707335,0.7388500995569741,tomato,126,1,712.0352003247175
26,4,0.3617155469802725,19.32461749560574,3.1573640557893645,0.92083715095228,soy,177,1,2203.766385857841
2,5,0.6598916027742743,1.690935293730141,1.4590559140407227,0.9737745056988685,corn,304,1,1904.333484781243
15,4,0.8571625864656746,36.07955924229321,4.354853991019424,0.7550661935795867,tomato,153,0,21357.49842697116
43,4,0.6186818156050874,3.897410701808836,9.439847233742347,0.16886012394722805,corn,45,0,1260.087961969542
28,8,0.5150913303024857,4.45104138163027,2.2787124725113994,0.46460647829539237,tomato,141,0,2491.3340610016803
32,9,0.4313081368145644,0.1,6.758714281340482,0.6479221328566146,soy,150,0,1128.4278271506341
24,1,0.753965296981974,20.611257365856964,0.49938559680137934,0.6311755643049618,corn,235,1,2359.0760985236852
9,4,0.7722086220791594,9.356368472703803,7.181279752884018,0.26329940724753836,corn,269,0,15508.380996287447
45,9,0.2990820232678958,66.46753829626714,2.3851334308281293,0.6246502565057842,wheat,214,1,6635.851984285668
39,6,0.8604072113554156,1.9855232215059118,4.515719085233096,0.41471245709329974,rice,166,0,3893.757697375103
50,3,0.38584805872542477,28.811226647538177,3.678163252847146,0.40503416035934436,soy,198,0,6270.928517075988
43,6,0.7300663588127987,3.071435382445599,1.1292905928302375,0.8506063047711125,rice,78,1,1201.4614325776172
16,2,0.8717968963698983,14.683327082766604,3.4564739431652454,0.47973984280139803,rice,90,0,5171.016238346572
14,1,0.6481093857272695,5.663399347688133,3.5018994579735625,0.5746563586580073,wheat,235,0,3109.363015287072
14,7,0.18731811748351468,10.202625068808091,5.221534284658487,0.6065855749310308,tomato,320,0,4087.534745113913
47,6,0.5482164118978412,2.1401174381220827,9.723542977866932,0.6066971018664546,soy,205,1,2466.031396040788
29,8,0.15096055463124164,15.981529600238591,4.700705207583793,0.29180936240503486,rice,50,1,560.5002172874254
24,4,0.7207707338885874,7.934834800450872,9.144347130170706,0.6395080268341063,wheat,359,0,17369.083444695243
49,9,0.2891178977928005,0.1,4.616115027966992,0.40116124804970765,rice,138,1,878.3048299233888
31,5,0.6409325996010158,4.988390993927242,1.0763254654485197,0.6895182651365527,rice,281,1,3191.5465768925037
46,8,0.8235762230106691,0.1,2.302298799864126,0.2311278390691544,corn,331,1,4856.069709365931
50,2,0.20385837306964655,2.592344250972405,4.075769242899946,0.9947040351703026,tomato,361,1,1350.6549491010326
5,1,0.3839291628109917,25.98489710479802,3.2543623609288774,0.794838962308056,rice,69,1,1894.666805426472
19,8,0.6000509698625314,6.068676109548106,8.658427046037383,0.4755262901358768,tomato,92,1,2298.0590007212627
37,9,0.4067098038880759,19.87971917612261,6.786777376363317,0.3712166657778547,tomato,246,0,14783.081774930488
41,10,0.19859610038100795,21.76909555531624,5.783506210734816,0.4490218313360612,corn,285,1,5598.749379127024
9,4,0.07471087204347746,0.35064457035177055,4.912804282815669,0.7490874454964874,tomato,310,1,191.10087274195152
17,1,0.39560842214666847,41.42100026170406,3.9733089122723797,0.6898670196261086,rice,215,1,11138.89209217344
28,10,0.6018276725946323,7.322426343684294,6.122312205880282,0.7318832608005287,wheat,83,1,1932.0324309244327
41,7,0.5378865769296154,23.51216785660792,1.2469470472783655,0.9000992759063854,rice,269,1,6334.2125796073
7,3,0.18280505379654605,7.252216377252585,1.6261693489808395,0.5106657036793684,soy,254,1,417.8293993597318
31,8,0.4330894272872786,6.394397259917834,3.031860417613603,0.7025690336028982,tomato,187,1,2056.2750235120493
16,10,0.36405038925406485,21.456372230021167,1.712674979994283,0.4973571594638815,wheat,244,0,3488.5961951155937
12,3,0.2830720419493899,39.524014830939905,6.771310091529142,0.6742882703078888,corn,101,0,7295.389036137583
27,8,0.6698805572813309,12.051634203428955,0.24865844574104673,0.5273412732666525,corn,302,1,2789.047920704684
22,8,0.31320422552310667,0.35277077896537684,1.6026147391758343,0.7989972646041038,soy,45,0,197.93188514092589
33,6,0.5091206594830748,10.207917438174249,9.026178486878534,0.10473411095535974,rice,311,1,12433.250404129454
17,7,0.8347400049791741,5.048494104665925,9.975433939072646,0.2941398602108036,corn,311,0,15749.261605145897
42,3,0.5083845849155451,11.557050475553417,4.876417187803103,0.36679386264692015,rice,260,0,11155.614276646438
5,10,0.5744694736364767,7.837334209511195,4.954205360144561,0.9508550556260046,wheat,303,1,5423.669508530261
44,10,0.1122590882424187,3.9366751751071662,7.734214223612145,0.5563415916702261,corn,336,1,1309.9340747589
3,10,0.20141402218047588,0.7060678564391272,0.36285958662813006,0.42791669199832716,rice,84,1,83.56021864423467
38,8,0.13580851940339644,0.26964380193891824,4.2707877975278805,0.46388090405230464,corn,213,0,674.608471989812
18,1,0.7000910061024641,18.11912904244119,0.9991789902677833,0.5066400550892827,soy,246,1,1958.3555208224443
20,4,0.7605329187793161,6.683565741722026,4.0098629001822035,0.8810473511025739,rice,346,0,12377.332966755823
2,5,0.208486999215391,39.91907226227718,9.83823458944762,0.9661022791121241,corn,277,1,13382.663841268806
36,10,0.2363809882846274,48.30011302287332,7.536579174752808,0.8597481757662075,tomato,229,0,20141.485701012207
10,6,0.32472619606886544,19.575538767415296,9.850473710976495,0.8574910870770536,tomato,217,0,14565.211148785243
34,6,0.5524159744107602,12.960159544279565,7.460740208080347,0.27911359985991513,tomato,78,1,2713.423619307495
37,2,0.5785267647300166,4.651465346290516,6.081492607994078,0.3418102645860298,soy,136,1,1535.607254849635
43,8,0.6337408647602389,8.685174388136582,7.542454108439507,0.6364442625022891,corn,175,1,6308.622301431159
36,4,0.8194138427814432,12.157925881429836,6.591257638036876,0.6905236720971798,tomato,325,0,27096.24701429677
16,1,0.3007841194220574,32.20478978747362,4.6411962329891825,0.2824348361014732,rice,319,1,10257.970609633083
38,10,0.6099451408257593,15.183425532437317,2.926170793718095,0.7716536854718656,rice,245,0,13623.977277819411
42,2,0.5257644189110383,4.306134980992289,5.202260415284215,0.2799671976276281,wheat,65,1,558.0160625522809
17,1,0.309961654350682,7.483460312414555,2.585676245540404,0.3367095819304728,tomato,271,1,1378.9969786864433
8,1,0.8213029086046224,48.91938818106,4.867276788075012,0.3761159841834496,soy,184,1,15993.316165687895
45,5,0.13116090016533488,3.7181821110052633,1.4622079238049388,0.8613922748412853,rice,249,0,1244.5171289379166
9,2,0.6552008728072438,20.654689963229842,5.654385594601439,0.7588755071837949,tomato,175,1,8027.208224515046
31,9,0.6686926560692117,2.5454855146857223,2.453591624430236,0.5776168921517633,wheat,272,1,3144.8187066589603
13,6,0.8280275485364674,2.9252760399422275,2.936787431311755,0.8377743683214056,wheat,103,0,1648.7956738591167
8,4,0.49079350349865053,34.14818179934775,4.990782389682102,0.8316354226023311,wheat,78,1,3342.869316914039
40,1,0.323378987486359,9.111355449470551,1.6261000039627858,0.4508497863538511,rice,103,0,989.9195061581717
9,5,0.7535795693810174,9.866326432715978,9.623836456475555,0.8032935587386779,tomato,339,1,19726.82190193601
34,2,0.7051887395575338,5.958644569478212,4.469996209613369,0.2856184948014918,wheat,55,0,891.7185490408997
35,10,0.4752682722565498,7.080867757451368,3.523440017037884,0.5529059649599584,wheat,126,0,2610.708754849559
4,3,0.7026787692887394,8.78109038536559,0.29293685432071676,0.20641755734980333,soy,145,0,432.03777922306693
10,5,0.2776942617656717,3.7974890391197746,8.432700376759216,0.4841150370321322,corn,311,0,3389.1345423292464
40,1,0.5510803808429477,3.2395741328045884,6.258713319148537,0.5683291927904716,wheat,150,0,2215.4994577772013
26,2,0.7854059365696942,23.112783912785435,4.164635143258132,0.17192652212446324,rice,330,0,32596.110522143736
7,3,0.3202868289240356,5.909172742330128,2.4560824605854186,0.5163514855585749,tomato,361,0,2525.549625496375
50,1,0.4610174850661317,9.351707823939968,7.451629049335177,0.6865034886641197,corn,248,0,10120.841046762838
14,8,0.858388126046956,47.73491929987338,9.45480028284093,0.6526794112702641,wheat,145,0,49930.33765743085
2,10,0.7284800656759762,0.4790729708844396,3.80871624681455,0.14891849910195132,corn,231,0,742.7114916259328
47,10,0.8039831672809699,4.642237227622962,1.3496258077239334,0.185805717317381,wheat,254,1,3853.1458160692864
2,3,0.3774600017568794,10.894998428357491,1.092838277980101,0.4162206213596269,soy,66,0,325.6511373444985
29,8,0.897029470689375,30.71240934322455,0.06461336136652525,0.8584171506244951,wheat,309,1,3673.7409867715046
50,6,0.179680763981241,23.386024365161315,7.439810452276449,0.8827804478506263,corn,176,1,3727.231500981861
30,1,0.4909549957338626,32.217624951345506,9.813972463630803,0.3786515827371334,wheat,314,0,39046.16605516121
30,1,0.45738237495181194,4.856964006427091,9.92818470978293,0.7470028767173108,rice,235,1,4782.920669654292
21,6,0.7286673621801143,11.763597155188933,7.842188346174913,0.6196515331164788,soy,319,1,10911.412981137904
8,5,0.8223251066377602,38.9321916674973,1.6226755991821398,0.9850800328834893,wheat,57,1,1700.5834966830791
30,1,0.6714684703718509,27.259714300573798,9.777116849675302,0.18517952106072255,wheat,44,0,6993.285269390424
45,10,0.5827938007107574,10.381656964345805,3.2788066165765075,0.5930926680162294,soy,67,0,1787.6754667022844
6,8,0.4133148122212281,1.3548471236738622,3.336862475315944,0.6332838839841284,soy,323,1,1058.0908752443077
45,6,0.483777029514374,13.094130840104162,6.873682191971497,0.37690171385600446,wheat,363,1,10438.073217563631
22,10,0.48290526624109853,0.2714609283677084,0.4914428215574394,0.1422579227423237,corn,365,0,2797.148225497398
28,10,0.06731320263172101,24.977896530733894,8.257871529345685,0.14689408211904342,rice,141,0,2519.187734791375
10,10,0.477588934103526,40.33508376759465,9.972975467600952,0.5082562487805744,soy,118,0,17570.88253009213
32,3,0.7775751801480062,20.513391028567877,7.750922711121085,0.7232264104995272,wheat,147,0,16640.66700744698
10,9,0.652882909470911,4.744362257431729,7.816983235582125,0.7301582072228147,corn,304,0,9643.71757820661
15,6,0.7263523288062541,9.882515967309072,3.903746391994943,0.2628728647496418,wheat,114,0,3421.0136675436556
37,8,0.3819122413032428,10.86672510183372,0.6601479687675536,0.8721749269052077,tomato,213,1,2225.855187304361
4,9,0.4996272513760143,6.445097898870213,7.92688167491,0.4394461833727704,tomato,247,1,4432.7108204643555
23,2,0.0784610336475354,30.82170572126397,5.971983710961101,0.9679311117751761,corn,151,1,1499.858701663031
31,5,0.375548250843942,6.410383078321462,9.093477552531722,0.20634367098307316,corn,188,1,2977.815762373565
8,2,0.45325363815874736,29.029465423183506,1.1605130387681584,0.8528092287719337,wheat,253,1,2813.6520597944186
16,3,0.2669275646592194,11.897026134993272,3.0519255078779888,0.917504337920903,rice,295,0,4493.329467474243
18,5,0.07655483214205235,2.0188194917335838,3.607200881080141,0.8404079735293583,tomato,93,1,86.05798252997887
34,9,0.6368468924621093,32.56556903415687,6.83311380573837,0.8279570270797155,corn,202,1,19075.43266126424
49,9,0.4198245882215167,10.352305239575276,7.877663885868448,0.42517901386445056,rice,81,0,4706.708339519802
42,4,0.403326464145399,1.548553134399851,9.610243065435618,0.7420087960488757,corn,35,1,274.6523852054927
11,4,0.2624887409242326,32.56501285966054,2.9547761760832203,0.6214119094101703,tomato,246,0,7104.2336902219795
2,6,0.5071558391483145,22.432405961383875,4.9368704492339095,0.4820312182880966,corn,192,0,10682.669905122853
4,10,0.4223227640801217,4.841182457118313,0.2905803398829028,0.9938005264483117,wheat,117,0,635.5976303554951
31,10,0.4528868020747273,8.193363586486203,2.53062579321077,0.3614092463306079,tomato,48,1,649.2260638434274
9,3,0.5437406461709247,37.51483401644713,3.740661077688284,0.47182961996900574,tomato,347,0,28251.793196757448
13,2,0.055375950153775055,6.259590810344325,5.938468259047958,0.9125749336043056,corn,307,0,811.6364038345315
43,8,0.8215415180076592,12.77726999340989,4.7089840904981415,0.3601074511866468,tomato,344,1,16430.85254624009
44,4,0.11042428740331908,23.92599627779443,3.6453861227101965,0.23741302791568403,corn,68,0,710.3729055224443
43,2,0.4332860352185953,6.727018819872141,6.241155587326887,0.37899977470253654,corn,34,0,613.1775271725845
14,1,0.2262669439534742,29.60585500180565,8.286328155492887,0.783380509391612,soy,102,1,2532.37683162268
32,5,0.495215013964394,18.04225814446482,2.4175696487149074,0.8738686087320394,rice,63,0,1929.6933936030714
31,4,0.28819559247756715,12.046157060397906,3.429415916724863,0.203000488860125,corn,184,0,2649.6676099605174
11,6,0.7810055233532133,10.356689354825338,7.049531573220513,0.6595414129673439,rice,246,0,19689.300684346832
29,3,0.3869058588680572,27.9544967061697,7.779628046986545,0.6105582150352686,rice,95,1,6633.769504186544
27,8,0.5929422224031717,20.515528965819787,8.254143320474737,0.7019180069620286,wheat,163,1,10006.797381228063
21,7,0.2615477689256971,9.715737939636696,2.0941028577513894,0.7039507340141163,tomato,211,0,2188.0845767103365
38,5,0.06649522791991488,6.253549762071297,5.393130345482913,0.9635207232398755,wheat,136,0,364.44362010398237
35,2,0.39353135527128463,7.198011345817363,9.000210974154319,0.41187628758406536,soy,184,1,2357.741376018038
28,6,0.5060135161245466,14.752004007549806,3.920112600459826,0.369790229562201,soy,228,1,3299.018760529049
37,7,0.4406150785724877,0.40870233286417146,4.299401019125336,0.6231027572396427,soy,350,1,1703.7908161615726
39,4,0.867712209246031,2.6505655125667023,9.848244616062958,0.4864766133147955,wheat,134,0,4405.04198301768
29,3,0.6508132977691241,41.15783340736963,1.1314134076790217,0.5263788450813205,corn,59,1,1462.8498054401553
15,6,0.896319330531586,22.942733926082738,7.056314292626899,0.16234929415404353,wheat,321,0,41092.76451719818
39,4,0.3008010767668761,21.121310109212658,8.501991086281878,0.2334179592582337,tomato,223,1,7929.727069677531
37,5,0.7206952876660746,11.648337258971587,1.5087843728235402,0.9418374429335756,wheat,188,1,2653.231604013859
50,4,0.5222246974146217,4.761843406214348,7.1448179068363675,0.16146230650310958,soy,272,1,3093.1802690641853
9,4,0.5699963012812246,13.515713822106072,4.697912481882413,0.6311310334125587,corn,359,0,15094.091423286356
22,8,0.8879752203759785,0.5479740409350093,8.529055955861757,0.7791175261161012,wheat,72,0,1342.4111130590372
47,5,0.6058891197884495,10.414072828819053,9.074615716042224,0.11067717559674475,corn,319,0,17167.757533126525
27,5,0.8139943584863802,0.20776696938124617,8.72497654664258,0.3004733331400463,tomato,243,0,2681.8716668756347
48,7,0.6668876995113601,7.055752458264663,0.6447869906525486,0.4393648277644481,soy,226,0,2694.402317420174
2,4,0.15827820346603755,63.27915736417719,7.568795912872928,0.5561357023618017,tomato,320,1,16361.62110459384
3,2,0.6445101537739657,5.904021342838802,9.215354222283308,0.4074357652800944,tomato,132,1,3002.391988518762
41,9,0.46166825038265963,17.63065793664034,6.21386305826864,0.684099332334145,soy,294,0,11754.445067657174
19,1,0.8309782940349911,7.71030160741475,6.009159728724424,0.3037577655256414,tomato,221,0,9639.186581806287
27,6,0.735809280111887,0.5944555876986981,0.45100886859371186,0.1229346427861171,corn,344,0,2902.396374663391
22,3,0.13851448446614145,0.1,8.560474189037178,0.10141394573642874,soy,187,1,72.87028650973431
21,3,0.16382829710552468,2.4306422643716514,0.46498920473078614,0.41096081075467084,rice,272,1,389.0927161571794
48,1,0.10916935152881474,3.785872381632838,3.135782554240355,0.42549651927482246,soy,197,0,310.2704393743839
6,10,0.4692581435329248,7.521573724433349,9.258704789806869,0.9537437056478896,tomato,162,0,5904.735270809321
39,5,0.11865599532625007,4.21547673820919,9.497501682152391,0.14030264126821268,wheat,156,1,541.1367957100756
45,4,0.66512658608849,11.32643529101838,9.91901350421875,0.577058554121663,soy,339,0,19597.46967868368
34,8,0.5195047942328678,22.568219513675416,4.76454645384325,0.6200319828374616,rice,311,0,26361.881055591748
21,1,0.760502264920171,0.45070556277762897,1.7751180342637272,0.7293475107079476,corn,105,1,548.2789510070097
9,6,0.28782642037061884,2.2226883183740966,4.87995692380401,0.6748611401265945,tomato,320,0,2064.262691962224
35,5,0.4912696665369696,43.04269345907306,1.0240269379054092,0.10732554435154856,corn,226,1,3309.9499516649826
24,6,0.1498577330239627,19.375204107488365,8.725488553590727,0.6686719060681104,corn,65,1,1091.2002486190697
9,2,0.8019185022527384,2.732026001866585,5.605811795431783,0.3901491457297589,corn,287,1,2920.6660455966407
19,10,0.19875421794636255,1.1610430421723366,4.045654485768386,0.7955820652130218,rice,84,0,455.2078677325853
49,3,0.13700791364784426,28.902759970767068,0.7962274941055633,0.2695288475221292,wheat,323,0,1236.95706019576
15,7,0.2242930087447058,35.702814191047466,4.053001527489489,0.7445850867794614,wheat,182,1,3527.326686774942
10,8,0.7352967654145343,11.162105973361129,8.662049892292698,0.6629458003201548,rice,337,0,30510.381814233748
35,4,0.1399423485319804,11.658266482441595,7.034355918839651,0.6870617967947275,corn,192,1,1415.9378048577485
11,2,0.572263370612441,1.3333871967139563,0.8254727195921548,0.2583529183787988,wheat,58,1,96.31450488967555
47,3,0.6842541055228568,10.131031546851275,1.5999120900620323,0.7022566011992161,corn,287,0,5877.92320773282
44,9,0.6884189864104404,12.087108448948715,3.923692598584339,0.7632805677777234,corn,273,0,14347.89281645072
50,10,0.21155175361691148,41.5279421840457,1.0146494517765006,0.5404692351140251,wheat,131,1,1162.8238932287004
46,10,0.1023803986209702,2.8328170306383136,9.340477878740716,0.40632911468879074,tomato,98,1,365.02595737548455
13,3,0.4314854262063849,6.415570389199157,6.523268154264128,0.2498993643593583,wheat,320,1,3281.3938548107767
12,7,0.2221125434578642,9.699811787508688,0.9491351900381466,0.36096447259966646,soy,291,0,838.179451200021
18,2,0.6443801876618473,2.7594668308393593,7.880786566342227,0.7874455262072688,corn,130,0,2808.876984246763
25,8,0.35318887970710783,23.113117660076572,3.684690879790857,0.46846065209163024,corn,265,0,9112.58352738083
45,5,0.43195084987816224,5.206301357714619,2.449461574887655,0.7324419177939319,wheat,110,1,989.9282765343396
37,8,0.14646219313645503,5.133316412911486,5.700279434454972,0.7660821924986381,tomato,90,0,791.3425434615469
33,7,0.5324177435659629,23.514493709736133,0.13470795907229255,0.7067532017118606,tomato,253,1,2488.4335091564603
45,10,0.20769556118712124,1.4823834363116708,4.654511203382446,0.7061845813146537,wheat,309,0,2497.982148598472
33,5,0.6271378117776966,11.711509740181688,8.438206125958601,0.6497273838934464,wheat,338,0,22370.690843781398
20,4,0.11049349916570964,5.3296123755776845,9.280647902259698,0.5665797808423422,tomato,185,0,1096.3129261975623
22,6,0.8795104034391249,7.613657225908933,3.4262044894599812,0.27803501818324283,soy,78,0,1855.2301989192124
27,2,0.63184793179794,9.895158382287374,6.424723445062279,0.8585230482296652,wheat,212,1,5938.175227702432
6,2,0.20447013264013725,19.67889976746731,2.2690075602499666,0.9678377552388358,wheat,258,0,2698.2262932718204
38,6,0.06198044864257743,14.201311770808122,5.6025704967761065,0.5198356590401497,soy,356,1,917.9951234287284
33,9,0.3342934583744359,15.641479889944861,2.541023233805737,0.9399148802961902,soy,67,0,1123.1074565149434
37,6,0.1798912744443763,13.169910602693808,5.713993729765902,0.998195083950955,rice,250,0,5148.600164937279
28,8,0.23564963315161408,9.916353147064681,1.7180494508150161,0.5375763213272385,wheat,202,1,1072.6696501035892
40,2,0.7918377196722061,29.556947869015595,9.412384335050673,0.7519198363749713,corn,227,1,27960.695786635275
48,5,0.5627239610432221,0.9547453308126901,8.86928784659651,0.6794113044254703,corn,61,1,615.6799430885327
29,7,0.19998900507456457,16.42008085712225,3.3698455762389496,0.3135383344006725,soy,35,0,292.81589169717284
23,4,0.5231604905843315,10.066290754349923,7.766852226360502,0.14238049937888692,corn,233,0,9723.4812119223
7,1,0.26741355541124423,3.0125865078343557,0.9559458031912134,0.5080197800570112,corn,96,0,269.68154390872365
40,1,0.8797707347043758,40.29106613885074,7.403868726145535,0.808484497656645,tomato,236,0,61752.17291886691
46,10,0.07784364572414097,28.94512499331636,2.825308836997429,0.39262119642072724,soy,38,1,152.14897019384222
36,7,0.6724706588426428,29.49681854236716,1.3572820449899472,0.8059948490738659,soy,299,0,9401.2694261946
44,3,0.7070474722627133,6.121790339420383,6.782233987818234,0.68932151376666,wheat,141,1,2998.6101121510633
44,3,0.10708834936404524,13.190867567527343,4.6985983713760735,0.7259872166358285,wheat,181,0,1265.7186090481964
41,1,0.19608895959664885,18.032495513246765,5.30186587770271,0.357166799539651,rice,145,1,2191.0726739380234
26,10,0.3766606602383639,11.990386870658043,5.205777311595071,0.5230426445587423,tomato,170,0,4883.473442634541
6,2,0.7879316025497077,15.013415161062508,0.5954203730780894,0.2635334200226954,soy,208,0,1436.0559933516583
2,8,0.5064499476557245,14.771058388695293,0.5147511106776775,0.32192247527175377,wheat,246,0,1333.2716389757209
12,3,0.607010822506197,8.624085349958497,6.012073871977022,0.18086503878317367,soy,261,0,6522.777461828923
23,4,0.7155609101383162,6.290075036981102,6.239022558911811,0.21409606566658723,corn,362,0,12540.393834123215
38,3,0.753904370086892,6.294606766921115,0.47269839059463087,0.2894621313662529,wheat,90,1,497.02306887489715
24,9,0.4548418616211289,2.531512943016662,3.78501487954629,0.6222107902382533,wheat,322,0,3718.6308394117873
3,1,0.48247416795745907,26.067641632767895,6.128899944324714,0.4970900075928758,soy,232,1,8714.47574294154
12,4,0.6603049785246126,43.17065747513263,6.5671498768750105,0.34024556130900585,soy,134,1,10830.186418702531
49,3,0.2738410049252824,10.668556110548497,8.28292931700624,0.8750012022079201,soy,338,1,4212.733849782018
50,3,0.7763162759106957,11.427271588361235,4.207902103685212,0.5726329222077875,rice,267,1,9653.292457842073
20,2,0.06766880080446533,75.21904520869802,5.483029553688541,0.9307985262722143,corn,92,1,1426.0559307238236
41,10,0.216405861878266,28.392058729880663,5.786025195712564,0.6714684660498109,corn,88,1,2331.7272271613224
37,4,0.7301699515810277,22.107720989537125,3.12114078771989,0.11420883687584499,rice,251,0,17727.9696619701
47,5,0.3392194801087714,4.140255013895878,0.5392001990136744,0.9221281219141256,wheat,275,0,2002.3265867651412
45,4,0.17735790778846006,22.877135924431933,0.04325503612484136,0.8717170021127437,wheat,45,1,99.36109738328203
32,10,0.20874154235469283,1.55912790484933,8.36141803576913,0.6717441005028093,tomato,241,0,1900.2879326011573
21,4,0.5011429416456591,3.658073730051896,2.0031179934013412,0.5812962001577362,corn,208,1,1136.3481711792779
32,4,0.7692542999432397,11.961307568083225,6.302916386927197,0.5076334659867265,wheat,355,1,14838.49605331613
17,4,0.11005310840544401,5.85908516629021,5.770897738960553,0.5339573611901485,rice,279,0,1415.1141340926554
19,4,0.075908772755952,8.115472430650621,3.9969311343284493,0.7922985767581148,soy,335,0,730.9542236327735
31,1,0.44539291546131665,6.751442864071914,8.335099593697636,0.5618274421228172,wheat,41,0,969.3703462527411
29,7,0.8627593027955895,17.238839957892008,6.984317555338097,0.25842222883219657,tomato,286,0,32984.87904264416
30,1,0.28715833290200743,7.036945561812523,0.2283918929282902,0.15235981045569347,corn,142,1,138.36190184801092
20,3,0.8652949582069911,8.604357150163038,7.767164039493491,0.2135676486578612,rice,215,1,11509.133579882635
22,3,0.8045290001015012,34.14344524776855,5.0704811811996215,0.3262969979536475,rice,324,0,49646.89990184192
2,3,0.29066481492938445,29.60055284438772,3.4708458715393857,0.43096070929573593,tomato,322,0,9297.717832416147
31,8,0.7444058546177248,0.9417950363314073,7.269119680460268,0.9031744109576878,rice,105,1,2160.285619719496
30,6,0.632987207183496,4.6043133591852525,6.860970230833049,0.31517850897970123,rice,110,0,3922.1557254210857
47,10,0.4850490305690436,31.651142493655346,3.1065717904516217,0.38763870220228136,wheat,272,1,9675.472301955358
26,4,0.4094787215864435,0.5501735712091306,9.830405676107317,0.3007130855740965,tomato,325,1,1239.655970150122
24,10,0.7431773425366383,3.520497194818937,6.487436158630822,0.5911676368355201,wheat,235,0,6888.39793399596
5,1,0.724117517790768,14.3966826728944,6.058191344826483,0.6553780266650382,corn,48,0,3257.60240951811
11,6,0.6933958855511753,13.49011657734511,0.6997337544542389,0.5789147787074446,soy,84,1,543.6272638036716
18,8,0.8985175585330015,9.352985855304187,2.7939084846670297,0.9566709860952461,corn,281,0,10426.390473147907
20,6,0.4567355918001763,8.613011306115672,4.4702930492620885,0.9958402158887119,soy,279,1,3320.260834819354
19,10,0.7358845311469285,17.609925216419047,6.306626417392454,0.853656390825007,wheat,331,0,29467.962199568934
21,4,0.7831066119359568,19.738706789155145,5.128123543673048,0.824766530401272,soy,208,0,11803.04419430563
39,1,0.22986219423563137,24.898782944308504,7.6305663017804415,0.42944749907464774,corn,173,0,6773.379070565501
8,8,0.08575647574510184,10.390305813777438,2.626414556966551,0.6218051555457985,rice,67,1,155.18388728789537
18,1,0.3940361418602927,2.6787046401807744,7.021867795829562,0.41632517705399663,soy,292,0,1902.1959813629828
9,8,0.7782261817712596,13.436188756531669,8.166153871864735,0.8059202615563654,rice,348,0,37654.17376875861
17,8,0.2957377890153337,20.266425539717776,7.65073470585395,0.2546480251826524,wheat,45,1,1242.342591911678
35,9,0.6450086309573105,52.7138669760808,7.708694999295747,0.29500454286517874,tomato,195,1,34972.200160038046
4,5,0.05624591820462328,10.454123628084442,8.885182065564392,0.13482466378327798,corn,149,1,482.56170579815733
18,9,0.3520597674722021,6.480209938797012,0.8427012462624146,0.6480457060041931,corn,280,0,2195.740107503708
3,2,0.5731891905444285,33.6789973430082,6.972218522169657,0.7196844329100613,soy,286,1,18576.641731833166
48,5,0.16029361156148636,0.7122625751837465,9.686813332963494,0.10302605760824092,wheat,103,0,265.0598087162311
37,2,0.8121158753253188,6.971327563190792,5.736932848095508,0.5597071875948255,tomato,349,0,15248.04988306944
13,8,0.18283288054951735,14.128520495471246,2.1739458035319417,0.4391870846407966,corn,76,1,331.38801124655697
11,8,0.8233245132533955,5.20976883687521,9.987539303936355,0.8131427036368909,tomato,292,0,15069.740346260463
6,9,0.2339309123805285,29.76747987556992,1.7475982509219679,0.13500167139877906,wheat,279,0,3061.72954125294
25,8,0.8951368728284647,14.345605258822928,3.356241416051218,0.1437091199362707,tomato,84,1,2912.1517440779007
38,4,0.5640364063012523,56.62935123290032,1.7214498219832608,0.6581881888532919,corn,256,0,15901.163992599766
30,1,0.12169316027256459,8.96457659680045,4.645664174631933,0.6324749691217876,rice,120,1,552.9333661606502
45,10,0.10548564930686088,3.3660469626912484,4.189341220099973,0.8479810206982092,tomato,122,0,637.534791448923
18,5,0.11368344182054844,31.052010489020983,4.912917724209218,0.633040200241625,wheat,59,1,650.1531395775196
15,1,0.5514088351973091,9.803166897661956,9.27990601715424,0.9544337457323512,corn,280,1,10130.44319140668
25,10,0.7381423219782774,23.30295143282695,4.783765533956418,0.38294617801097985,tomato,301,0,28810.703587386128
11,10,0.39251833050492985,10.705007866204522,5.146748635810228,0.4581292657643202,wheat,199,1,2902.066643340924
49,5,0.4281103953895825,2.0351372694013383,8.866934377078762,0.9799071998526249,wheat,290,1,2778.191749721803
11,8,0.5508945481149339,1.9414899284981393,8.177762182154307,0.19677181903460034,soy,147,0,1540.997818674526
25,1,0.5030845140684024,6.02320998153359,2.397980590223217,0.8163143678766516,wheat,219,1,1370.946450781607
27,1,0.6348524731360796,1.9485521667919072,0.13024662633327322,0.11041184319439627,tomato,294,0,600.5262988432598
4,3,0.45101786213857253,1.1388751893056286,6.29536642242831,0.5378619244630171,tomato,174,1,700.6284015733097
24,7,0.6567815823044574,44.91620782799617,8.448653388551364,0.23806210363180705,wheat,237,0,47663.337369613226
24,2,0.897714131164639,3.8383621855754555,5.528948275991391,0.6389755333552585,wheat,78,1,1130.1624805287518
14,1,0.34775316591145017,12.20602344676588,2.1125580232084387,0.8183529727370452,rice,200,1,1752.5477769981371
8,7,0.060383143478048185,0.4773792515484945,7.413809551662394,0.12973807211561855,soy,315,0,122.67054397867007
4,8,0.15678128871890656,7.879709761988492,6.695723286830089,0.24739545393257073,tomato,289,0,2273.9207956546306
2,8,0.5204870572389108,3.8616907436215695,5.6507603415481205,0.40834934304571224,tomato,130,0,1956.7065282505932
25,8,0.3426191190729542,8.27330830277318,8.633498404035816,0.3302190692701066,soy,213,1,2987.697142875649
6,9,0.8489852046492437,30.36666037891102,7.8426392870373896,0.44489790082562963,corn,238,1,28946.4854815365
49,7,0.5833291765912756,6.028718343497025,6.679852962136382,0.9566814698357066,rice,345,0,17311.907487144366
13,6,0.4923019080706477,17.262111990143776,6.647921931563161,0.19108551469621643,rice,308,1,13299.225754105324
33,9,0.728333576081216,4.782395759816467,6.622364140348451,0.48095389779919495,soy,304,1,5019.587983058483
35,4,0.26980139039173084,18.51178752613553,5.252122284420723,0.5113822344468246,corn,282,1,4666.57220540491
26,1,0.7467777592400058,2.2986642699732447,4.639752524793827,0.3523078466462465,corn,150,1,1176.9059571091432
45,8,0.052601939134479005,17.967224369845333,7.096294994527699,0.3506559019188128,soy,156,1,586.989490580842
7,3,0.5767257578153601,19.966484587696772,6.105334320220842,0.7432769455743886,soy,186,0,9852.652613508855
13,10,0.8445435783889121,0.7004811839478176,4.900315642443131,0.6560594583858844,soy,173,0,1901.5462000321136
14,5,0.7196809592287896,0.504153067031635,1.267486877756505,0.8315488177598378,wheat,351,1,1993.1497037548402
8,9,0.7755890633252555,15.027931051630487,7.019585957743003,0.464565900230247,tomato,324,1,17684.693503393333
16,1,0.3874114908957754,6.050187064594637,6.4603397072090765,0.6460399242817058,rice,330,0,5932.376747181013
17,7,0.7506031041851073,29.909910384285784,3.4231420113090625,0.9042293266143261,tomato,234,1,13340.496353943128
39,5,0.5182069152757266,72.8499990022131,3.5638753389845528,0.866195624544747,tomato,94,1,8950.29045134542
16,5,0.575759201027719,11.627434616041766,2.4679771189683875,0.928021053249963,rice,78,1,1488.929760918984
44,3,0.10007803843543298,14.190388269844604,9.619190648393824,0.34207752027540245,corn,122,0,1910.894049970993
39,10,0.22131894259823331,4.831531042087724,8.602153427324357,0.9868790660789082,rice,248,1,2876.2503722731944
46,4,0.5183197531865197,51.729826158938856,5.610929245092756,0.834750923924275,soy,152,0,15840.393768505302
7,9,0.099980899149973,14.363325712939556,4.017129812438585,0.815327025437173,tomato,250,1,1132.2313013291232
50,5,0.6802297855995563,10.465752746973932,7.368515811700537,0.7008207408627933,corn,325,0,21047.020370472826
32,1,0.7640484572436164,9.547039705317756,5.277754033083847,0.9849411760348589,wheat,142,1,3094.9555966681746
50,9,0.8323080071005842,1.3246895867058166,9.758534488117224,0.4974069052418324,wheat,341,0,11250.22543558579
19,2,0.13650319030283503,16.768121455725428,0.5521710166076235,0.7673853742861696,wheat,202,1,310.39331110784224
48,3,0.8487622108193801,2.772108261708275,0.3438230548006978,0.7289301591896693,rice,299,1,2925.0430868537032
30,9,0.10747700648490074,2.989439904235752,5.686541568715761,0.758880015802359,wheat,50,1,120.03557948978224
5,9,0.452947783538643,17.693413431229366,2.0335889476663787,0.776318332752331,wheat,122,1,1303.4378284527754
22,10,0.76421336753364,1.0498499648934305,6.043437331338375,0.27168030200909205,corn,342,0,5443.545795796939
8,5,0.10976446777978707,11.099745066831549,7.814448862443228,0.4141463227321621,rice,328,0,3399.5679961389365
48,8,0.0654964120406361,13.348328047978052,1.3819595020875435,0.4530285962433145,soy,221,1,318.0454048019027
16,4,0.07120556090065308,1.2626549190599865,4.40664163367109,0.7731998325819659,corn,41,1,38.301937572721144
12,8,0.4845797035206285,4.706632129293478,6.886982167410103,0.7446231781473739,corn,50,1,706.104879178937
29,6,0.7398572329071635,22.201980138221092,8.33880184315904,0.8500295847121473,tomato,172,1,13574.009160559162
22,1,0.1583126704117097,12.49159692618315,4.963944556273537,0.8096672421013025,soy,331,1,1741.3438611075208
6,5,0.15591871596760953,6.959052054579959,2.06232971547331,0.6364304914504697,corn,156,0,532.7108881144095
42,5,0.5332648267923229,3.5608683079984784,5.858406756600744,0.22595363783869826,rice,327,0,6555.9545251197305
43,3,0.24915126069013516,13.137795566384854,4.5457161701812705,0.6719097333091286,corn,209,0,3752.8870646934142
38,4,0.6706816748731428,6.175081912975133,7.719482344617854,0.8983533552737312,corn,75,1,2202.215521359503
32,6,0.8571900799502374,9.166512257930076,5.556205065965278,0.6788569270507581,rice,218,1,9195.916634766101
21,1,0.7011283956103511,16.16476171804308,2.7949490268593378,0.9060637857199675,corn,152,0,4923.369311768395
28,2,0.795599061422079,28.877219626744907,7.544174804292161,0.9991477163232094,soy,105,0,11145.901511232194
27,8,0.49164814893591974,58.815981635884135,5.177952382606636,0.4232820097211797,rice,256,0,43152.04840013055
10,4,0.7574714085849034,21.013737570142986,1.7762879762309967,0.7509607249130659,corn,98,1,2157.4500976275804
6,7,0.20546770638868,16.613318682181607,5.631160159096804,0.5859627693404549,wheat,334,1,3541.0563834865407
14,6,0.10809570683628328,57.588186970989156,9.483252278398883,0.509474620637349,tomato,299,0,16359.531707652584
24,6,0.6075601436059831,5.089370052513425,7.055457093116424,0.3158803708232151,corn,292,1,5418.63608713592
9,5,0.09415962819434755,10.778703696602205,2.988734811218331,0.3213231363963379,corn,55,0,192.91064362451095
7,5,0.8086092062687285,9.625629750111042,7.109020879753289,0.2664750580839739,soy,352,1,9451.601303460211
43,9,0.6378210250413058,15.348273870313216,2.826780503710787,0.6683351558490473,wheat,195,1,5231.398504684246
20,10,0.8593706165975752,16.909239844422277,5.4273456865750775,0.22784778697879277,wheat,276,1,12518.20835355807
30,3,0.31680365786625025,47.158765737054175,5.266431042111741,0.48824782283534574,soy,94,1,3123.6341117743405
27,7,0.4632345628213777,2.963385625947927,2.474661398239125,0.5709999153449747,tomato,288,0,3225.581386720585
38,10,0.6804368102883511,11.99645644736224,3.4794641175983005,0.49441102947007287,soy,137,1,2813.3944702096246
38,1,0.25636213764169746,6.993936801636184,9.42187236640567,0.8694365621265249,soy,267,1,2001.3834871216272
16,8,0.5105714970949169,2.92461311424287,2.506734765617921,0.49885242381447426,rice,123,0,1450.7281097609812
43,5,0.6105471837546564,2.464369676149247,8.010469409266227,0.17454888366787236,tomato,343,1,5029.159643482323
20,10,0.881987356279985,5.685087752290609,6.674038429541389,0.9929795870553826,tomato,268,1,9864.82226546858
42,6,0.6829978001060271,6.263014690369987,5.32675869612512,0.8604852319541915,wheat,181,0,6169.5545188426
21,9,0.1504112227372129,34.48652304956457,1.3760111797821692,0.6940391368653998,soy,183,1,835.2948738540256
7,2,0.4540334336758137,7.0611069014701675,2.046502956311072,0.7806912587277467,soy,30,0,259.26772127426057
39,2,0.5504551655411363,12.980434917295426,1.7905972582804488,0.2153716297793597,corn,130,1,1206.6076754513729
3,10,0.17462967143469982,16.063721292184123,5.868355795478551,0.7893233146928573,tomato,295,1,3144.721466533903
39,6,0.4171711484339166,13.774961029791701,9.733858583988063,0.2869740475408856,corn,309,1,12795.745662805748
4,6,0.2914049438854496,8.242504041971722,8.772515388487172,0.5400785166165781,tomato,365,1,5358.505007908358
12,2,0.15100341092272207,35.53689869395026,0.25349357741284295,0.2601845103918552,wheat,58,1,59.30475613073755
31,3,0.4852356434439363,31.799359685344243,2.737992517999003,0.7784064678989726,rice,114,0,6637.820815965532
48,9,0.19078811886049363,11.900686141441742,1.5734173319112843,0.3213404924612022,rice,287,1,1913.2688237190173
22,4,0.5519567972978648,1.3072580955339153,9.75680274113712,0.32788757664252344,soy,151,0,1181.986169556333
7,6,0.1942423924055856,8.579045127031534,2.356866735743553,0.19830011440626916,wheat,113,1,269.0242091756024
13,4,0.665055685062398,5.9394846992539,2.0139305372029006,0.7485458112674845,wheat,124,1,1080.6691326352409
45,3,0.21595537957521982,10.775929338243442,6.209132060529011,0.36626016770279013,rice,338,1,4317.047734830868
37,2,0.8118423356597271,8.871494170604905,5.56230964916429,0.5664520118817706,tomato,318,0,16966.984076156183
6,10,0.07227795306648752,11.296963201534782,2.2592889863285675,0.39901920163033533,soy,31,0,50.98905842874008
20,10,0.4936977789888755,15.557530780315181,6.703978280507886,0.7972311329400099,wheat,312,0,15236.759123982456
14,2,0.32208905100356483,16.744723674784126,0.9709751057355968,0.30383529084460115,rice,217,1,1237.3637563835052
10,4,0.24131504690840216,15.906447911545607,0.1946712912428908,0.9467510500417525,soy,313,0,965.8721695840542
43,6,0.4508623622903758,19.993449776577883,0.825065492272762,0.3892059774007369,wheat,239,1,2124.806695038985
32,4,0.7657166058756216,23.850327866289412,3.6493173915317505,0.1934664591616756,corn,261,1,10192.584390900041
10,8,0.8279856246976515,8.422359567768588,9.750188262420298,0.31627470953343917,corn,223,0,14465.7460320785
33,3,0.30776132542566886,40.72251784050674,5.4729227410948305,0.16654683616045768,tomato,276,1,11218.219949874692
22,1,0.18110707878081056,48.62655204531249,7.547506304051657,0.5218648578931824,tomato,303,0,19807.882853826784
5,4,0.6621193804313612,5.221580518843123,3.215636026563362,0.32522609865112206,wheat,200,0,2246.654368858619
24,6,0.5446989166375901,34.592127952967225,7.193671315767809,0.8974414400003887,soy,67,0,7533.413908666165
11,2,0.22086372637592594,15.886396779927956,9.661845800025452,0.5654157581981317,wheat,61,1,991.8598263703906
14,9,0.6962514198743212,13.9544933624379,3.5782511419302505,0.3100316038563577,soy,169,1,2909.9989169802852
45,1,0.4910908699558199,3.023431983409236,9.990595287915514,0.5061432969144473,wheat,189,1,1936.1352117983952
36,1,0.6053859195812964,13.575783265651406,6.3844611003656295,0.2763948449263819,rice,320,0,20879.611934504093
8,6,0.3554381788688804,8.47000797456819,7.486165533234774,0.2608564383324266,wheat,41,0,644.1159409582882
43,6,0.42323292710701954,80.21398480476495,2.5224202212426516,0.3705908231200996,tomato,328,0,25603.160960119352
30,3,0.20329078361870084,25.34248159033102,6.43126460100324,0.19747131829205208,corn,48,1,977.229957485992
44,3,0.6930384874985398,11.808067989768936,5.110551508372413,0.2697827832198016,corn,197,1,6513.187404567252
38,1,0.18345962552902306,25.250394526705225,9.564070052128884,0.9442421856958797,tomato,172,0,8914.785836393008
18,7,0.7115572055384022,9.482005226543885,9.046845802847365,0.7001223712277157,tomato,217,0,14676.842462685661
28,4,0.7283066766518982,1.366426548986041,3.9673293166518473,0.9289923971115391,wheat,44,0,607.72022840817
28,2,0.6846108194468534,36.15478912257019,9.468750645630795,0.3311622473210054,wheat,286,1,33247.7212740239
37,4,0.06650936984992936,13.475875919957836,8.848240714947346,0.8713120022208314,tomato,75,1,455.81371818769867
14,10,0.2821632307156725,5.947869929883626,5.904248119841023,0.4260455261685855,tomato,291,0,4351.835427360199
18,3,0.44808708137304165,18.388152782412345,0.8220969699866133,0.2297754830102371,soy,220,1,1024.4093375992418
13,9,0.5562127219092764,31.4135409428812,1.6087416163547177,0.8242363900037771,wheat,328,0,9923.682241534876
16,3,0.8313387844636927,23.12024462035393,0.7696655724933285,0.15368511867647514,wheat,358,0,5045.737056265276
9,2,0.3692650763093969,8.20297052783371,1.0808231533759611,0.46436755504146965,corn,313,0,1680.6991791273479
3,3,0.793769820957861,1.4426235604864872,9.769546791556383,0.8373832016604791,rice,181,0,4489.2787472754735
48,4,0.18891489491631108,30.799490120951777,2.1224608248623067,0.6554664329018584,wheat,169,1,1375.0051878274628
5,2,0.3655884143823329,10.258269423913974,6.90885496882429,0.5662591258597238,rice,252,1,4504.660664057934
45,6,0.09443970919812456,0.5319407286336864,6.365646048570015,0.41827052935322273,tomato,248,1,361.79373997791083
2,4,0.681115897397279,2.878118716218064,6.311817503665186,0.1675502473492182,wheat,295,1,2120.7076359232947
40,8,0.17805484381797598,0.8042874892437978,2.067833291960702,0.9918747874323088,tomato,192,0,954.9911119456027
18,5,0.2684670133011891,17.417802278831587,5.793886597251712,0.2572963540525436,tomato,185,0,5330.376324761267
27,5,0.7089482643642326,33.467573183948645,6.255757957499932,0.3297776274784394,corn,69,0,10391.807861371659
15,5,0.5045092098093035,19.80211271891255,5.704482761134466,0.312324186245156,wheat,86,0,4846.8783763801075
26,2,0.061876811505693186,3.386148770283126,1.8624385102895107,0.9171472660171328,corn,306,1,212.64306680843583
24,8,0.051899924035287565,40.15625936674448,7.230882910150015,0.7873195534511773,corn,362,1,3712.6640156662943
27,2,0.48406153697891247,3.052531011494762,0.7333583760031939,0.5115968194954029,corn,232,1,868.8328223984377
21,8,0.3092121866868156,28.79420565075347,5.9124089181844,0.9598807305566732,tomato,145,0,8640.914059255922
28,10,0.20326472909590054,12.933390484603763,4.363157064680732,0.14750504270779757,wheat,49,1,360.839318476349
42,8,0.5715548470586943,0.1,2.5036156447376037,0.9043033430994869,corn,44,0,689.0230671662135
23,5,0.24417100095981303,3.490282457459697,8.074082501272361,0.15438460211934327,rice,257,0,2641.7776264003687
19,4,0.5533760772322057,1.7202512271094397,1.7597497741551666,0.4520176263411074,wheat,245,1,953.4646954239524
8,9,0.37237605799833196,13.086307013126369,9.329884617219612,0.14860439053884075,wheat,125,1,2969.9455121762394
19,3,0.20873428501932123,22.049439762576014,8.845765718183548,0.9990720925819168,corn,93,1,2703.720766831811
8,5,0.16738902718843635,16.91610461143472,3.606514884073668,0.9229505522505416,tomato,53,1,402.12211968733743
10,8,0.25133151265819487,31.385250744496886,3.0522241556550744,0.6263190597216081,tomato,259,1,3743.7788706072974
48,10,0.07535729181103731,16.151945217263997,1.3757293475056025,0.296060116598421,tomato,233,0,925.7117542841734
6,10,0.31190791773082815,3.0042252741348343,9.163361831523625,0.3490999526777223,tomato,141,1,1015.7170119788826
25,1,0.8166614866545251,19.485387110755067,6.275691056373898,0.5045890294514083,wheat,276,1,15672.338430304346
42,9,0.7566578070005741,13.83204612083606,0.31880403785188816,0.39050216424311124,soy,314,0,5460.149620286194
48,2,0.3662031932117101,9.738010180768937,5.110483146201544,0.11918251489144666,soy,203,1,2106.157367607959
9,6,0.5394585757945333,29.50091959566575,0.8589036793460397,0.6906304073054211,wheat,118,0,1732.2438145150347
10,10,0.5322564751619497,66.79011942363228,5.737933098843466,0.6520851136839712,tomato,31,1,3955.2963309172064
20,7,0.7544269083146554,7.273381554422054,5.090108221489805,0.9138796328969567,rice,297,1,10482.92547910735
29,10,0.25084658628942075,10.893363652114349,0.8293776089817174,0.5291686360949054,tomato,223,1,993.3719768520943
49,4,0.30192936547406046,15.25719344022146,8.15879007057461,0.41023806561854903,corn,146,1,3723.439725228373
12,4,0.30651761868376975,20.613685284994936,2.6239094544856103,0.5603654646259902,rice,32,0,773.3222787569551
10,4,0.08473949130592318,19.581396714260148,5.415302157302824,0.27522549180625566,wheat,303,1,1640.3064390317604
14,4,0.31748468379581335,1.400348239599638,6.390749727428714,0.6629863166423078,wheat,341,1,1229.045197377946
44,7,0.796226710099806,0.1,9.62308303121809,0.7930295945111454,rice,191,1,3518.1609574227746
3,5,0.8251895004357589,14.895405871613711,4.93862311710558,0.23811554203812293,wheat,119,0,5579.532488582894
20,8,0.14319004390326784,2.400979644430089,9.173240407106947,0.3865448958717963,corn,238,1,833.6271513353108
7,5,0.4393497603756667,6.2920220069733865,3.549218556135641,0.8810208814297588,rice,322,1,3308.1380865871483
9,4,0.3741465663494932,13.362386090797601,8.574514579298299,0.5549785737704397,soy,227,0,6495.620068094137
46,2,0.4659553171298797,2.3447290731721937,2.359026443287216,0.5786529820097921,corn,34,0,278.22290035450055
2,6,0.5215115954498756,25.349528519041968,7.075090144591743,0.7501673773480164,corn,95,1,5392.248520951181
17,9,0.06721994601508416,12.815580936181707,0.8870313255562101,0.6201035336991939,rice,62,0,136.09248304409547
46,9,0.7659059107329866,0.9652746850829251,9.86051751647991,0.16262179126643725,tomato,168,0,4782.359681961178
31,3,0.8776144621973377,0.23081283635739966,9.539410062223817,0.8235655406767322,rice,181,1,2418.445948353143
5,5,0.605394090203096,5.1375442648754515,4.422694171535261,0.9305524335236209,corn,209,0,4325.897021504902
24,8,0.6113844027193639,5.944844275567738,5.239828244684546,0.147949509691731,soy,284,0,5050.189543646747
49,7,0.49878287915610214,13.412646270152141,5.978150848317904,0.2091247808117959,wheat,67,0,2937.493955362537
21,1,0.33413239995722444,2.516945258473965,2.7511005593370106,0.7317776819867324,wheat,346,1,975.5410835724991
27,6,0.17663115055259293,11.846674754953492,6.745039880616422,0.644026539263073,corn,118,0,2018.114181022652
28,1,0.5464538412916431,11.158460435657172,6.985920904098556,0.44426529907457124,corn,205,0,8831.955699636728
34,2,0.088200192982826,9.510106895077174,5.2512398467604315,0.5853237840463342,tomato,100,0,537.4760030410913
11,7,0.7508271825380929,39.79763322575246,1.4782591841596917,0.7330047112009529,tomato,149,0,6705.398329347816
43,2,0.4077749445500231,11.806778637648977,9.191940252972108,0.5540288156928364,wheat,309,1,6491.284449787021
50,4,0.40254109053767856,0.1,1.1513357783738072,0.22616949217208432,corn,44,0,221.40519274835555
8,6,0.3280952297045199,14.024659214386173,6.292092514936404,0.18049242621996117,wheat,192,1,3490.5580703699684
42,7,0.8739508053937984,1.7218236283653519,1.0317828775009412,0.4949728616695436,wheat,226,0,3779.5173381170944
42,5,0.198679409855111,6.292246114565569,1.4618609906200932,0.9305962820639504,corn,221,0,1452.021751481145
38,1,0.1786116482539295,7.534095640241757,0.20636260197426115,0.6020012572376444,tomato,157,0,292.53100017046523
20,8,0.19070177631327562,7.1933322816768355,3.634277474483739,0.42239806211606423,wheat,156,0,966.9086685360382
24,10,0.6097483604231494,3.660598235318339,6.396186061655957,0.9178355525689319,rice,335,0,11372.152996840618
43,9,0.8931110209201586,21.283499100755936,5.215920653108988,0.44976894056104433,corn,110,0,14401.705244003315
9,8,0.2501538948414915,13.065404389057415,6.74571697333361,0.5582318328409377,soy,191,1,2202.054433386868
42,5,0.8197747875073647,8.602483768635217,6.750513589848659,0.20484939756584908,tomato,152,1,5911.535939558805
47,9,0.28682407532694654,31.332472532786714,1.4025972661983923,0.7636608509674431,tomato,287,0,6971.789276808363
35,5,0.6007149321065052,11.468981175325286,0.5743166968137339,0.730272661429344,tomato,300,0,4377.502792435976
18,2,0.08442410914336257,11.127515059057282,6.253956046206264,0.8148195935733961,soy,314,0,1604.9984795226326
29,9,0.4713058783897606,5.945156965870765,6.5325898254474515,0.3926721820849871,wheat,58,1,915.2575484946325
4,4,0.6063844713371346,12.468474508018362,5.567480647681903,0.4924478971595727,tomato,63,0,3008.1961965043947
47,10,0.5058718106392343,5.580899339732996,2.4583789007743833,0.25150754037447853,tomato,156,0,3459.5805568573605
18,4,0.25216007714952243,15.90700318506902,8.107841404605557,0.9680543884868494,tomato,178,0,6053.127265385574
4,9,0.7542224060277283,6.939444319978671,0.7577844689470746,0.17746961266709438,soy,51,1,153.86714158456132
40,6,0.8746160345525043,9.239919820777306,6.323485581424273,0.6841119733073265,corn,330,0,20362.718000919416
34,5,0.4403166813382555,21.366758697211353,1.204994947257842,0.7347316551086676,wheat,331,1,3199.281383705235
32,3,0.5905313754108656,0.7057123080061397,6.5448227166158635,0.2419628262858817,corn,172,0,1312.3230071665605
4,9,0.7218512780937367,3.6202098582812736,4.177840152447142,0.4287908852474409,corn,288,0,4268.818868370248
38,1,0.2552657015285249,14.422114073572994,7.181312451321277,0.13881391008623495,corn,219,1,3723.9845572196523
33,5,0.7847828246394677,2.2655408313892367,0.5228698325668699,0.6009474318279769,tomato,250,0,3720.0316081378014
40,4,0.2881707695134979,11.27596757687199,5.5512748018152,0.9954443285412617,rice,323,1,5273.846604950571
42,6,0.709456182987953,20.04853314104823,1.4496341109019162,0.486896461139943,corn,60,0,1819.5350379842587
12,3,0.14528434756245875,3.2342910900728064,6.824133934473127,0.9910073983356428,rice,108,1,411.64841220866344
12,7,0.29512869790204427,2.3873052331348803,1.2004363574855124,0.21360288142806627,rice,173,0,578.532910814243
47,4,0.5035769438488876,14.386629142094344,0.7367596461963063,0.4532089089410162,soy,330,1,1912.789464449325
28,2,0.49618378134866786,5.4417101246473205,7.131514859037943,0.9117684730436246,tomato,228,1,4305.47470716891
23,2,0.7728665068134113,0.5800968193730276,0.636255813748255,0.8890259334917249,tomato,163,1,990.1513079896637
16,7,0.8967081689928161,5.403149921417179,2.2460836484972293,0.3912324200828058,soy,39,0,663.8353414044271
33,3,0.14112921898111952,4.936817305082939,8.247527236059595,0.7107495253914985,soy,229,0,1254.375748212814
38,4,0.28067991290128147,14.838870034554754,8.097073389774454,0.8975441544020116,corn,120,1,3061.2254709161202
2,7,0.35395847868961444,40.336874587717325,8.54140345204998,0.790189719537905,rice,140,0,21088.39735209945
29,4,0.4570806466385043,8.032461700224543,3.2616727959975487,0.6656285772396257,tomato,364,0,7000.823326599353
50,4,0.46982328168123916,8.795554689449979,5.2809522394733435,0.23731805310402032,rice,207,1,4966.428869356279
15,3,0.7777658036761542,6.015936163919803,7.733700178708914,0.16570242331350712,corn,76,0,2553.615542720046
15,4,0.7049754073673348,3.6171816868953504,1.3707181645957935,0.6531599618349049,soy,46,0,367.41445686754355
45,7,0.06602384218226032,36.01257360914607,7.244184401277967,0.5502480991201973,rice,160,1,2059.776972132541
5,6,0.4367684964957097,4.5469785953082935,0.9757660075971516,0.3142329937583359,wheat,51,0,157.713928329182
21,10,0.5753627625074755,39.60439064827658,9.13259283566005,0.3634928154631222,soy,174,1,15898.652617533488
24,8,0.44133624902906987,6.1764714384289885,6.373464514933747,0.45287845948126904,rice,169,1,3560.312888926611
41,1,0.16104846762184696,91.97947451742368,4.933559821584869,0.5459687669102551,soy,325,0,16256.362442441468
8,4,0.3878529711370509,5.307406722391872,4.847807817416975,0.4512330721795713,rice,142,0,2385.007721960531
23,3,0.3999073408602757,2.8040651813949613,1.814439116401259,0.4485625048773699,tomato,122,1,533.1242992641513
9,6,0.20955853408229497,59.229521394309316,3.4598278071740824,0.20415953018021765,wheat,236,0,10341.132508341432
40,3,0.6928610473003105,19.862299491150548,7.271509529506175,0.8790313764298089,soy,244,0,21583.846748934902
32,10,0.32319057812110524,21.196733457264685,5.409895264923032,0.6482386736002849,rice,42,1,1677.0499704437113
26,3,0.5506391969833238,50.688570637885014,5.293532734798529,0.23149196614181067,tomato,58,1,5645.258358965273
21,6,0.48837065381495237,14.529978851560571,1.9532636995612482,0.48148696259014223,soy,86,0,1229.4090903694798
9,2,0.7958130173339305,4.612866116290364,6.903932757224887,0.475044320826591,tomato,291,0,8854.437935083644
47,10,0.15371269208341246,9.216278391793285,3.9209469767124414,0.6405587906402105,corn,100,0,1039.6723529215872
33,10,0.1471235570154411,2.4140868867546144,1.8283506310469029,0.6479826560643984,soy,363,1,791.6148983156438
17,8,0.3052717187545634,13.997459456288837,9.437903731211696,0.6806999232817862,tomato,178,0,8246.653967184893
22,4,0.41653272290695975,8.540012118149464,5.068480669909186,0.7281127516094267,soy,343,1,3519.2315408444165
37,1,0.3037609114393186,1.9913062603984717,5.280838438476143,0.1930186415161148,corn,112,0,424.46192666523007
37,8,0.6987090200359573,8.724615478640127,9.813737730237847,0.3744299805155309,soy,172,0,9150.010505365413
24,5,0.25847596664290473,4.024219949002215,3.664694965567764,0.11561303725540513,rice,76,1,320.0489837460404
16,10,0.12205853135640801,22.77740268808239,9.430263824939933,0.5091773608723447,tomato,314,1,5267.7647539659
34,7,0.4017298384015254,8.921192647902535,6.949558685993665,0.48648707004725855,rice,230,1,5516.258998939349
34,6,0.7073723949177114,17.04105245916659,6.331323231815254,0.7608942371615308,wheat,55,1,2554.7260513157485
31,10,0.7729776520487301,13.82020979769217,2.3449486011228635,0.250405251947075,wheat,279,0,10315.345254039596
5,9,0.6733431211088482,3.7121253750160723,0.5185049682055133,0.6683450114129598,tomato,328,0,2738.6781269924436
25,5,0.5242036767247824,32.18229054767587,4.378400599013103,0.376024778137137,soy,260,0,15538.841330986206
32,1,0.6655629464868003,2.497595369328386,0.1026994489952552,0.4437248273287292,corn,301,0,1461.867160729274
48,1,0.6291811050082822,5.246972200164109,0.7109541051930641,0.7473581761343087,corn,122,0,1126.978192846891
27,5,0.24921163762080173,0.40034866623974624,5.953672230188036,0.1643932437162178,wheat,175,0,454.92376654340814
18,6,0.5181450583727146,15.397473084994765,7.244993858897202,0.40850460003804623,wheat,317,1,9451.48297526463
29,1,0.7050179327426672,2.332538781016545,1.6803153709108452,0.45219090712568666,rice,234,0,2160.378533758803
10,2,0.31955256259386744,20.851830545695478,7.3252716263250655,0.7441743806665019,rice,235,0,14667.382254526154
6,8,0.6058771747093917,6.486580240634704,9.497308540120923,0.2793019735636306,soy,287,1,5648.6123273398
35,8,0.4592583633909787,5.8532137073826895,7.432017631181242,0.9526716943214167,wheat,236,0,5637.984104622743
50,1,0.47768502330326695,1.0638513685606437,7.847367480530754,0.9979857575147423,rice,72,0,810.3985820731918
43,6,0.12654678211483578,29.617922804458487,7.0074250901034505,0.8370191267380498,tomato,101,1,1787.1318287418967
30,1,0.6162845905095728,55.21420524976801,2.2481496671070573,0.3697412513171753,tomato,291,1,16237.370372670357
3,8,0.7858339800513421,5.2953826876634364,3.6095385316162045,0.6974799886655692,corn,111,1,1557.0866571286588
50,9,0.17021659482198337,6.0391258634829645,9.492720360735403,0.17483322852813976,rice,253,1,2577.2771217824607
24,9,0.36118981288398194,13.649138823423714,6.612444579122218,0.8841513841358596,corn,189,1,4141.904092682231
16,6,0.09136733661470976,10.681874551755753,7.890458314606789,0.5643935841342463,tomato,238,1,1248.5439924579134
45,7,0.07518710307993244,39.457345714271206,9.686977493827928,0.2587952496878072,tomato,109,1,1947.3108867270753
38,10,0.8912097221709823,13.114516979353693,2.3151377682061445,0.39467490360553237,corn,134,0,6972.778460579735
38,7,0.46945078206042695,49.408847504060155,3.217544986598208,0.8206684700391773,soy,261,1,10880.84174272731
15,5,0.3521911658399594,30.108458816114922,6.448371726692162,0.8832040906843418,corn,87,1,3522.615037678387
50,8,0.28364551513126607,8.347042210416541,0.24455038036628923,0.5677420482409812,rice,133,1,994.047762590502
24,6,0.8830107482032152,8.1574019811554,5.712619554259724,0.5322803502796059,corn,365,0,19420.131101187235
28,9,0.2644131676934311,21.18699839479931,8.087075106765473,0.7756612718979334,rice,81,1,2778.7129682533155
38,6,0.6668521363770818,25.673040774656418,6.104823294867428,0.8435706602666994,tomato,224,0,25855.97440061052
34,9,0.2911943814350437,11.671786162600299,2.9546374456772124,0.7883621311562384,tomato,80,0,1458.022196058182
10,1,0.10991607955338126,0.2086564954801117,7.2413167292772815,0.445985245210787,wheat,267,1,119.2086792228539
16,1,0.6307851223402502,16.84233497923382,1.4611702151747756,0.6777331854483875,wheat,72,0,1068.829026882768
19,1,0.051386220485385145,25.954308879282536,8.94783991931589,0.8716239174438349,tomato,222,0,2703.7092575861097
48,6,0.624386234826484,2.3314237953337638,1.0100493953735135,0.23658457064267763,wheat,177,0,2166.012602014281
37,8,0.2628201091413496,24.040023782076393,8.635047846490586,0.44932301660346685,soy,262,0,12220.279125832223
19,3,0.6841885972607761,6.82392067728218,4.978596467934589,0.15095699548773825,tomato,31,1,493.84538501160097
38,2,0.704287642248052,5.567594222594415,4.287041387874531,0.46798955711865997,soy,203,1,2083.110492575776
38,9,0.6654911529949072,12.068189643209944,5.007116943993738,0.7950538755267841,wheat,212,1,6617.93029926148
21,8,0.07081092524746883,21.39406614150863,2.002862824626119,0.27732559908302873,tomato,110,0,434.7466809465481
21,7,0.6481761266972031,7.486612034168977,4.577398110008578,0.5876984360119454,rice,130,1,3140.612018809557
45,5,0.8916237719473987,8.490196376835836,8.497348439170686,0.13292716007964445,corn,267,1,13113.847296754117
29,5,0.2562315632467794,13.671499596145763,8.00975146694577,0.9078849916584923,rice,215,0,7294.361414139528
9,1,0.28310278639153774,48.070361881895764,1.6313222963788014,0.8380042254104062,rice,224,1,4260.944076477629
37,2,0.7414975671434586,5.1904002369179665,6.7345363603124895,0.5719682726083594,soy,344,1,4955.613863513059
30,9,0.1863372842976685,3.241447216097096,8.568515812389288,0.7352082963747548,tomato,166,0,1580.4157979713382
26,4,0.6114961241788689,13.353425364495411,8.197856118599473,0.19352454838197303,rice,321,0,29583.50962137187
37,8,0.6917724208754917,8.85621343209214,4.256898800528518,0.8606885467576335,corn,357,1,8782.55326929811
46,8,0.0815865625464536,6.68958981332507,0.4818803106208122,0.7437353779645942,tomato,223,0,606.5284200931867
18,4,0.5206977801254422,21.305206493547338,9.311763060314517,0.20797065705257245,tomato,101,0,9316.574294307893
22,3,0.5394956697555005,14.36880357600981,3.959455273364772,0.9826203566068997,wheat,170,1,3538.607054765615
11,7,0.30792646278302505,2.794690990612131,3.6104053959261813,0.12027739978580201,corn,45,1,147.3446382569933
33,1,0.7948929689878896,56.29928659603716,7.595389929843652,0.6656597763334962,rice,264,1,67822.08683261002
21,5,0.18833726140487794,22.767012644018067,2.6404581827047333,0.2545794970667351,tomato,121,1,984.1497085299724
18,9,0.3595655030799814,1.891697003553748,8.347644483749752,0.747331884297583,rice,340,1,3471.4130331126144
36,8,0.77136838407523,22.497538288366137,0.7614395566323371,0.16336562857190107,soy,249,0,4983.408847547308
21,8,0.21204634311509363,34.565647057914276,7.4073712959613935,0.1729907945588045,corn,194,0,10836.096625210372
24,1,0.7481680158785238,21.10100880624724,9.657929114924874,0.5196625665068191,wheat,92,1,8014.139938081166
23,2,0.11720880076276236,10.946180264217947,9.95769219994486,0.9946085188617216,tomato,63,0,678.4219619415426
14,3,0.4658447071114915,4.579195651388945,9.2381197962816,0.3488646157935861,soy,255,1,2572.061627752066
8,3,0.1140310630788479,34.83185089277872,8.707753291657689,0.6512753446808703,soy,287,0,6363.786800511316
42,2,0.6262180473022871,22.24341989299637,2.7895233643528443,0.5667391669368119,tomato,119,0,4968.238526312199
6,10,0.7220112656972603,31.680795324866907,9.66651697793501,0.8579076486853938,wheat,33,0,6834.370840479421
17,2,0.7723797660097824,8.005131133277919,9.279038041549715,0.3597306469346442,corn,137,1,4965.788033321253
34,8,0.8840729131323904,1.926833730889917,5.344190697744841,0.5994499426403376,tomato,286,1,6320.152398345885
8,6,0.6212133639546489,5.767173080830598,4.021374466282403,0.9555611635946627,corn,224,1,2816.06459126918
34,7,0.7037026267640173,21.541384087554313,1.093563268328324,0.39932722750245186,tomato,58,0,1553.9221691458704
37,3,0.4798945365731299,10.35295419401236,5.906750144173423,0.49546502317916297,tomato,68,1,1604.870432823795
34,4,0.8258263660039573,8.315026485745062,7.005758939273455,0.8999319830533042,wheat,65,0,3258.169183394904
16,7,0.5971946248695432,11.115012932576455,4.040561835232109,0.399248971511012,soy,284,1,4370.476420292629
2,3,0.8010186953136419,43.41401505072923,4.060889576744689,0.44260638817043396,rice,292,0,47303.061751067
45,7,0.25013421446179873,9.768034236119384,5.733540595752324,0.37370692798992844,soy,167,1,1466.8736389371136
18,1,0.47222711361035463,25.78407461554314,0.27881317497571084,0.8285782377925656,corn,261,1,1342.6508340243427
41,1,0.6703460829042334,1.9300243356103441,9.578701097971104,0.9373482733940018,wheat,37,0,659.4964450392409
11,8,0.22231349137828077,8.473388764568764,2.899767165259997,0.667988992600215,wheat,218,1,1017.9597756990481
9,7,0.2296388242726815,0.25777364150667725,1.409767726827032,0.6612671181336872,wheat,121,1,205.02638103938273
40,1,0.8813363293447919,1.9167081662056018,0.05587847294976942,0.45100325774185757,corn,305,0,2005.8922170112178
48,9,0.4194188066266251,3.846579318225783,8.569058522315748,0.11123537461434702,corn,194,0,4448.051974647096
44,1,0.20454313498520593,11.657827181555444,8.632210550620892,0.25654383894121596,tomato,316,0,6337.46662038893
38,10,0.3317442996842801,43.64744079415368,0.9539707385725835,0.23269451913121103,soy,219,0,3770.840797706674
14,8,0.38776972602603677,21.65545181256819,1.5232607875851212,0.20429380253173307,wheat,183,1,1656.4454934129762
46,10,0.579622468849688,0.1,4.479574410346422,0.6886425844480557,wheat,348,1,3362.976745901958
34,10,0.8345624601905897,2.9152677597922407,1.8578560264900896,0.22271405713641787,wheat,364,1,3928.9409246255927
10,4,0.8886015645337774,36.02130492001082,7.358475547230733,0.17707055728304733,corn,183,0,37679.64661532237
8,8,0.6039439450744457,81.37945116680993,0.5813394173115177,0.4443233559056724,rice,150,0,5875.705047264143
44,3,0.6449340066780661,19.64314585995142,5.4975436145262755,0.3241203966711087,wheat,247,1,9937.626622778376
15,5,0.32355479424210065,26.950604416122957,3.828532859573927,0.23127449107229403,soy,87,0,2207.4179399947097
39,3,0.7785848061314368,15.55629973752684,4.649999890438824,0.2315150880027112,soy,159,1,4453.157647117413
8,5,0.23512858493726763,18.89241873319382,4.2481464198383225,0.3305851361044892,wheat,314,1,3708.794124792642
15,9,0.14042355191432243,26.43438500008009,1.532438666164002,0.5831647870384373,wheat,331,1,1443.1675313675953
15,5,0.8772675915830033,7.006332902282101,2.2035945716003145,0.7822860400821262,corn,169,1,2667.801651409178
15,1,0.7845178752974524,4.62914342081105,0.6490121814053555,0.8674989789269255,wheat,161,1,1060.09691991436
35,4,0.30809836435741333,6.1451154885993935,1.1537404674154133,0.7762760647649651,rice,323,0,2471.4439890626018
46,8,0.6238951089238919,29.946352405994713,9.77897032936673,0.6653919337337537,tomato,97,1,12158.050953073214
46,6,0.4469656038012196,3.813396282033461,2.7985883299608423,0.9168621197675348,rice,50,0,996.6012618684056
38,6,0.3246589752236502,43.53570074844277,3.0709483678563028,0.5677631224608256,rice,54,0,3190.9496383764504
11,5,0.29375807914625063,6.569848635000564,1.2719361979907784,0.6700211567683222,rice,67,0,383.5964799912957
49,3,0.1656233284377705,0.7717920424270921,7.551886880763019,0.47045849529868156,tomato,325,1,687.265423530101
28,6,0.5169203699344633,37.22131792064401,9.241503959062632,0.39464578079267143,wheat,43,0,6595.87360007786
28,7,0.4296071865998816,22.751131329300925,7.897715620129444,0.39854060151512805,tomato,141,1,7727.178423664728
36,9,0.48535845725495264,35.476532812707696,6.126545678512285,0.23348555354106348,soy,232,0,20163.978416139016
39,7,0.2330535923574938,10.1899947943341,8.132515923190152,0.8169378856064662,soy,234,1,2816.6937386955797
48,10,0.8478190701572605,6.505524335341029,4.042898099095652,0.1498312759001894,rice,309,0,16985.952653390534
30,9,0.5928025168809603,25.473211307000746,8.595114053451795,0.707216719388068,soy,359,1,24256.610942875825
31,1,0.8146605587758363,12.537540337020738,7.985389977532183,0.8780141735533322,corn,165,0,13752.715840359495
38,4,0.14288049112784212,7.147787653262279,0.018244717918933874,0.5476855122868305,wheat,108,1,133.76243516744103
14,4,0.5794233209777486,9.590682163562677,4.878453555040253,0.16318070365739518,wheat,60,0,1547.8850444255445
17,1,0.772042545847537,8.04786695805176,2.6469011442161827,0.4855757154732018,wheat,329,1,3741.995530176471
32,2,0.3312826628422966,0.1,0.8632429307605871,0.4089039425941149,corn,155,0,447.0869661903462
5,8,0.21587169376558846,6.054998684911029,8.462114231435,0.9869853873694876,rice,331,1,3701.4526479829756
17,4,0.27526810993477674,17.60665718552653,0.08048889332692194,0.7221386814570498,corn,146,0,574.2445244395326
37,2,0.28199366773732915,0.2350271996137174,7.301904857051548,0.749223824346028,soy,284,0,939.7553558258962
49,3,0.43011912018500487,9.39910665752727,9.881933017850864,0.5642442270660079,wheat,246,1,7122.374313187192
27,3,0.32706906236243183,10.785175193158809,4.820715647295652,0.7384728289978868,soy,269,1,2722.6631971443185
21,2,0.2805829618017926,0.8087164835737196,3.713034058884405,0.7503138790499514,tomato,249,0,969.3650729392915
23,2,0.6012354536443673,16.89389158364029,6.05872371179266,0.15972299267149437,corn,133,0,8211.380464150774
35,8,0.0950775159211018,46.78960067240806,8.047173578649074,0.3003458720295433,soy,64,1,1109.9709713289765
28,9,0.33930921141877046,39.74245772711931,2.403279685759013,0.11167079988599746,tomato,33,0,1270.4345861984596
3,5,0.6362891710494036,2.8590204424728873,2.5077635901062085,0.5588266653357147,rice,171,1,1338.4708646357522
28,7,0.19947228688885504,1.5007203618075984,6.072172962854382,0.8882198693524238,corn,329,1,1102.433378100957
21,10,0.23778868288097554,20.647894388875837,9.398858328722199,0.6485990812257956,wheat,245,1,7312.23177746902
36,9,0.22056663160097983,51.876101948444855,2.985101317611876,0.5501867750269385,tomato,256,1,7361.208270424546
44,1,0.050787190721694186,0.43271603827448657,3.7681698776269017,0.9333692628495759,rice,116,0,110.6989414889575
49,10,0.4527025890568368,5.847199645847419,9.933339681301435,0.25499665991957854,wheat,193,0,6727.459650074423
31,1,0.08311497100370471,3.0128252718893918,1.7630454298999514,0.16714387734191716,soy,166,0,85.920683383481
19,1,0.2819988400086651,6.231005711146742,0.7706047155846655,0.925575162768746,tomato,75,0,356.6934235648453
23,5,0.8955829109031759,20.150195194526372,5.897962633567181,0.9125035794269319,tomato,236,1,19138.529947437662
10,8,0.8306367796817549,0.8453198121469752,0.24364561722790834,0.7146752375916545,wheat,152,1,975.3516766538759
47,1,0.23281443693288406,11.942995289971162,1.805151879516952,0.3213812458864468,soy,165,0,787.7726228524912
43,3,0.3135020671268428,1.5645833406368834,6.2224695977239906,0.9727876222339337,tomato,230,1,1415.4970308251452
43,3,0.44414889492826876,0.12416276140278518,6.5954644945126395,0.7888117166234441,rice,40,0,399.71908242128853
18,4,0.767751514660357,2.123253927624531,5.10474207122655,0.7065051252262022,soy,344,0,4613.916446508154
17,10,0.7322490501841274,0.6120464591331888,3.838096714247604,0.300620191613903,corn,104,0,1076.1954988610787
43,4,0.15730522108133985,17.587179691145476,5.762399646634062,0.5617802544698041,rice,258,0,5774.9365790228285
28,3,0.1557815210960993,4.80291102194276,6.434214144579355,0.8403186171672998,soy,290,1,1070.173384599403
36,2,0.40422241580993795,6.882368328654325,8.035016980870214,0.8742342022590575,soy,81,1,1021.3913840780049
26,2,0.7895810811717063,5.547999341239211,7.927715531270265,0.6052871042211412,tomato,113,1,3416.918980468559
23,2,0.799772249231177,4.663905671432522,6.648342854383964,0.5705144593473378,corn,168,1,3053.55291300612
32,6,0.14126097223355066,32.432532672367046,8.942431599701427,0.7279154454768765,rice,304,0,14928.388314003674
41,5,0.5381526947707188,10.387706631183304,8.380414510700593,0.5754239598812256,wheat,243,1,6906.673204296948
18,5,0.18232391755634597,10.354615217994711,1.3333268361711839,0.47591293425909487,rice,186,1,695.7202388848089
41,9,0.6332099135023653,12.060726754496436,9.56683773379351,0.1768771102819498,soy,315,1,14027.953110197463
13,6,0.8289682607395705,2.1007781500713194,8.917531280876887,0.2134447081440221,tomato,188,1,2535.087011169997
21,2,0.43655389860425453,8.155000224043162,3.20995086790009,0.7842479213806006,corn,327,1,3604.337008012971
46,4,0.12062035848824378,15.130517947143517,0.20282400165178754,0.12219765816184126,tomato,288,0,607.6816626825608
48,4,0.5423660665103637,16.239132371610058,6.040155491636117,0.1470745232178478,soy,87,1,2328.1831111108872
47,9,0.39723916961547645,5.77103508050287,4.384737351087015,0.9141792202777759,corn,158,0,3685.42217411594
17,4,0.7392639394838663,1.6889840834636942,7.495917059198733,0.7335974021092163,wheat,38,0,620.5213330579593
43,2,0.33929279433742954,8.073012286282127,5.246473045321718,0.10379144972273152,wheat,110,0,1365.1761771809768
47,8,0.7936626204017009,32.51149680140888,0.7658278620742169,0.3808390369193855,corn,37,0,1448.7993702030483
49,5,0.28264534648956713,16.09710348763918,2.447629515127504,0.7869866145359903,soy,65,1,614.022958708608
3,1,0.18388999050538307,5.790482867532249,8.82535503750917,0.47584071997953004,tomato,31,1,195.4627206431647
38,7,0.31050832072079293,67.04676389873434,0.37785926745478593,0.5219180405723005,tomato,255,1,2559.0875603625473
50,3,0.07967842304933453,14.076401343966088,7.366960024313473,0.5129191549414499,rice,167,0,1855.337483069975
39,9,0.2890590718431051,59.361977071494366,2.920143136006372,0.2819209629331366,soy,187,1,4687.644852070682
13,9,0.6110999887997262,9.652795782424628,4.526945390621929,0.7492522941084347,rice,286,0,12027.990364687581
39,4,0.17094053177310348,2.7698224245395053,5.3105233136841745,0.1927056974692327,corn,301,1,942.6125329049711
7,6,0.14466022686859978,5.226076872447114,2.501563491714703,0.556525994992004,corn,209,0,658.0612631660434
25,6,0.16252749756619783,24.68295719540658,6.519952469533631,0.2529602447134256,soy,183,0,3707.6168175787643
32,7,0.11591892312224641,12.429641659333402,6.934728738760665,0.14187952861944042,tomato,248,0,3174.563348677134
24,1,0.7934401000664987,2.669609598225958,0.8515097372280802,0.22891949600245148,wheat,169,1,451.90963253748146
36,4,0.852497848172049,32.724122003282524,3.7398968314383545,0.8824014426805675,wheat,178,1,10296.37647225107
13,2,0.08957697896946834,4.419359992683828,7.44402863476171,0.2585328983024151,wheat,130,1,260.9609550469691
31,7,0.6960610143120093,28.051036779923802,7.216653960851478,0.3505322881111155,corn,93,0,13267.997968987436
33,1,0.6765789847096181,0.714943047785969,5.446488835708487,0.2242853093983656,wheat,97,1,320.3205590739247
33,6,0.8973730109185344,19.60374761878849,7.776970123900274,0.7619905914919828,wheat,250,0,29384.33717158635
16,8,0.34569006246290795,0.6183356144692633,1.0773412855053928,0.5009042505308514,wheat,309,0,1315.2689688297482
16,10,0.29268264293685375,14.661614542374526,1.1829944671774562,0.9492715347805638,corn,172,1,1076.8139782419498
14,3,0.43511980268835315,6.914509135708144,6.575235513663152,0.6978921240231121,rice,61,0,1697.5192523301025
24,1,0.778088900576812,36.52894783907357,6.933645345083394,0.5782502984380946,wheat,235,1,23620.962805868614
30,8,0.669304596157214,8.372849861699045,8.145454026355381,0.690967838465351,corn,333,0,17508.98347983235
19,1,0.4508802418723773,36.12673141586565,1.8111877408547972,0.13638284488869776,tomato,207,0,5973.355851096037
22,1,0.2578784167929922,10.70576514398877,5.168199822651621,0.9555942341158213,wheat,39,0,451.00172597922324
16,10,0.6679633800781155,1.0374713573868237,6.608652140058689,0.9607866493755233,tomato,57,1,622.16746392111
12,9,0.7763478378358667,3.8721629566595777,2.237772038716322,0.34852588169997667,soy,205,1,1477.8866028542352
34,8,0.3899585464073672,8.970995031886165,5.169761728074314,0.6654659344688203,rice,319,1,6673.460108199129
41,9,0.6182976289478366,42.90472437778667,6.384811798881571,0.28172371972588717,corn,49,1,4976.787951210704
16,1,0.39018021800010844,4.182836254910966,2.1452806652653256,0.5927246151404131,corn,283,1,1198.0990355677632
44,1,0.4567194224202621,30.055291372122788,3.756258539091164,0.793710315211954,corn,291,1,9278.578760849156
29,4,0.49617382296167656,16.88577075529687,2.1641717625469443,0.945839552324853,wheat,47,0,1097.5211129245888
10,1,0.7093669419189362,25.97807604895582,9.029526101381558,0.4052952309391047,corn,101,0,15690.14094152818
19,9,0.8808800865095915,10.58548347701433,2.3687520204179875,0.7241547367384853,tomato,31,0,1144.2376784695336
2,1,0.4277112382424975,3.9297354046139397,1.2092254252319838,0.7447844029124615,wheat,220,0,1060.1578035985056
3,6,0.340967755310465,5.086658825725847,0.3525179599599097,0.2990339210482671,soy,88,1,106.34988157658131
18,9,0.3675523555015326,11.281296850910355,0.45048977064109036,0.666128918344053,rice,337,0,3066.6212323030195
24,8,0.1638057089689044,24.2504194058682,1.9166707634332025,0.689879160268999,wheat,60,1,349.16455924559426
41,3,0.3023979271450643,14.187866803683646,6.0824769045582165,0.7876684957114308,wheat,248,1,4302.219410274086
8,5,0.12348030127848529,36.821072311922606,0.17748109523671543,0.9999525317090803,soy,294,0,490.6736171334584
43,6,0.4137101237023601,0.11179098984799167,2.8681525036467144,0.1362091324838325,corn,89,1,348.6320033446885
13,8,0.19225367891439155,1.3576134590256872,0.58261074634167,0.2820745393098023,tomato,114,1,140.81971479230194
8,5,0.34444573407824736,9.940380648640893,4.0371840442213776,0.23057058872776662,wheat,297,0,3951.129796781381
36,3,0.7245410869828653,4.319551799616798,0.48671880156074626,0.23899064717863228,wheat,61,1,264.6623748730135
39,8,0.2590385030007656,20.000261809194548,6.07581022443166,0.5088237945597686,corn,178,1,3988.5390020188224
31,9,0.5701104281407586,8.091868879338184,6.884554230924635,0.8906829009516436,corn,114,0,5406.542288509833
7,5,0.816004206361321,27.831234150916362,7.313644158887993,0.5038509421609796,wheat,34,1,2861.6678821610208
7,1,0.5318898089751148,20.94905442609974,2.2442096430639045,0.7016323580509719,rice,181,0,6019.074032187237
21,6,0.21472372085655078,38.040849401376406,8.685133119455472,0.4388492282771972,corn,193,0,11518.722336876674
24,9,0.34305126487106113,1.897238416159276,6.903191385141934,0.3876969837800036,soy,146,1,713.942814806107
50,10,0.5518138261064561,7.277565109815436,0.5674455427789041,0.850811666346138,corn,302,0,7184.328068282583
16,5,0.48061946879587547,2.4468380785422497,4.4082263203055705,0.6899927591065776,wheat,62,1,402.32780040356533
11,2,0.1763268608353682,17.971618746116278,7.67779717723144,0.4158057592742824,wheat,174,0,3222.9844143196206
48,6,0.42977689298698357,3.0461262726921343,3.1096283732755774,0.9227442351224484,wheat,90,0,1188.4895281099705
9,9,0.5116066906737111,10.679831178827921,3.8162061802987406,0.5486604086058803,tomato,284,0,6596.1490402777235
3,10,0.27723280728893657,19.55705838110639,6.296408669138133,0.26944727256935963,corn,217,1,4527.6708956126995
22,1,0.5705786880388741,11.773568633362702,0.5557533202788622,0.5348996762209131,corn,267,1,1488.215334757137
21,3,0.10963608456242838,15.53778029974518,9.669383470038666,0.7072294941401281,soy,66,1,508.00429113598085
32,5,0.33611597853068925,0.7981020887624428,1.745635625086669,0.43040133033054606,wheat,183,0,735.1751260677161
45,1,0.7336353078609383,9.690792357403438,0.267693324462957,0.859406262647854,rice,47,1,383.330535129598
47,9,0.2703920807719321,5.944396308915144,0.05422449742216213,0.5798295825454909,soy,138,1,488.59893028458987
16,2,0.5644003225026165,5.938232458083316,3.996144195618958,0.5209883019410196,rice,347,1,4120.474054540986
50,7,0.39852525665376515,14.540385079514886,8.842649401388302,0.8728402809373468,wheat,274,1,9654.209587239533
33,10,0.31899112105295974,20.301304097762202,8.197801030100072,0.5166260258195378,wheat,56,0,2445.433292796579
5,7,0.8287119347235229,4.758394174825515,9.1205459366987,0.47296912766573485,rice,153,1,4872.381525374617
47,8,0.341772460368326,19.153778552139116,5.3382894109696615,0.19334475580014637,corn,322,1,8451.966935305387
8,3,0.2511745162639656,20.92621640809355,4.488013592517769,0.42624269097126866,wheat,87,1,1096.1023842291168
30,9,0.82290611829423,1.9540599285701956,3.859223900091838,0.4573434705067736,soy,284,0,4875.814135685027
40,5,0.6840527025454427,46.53931104948194,0.4651343398372673,0.26256008730204083,soy,137,0,2206.293645035555
14,1,0.6295297566434678,24.507214912904832,9.09530304179523,0.6290408815418509,tomato,190,1,18451.794584930518
15,4,0.09210470075684443,36.61624798452884,4.9622647467549905,0.22945786349531294,tomato,324,1,3310.8210185193457
25,4,0.16152421660840943,8.954681674429406,4.55121924308405,0.3013208097435019,soy,255,0,1378.0622041405275
45,6,0.5925889692382135,4.3760655681368545,5.15215970265416,0.6049827871526265,wheat,125,0,2671.62940487464
12,3,0.22801791104732116,0.7100271034125225,7.9417510266238915,0.34208520825226335,rice,32,1,68.18316455473379
34,5,0.2417922877858052,25.54387324703477,2.245486388739657,0.675701479115518,corn,108,1,1245.503718521356
24,5,0.7122677380420691,54.048238071525965,7.099296889270239,0.721461819628634,tomato,170,1,23897.403445924865
7,4,0.2930362065114012,12.99847848345716,7.107986638799476,0.37116136954598533,rice,74,1,1591.1429284364835
36,7,0.1108492068291286,8.882870587798541,8.495678269799571,0.17864891334704797,corn,326,1,1737.5745328995138
42,4,0.08096715521338194,15.500280364715872,0.08782730104023626,0.5405066504460265,tomato,48,0,67.56523447535974
30,8,0.4267012891584946,1.367768864705437,1.7047850368080855,0.18360857808263542,soy,211,0,1191.2184766054233
10,3,0.5745592910319491,3.5876682697014743,4.710997473595511,0.5637121133714813,corn,358,0,4749.013093528435
9,9,0.7885524483830325,11.933752205262744,8.505553334227322,0.7535960579160641,wheat,142,1,7024.042238550704
22,4,0.1441837357777434,10.040010865587702,9.651203499418212,0.6582968123237231,rice,210,1,2579.0017734317007
26,1,0.21717190234505185,40.8949930207214,5.949091278179335,0.5034408770908159,corn,54,1,1652.6783900160287
29,2,0.5003305192713504,10.794052525111253,2.1221276202547785,0.9512726931077927,wheat,275,1,2570.916919905743
13,9,0.3594921079056788,5.757172966772241,1.8466623735506318,0.19157250977395346,wheat,358,1,1357.211859123356
26,9,0.46015683355867043,6.920709616262218,6.394800095908688,0.8920013562207381,rice,289,1,5942.669811178668
16,3,0.8355059516365831,14.149023981057526,2.1014814014469865,0.8201159853770827,tomato,80,1,1724.440953111345
35,7,0.5131579057849841,2.0492412730142924,5.531321151784941,0.47776472232812617,corn,148,0,2524.982019133721
41,6,0.40285251902026453,5.44941632396959,8.348284479509877,0.23758045471064299,corn,273,1,3692.523437436701
33,2,0.8910239206947831,4.710309093664804,3.8988066649724384,0.24028010719987714,rice,298,1,4793.787574004216
2,5,0.10543331941460587,38.20147352395601,3.7853434252295504,0.9296251846685175,wheat,165,1,1351.668936766825
50,7,0.8422964311154961,5.6436515070430255,0.3623672285738466,0.3103341978504341,wheat,353,1,4987.602776443047
3,10,0.47641256575566054,4.47275238497238,2.5415916996671246,0.8867041371890458,rice,98,1,791.2667225535295
50,9,0.47819288710206737,2.5015476293069465,6.982216404733125,0.55296569793726,soy,279,0,4580.417797611892
3,1,0.8336696840727279,8.537436424217935,3.6045520600768324,0.5155611730546299,wheat,196,0,4486.438298309232
27,3,0.4812253826541091,0.5141648252115891,1.5838308739819296,0.6575601408254386,corn,269,1,1092.0247333592222
7,5,0.4226460269506265,14.456384714224344,1.0585715698695106,0.29353517460390965,wheat,230,1,1092.71335082569
6,2,0.28161530329961915,16.192217050418474,0.9514387281289385,0.4855336066537246,rice,175,1,740.8792138781045
35,6,0.6099942517948077,1.6650317127887015,6.591675197745834,0.9446359949244368,rice,303,0,8021.249650608087
37,1,0.5341983273327974,0.3866160273300581,6.126602166456694,0.31443123608087487,rice,312,1,1067.544588964874
7,2,0.2321936214056156,5.835848940932122,5.1856915350152475,0.9294252029917766,wheat,304,1,1676.3108147383255
49,1,0.6530009778021261,49.40550469812011,5.0037641551432355,0.9947887269482608,tomato,59,0,9461.547742485003
17,3,0.5974738287361444,29.52463984678193,1.532215390026028,0.1467164692679471,corn,172,1,3148.7282564220927
17,8,0.38773380157555964,19.880894475277803,5.006541643376113,0.5782412103322344,tomato,281,0,11850.368110547448
16,2,0.053740783618017984,24.987450547108494,0.6003178282271988,0.2546373697243197,tomato,321,0,373.2307449960432
24,10,0.42959397764975954,29.758368143870662,9.258658727568276,0.6595428303610096,soy,151,1,8645.907488024342
10,3,0.05514939956071397,5.74354551411664,0.5812175124720659,0.990588378893388,rice,278,0,302.3512876733366
22,1,0.11374871590418387,9.072684329737795,4.235878418744292,0.9071928058763852,rice,220,1,897.6138671270551
12,4,0.41601841710870896,17.960368960827417,0.006709992975319149,0.9323636154457181,rice,104,1,446.1692230888709
4,8,0.11963190155752854,4.363003642717459,7.861718237393663,0.2920148319808894,wheat,330,0,1285.7577623855489
20,2,0.2843156187190913,35.55956453769673,1.6625357151677647,0.5880876390003713,wheat,179,0,2992.165520832409
34,1,0.6071676632751232,14.076507087271906,9.24923526219896,0.3113479147554556,tomato,233,1,11366.064818387576
39,9,0.31232304121800614,12.523566573929612,0.4407335008577847,0.9094822368198862,rice,126,1,1123.5687077998264
19,6,0.8980013050032839,6.325992808553462,8.208052558309705,0.2720385937668219,rice,38,0,2421.921265321113
17,4,0.828856728827734,1.3912699987355475,6.566721490343067,0.23856302116827982,corn,182,1,1518.8907453079223
40,8,0.5475134188976951,16.46550513829676,2.4981074531400194,0.1109463685426169,soy,272,1,3553.1467509477557
35,9,0.8719050678396909,18.618934430208316,2.024993672696718,0.2637530740779595,corn,139,1,4072.925212009991
42,4,0.7878147002676438,33.3187156739719,3.577421655836847,0.27078656216907954,soy,342,0,21717.954638037496
46,6,0.321063741014414,12.740865315121994,8.284200428870374,0.1697411687730505,rice,282,1,8255.502586853425
42,1,0.687156809087513,15.624290075418934,8.61970352680622,0.880966993071843,rice,245,0,25949.74894773069
47,4,0.16630701640335527,18.037212879712754,1.7536785098637333,0.8019980278265116,corn,301,0,2361.923567007257
22,6,0.63186871072193,13.036688940111247,3.5351269488036228,0.3290333476125311,tomato,319,1,6649.19984642954
21,2,0.46741955252039336,6.284632023538046,2.3756763476386364,0.8049319329800824,wheat,272,1,1766.9051589914673
17,10,0.06430204836490101,11.960016682651514,1.2273058335313412,0.4799480921171184,tomato,307,0,539.8775777003789
13,10,0.28309534903181516,3.031497491257773,6.464847425901752,0.797968278413366,rice,269,0,3410.2304327086717
38,3,0.8620748847936113,2.8451176145248263,3.459364361332118,0.3907068866516562,soy,319,1,2757.8509086386243
37,4,0.3184567623252086,42.295413403427105,2.254615063718565,0.6081888038390894,corn,64,0,2129.3491472877404
41,2,0.20423628700622454,3.1704494814588804,8.660111737246261,0.4434494877587517,corn,145,0,1013.6180153413502
10,6,0.2094017295863771,9.1157687162238,7.483430991104762,0.26890823532112224,corn,328,0,3984.0007928398936
26,2,0.4573312749456567,9.061755828102775,7.737837725814729,0.6270695956018006,tomato,189,0,6491.384178718993
12,4,0.7662518545699547,11.5745785800624,0.39291971594161823,0.775747719980066,wheat,35,1,225.8413388636799
45,6,0.6943015003633446,54.22669748280121,9.151389361861431,0.7777964121347339,rice,314,1,84623.52880083663
15,7,0.42132420640710816,4.2887464668199335,5.747809041364379,0.4206604764873192,tomato,250,0,3870.7686351232833
9,6,0.22741785092141648,0.5795828169761118,5.038524244040504,0.5668405915652452,soy,335,1,462.2820051346202
29,3,0.08915516508686244,6.476960107967746,0.10684287493178385,0.7874007387265777,rice,35,1,39.94939933549024
45,8,0.44323577156032135,6.674976917721046,8.976724442130612,0.14904783507033176,soy,79,1,1245.126576894939
46,7,0.742559046240463,2.099435782257079,5.439360814389521,0.16469949997077427,soy,201,1,2108.6849414818926
6,8,0.6702296945551667,0.3497894626902844,8.251709469943012,0.43860046597486957,rice,90,1,540.6986988456127
17,5,0.3973106524831627,4.851743004851614,6.5554540964222,0.30112444092607016,tomato,204,0,3223.2941028915316
9,9,0.5554972711299603,12.984648290989359,7.967139441495294,0.43718141759519835,rice,146,0,10148.583605368987
17,4,0.42080954280428495,0.3534488063150557,6.929624553829466,0.18437777187366122,tomato,100,0,417.47299825039624
28,9,0.5421636933216512,7.420900894425436,9.20971805945593,0.6328072276077588,soy,288,0,10220.29075165479
15,3,0.48987945773451674,8.72832380532616,2.2556163792091573,0.704566455394919,rice,43,1,472.7852805879579
5,3,0.6288216101063852,31.666924011239704,2.021798947224339,0.8126564571045156,tomato,323,0,13843.469937074435
26,6,0.4815525170031553,33.76402145160247,7.125703077889275,0.6854706442677942,corn,81,0,10277.068955176665
4,6,0.8495193484424248,21.588766535890738,5.014446611034107,0.45674325550546824,tomato,224,1,13937.63822143689
13,8,0.41382395434443325,7.0778983083066125,5.992012542178366,0.9414354023360719,rice,363,1,6648.773990525402
2,3,0.06352885758375429,4.104391775837385,7.085716149443079,0.7536988144251914,soy,68,0,120.38830466305933
6,9,0.25091750509763683,5.7800231191644365,5.474734541803026,0.574913121244098,rice,341,1,2814.0692780673767
23,4,0.4755158293906575,8.418091944261397,7.877146783214297,0.28616536750203303,wheat,132,0,3965.1797840841464
43,6,0.5094860741053627,18.23334630731891,3.189354692002589,0.684077488062594,rice,278,0,14068.586335433401
39,10,0.5195270709152454,13.07925576463878,8.590045445553322,0.6325484725773605,soy,317,1,10908.467064869372
6,6,0.6573692835295698,0.36103432795896,1.0776558529030817,0.7149969990437919,tomato,107,1,530.6638714658066
3,7,0.28345092122489873,11.968748781616263,6.340405765634908,0.8030122887774711,rice,146,0,3806.754540498043
18,10,0.6151681271852556,23.98124834922136,8.90143494276045,0.9235446570804016,soy,319,1,23460.68578129182
33,10,0.6484274321513309,36.60741408238263,2.5276885848891446,0.9541509322223312,soy,64,1,2067.938810609371
38,5,0.39958863972770237,1.0294281046753775,3.2690199145642054,0.6671669519130365,soy,66,1,281.6680683697194
42,5,0.3918437342743737,79.64702601152791,3.0551123431488962,0.9693604321780089,tomato,131,0,11819.446565720515
18,2,0.20208606780798227,11.568381856668598,5.6430728540385635,0.9202801591005108,rice,232,0,4117.5371448918495
10,6,0.4018892698170677,1.0778638579749462,4.1293052838359205,0.10235292131369896,wheat,301,0,875.5190110492427
3,10,0.7187938479509606,19.40677385518697,1.0804848906640288,0.673855719621407,soy,219,0,3383.247180555241
9,5,0.8226270547174014,29.85465635927038,8.912980930342844,0.2606224688506572,corn,195,0,41263.96770205801
5,4,0.5545712126202706,5.383698690501264,2.0475616149575826,0.36567338901264856,wheat,322,1,1444.4586562035515
44,2,0.30446479185115394,3.902582532493759,5.341266029874308,0.36775017976202995,tomato,87,0,784.9595673519797
15,4,0.6299462608607718,6.363749548547998,5.9484541544766785,0.5348166756733967,tomato,332,1,7004.668867401904
42,3,0.6791242773916033,14.302550083802835,0.4084776846317694,0.10977956019402979,tomato,135,1,772.6362996822442
29,10,0.332380861963563,5.224479135749618,0.9580275642157181,0.3122167672221909,corn,122,0,939.595974258961
28,6,0.7525656822661148,1.6911983798446801,9.716925414585088,0.12620886126385297,soy,350,0,5458.240275602786
24,2,0.11264145731758907,7.104015710183834,6.645458889153676,0.685502709147314,rice,247,1,1197.9240651684286
42,1,0.0591406599600217,4.800572246997611,0.3366182052872228,0.9003588208235498,wheat,175,1,84.40181399119965
4,9,0.1545251567372447,12.068368539845885,7.942198007309336,0.9980097938487389,wheat,140,0,2070.2024070839902
6,10,0.18260709565338323,25.149761657651172,5.0859195499655785,0.5037012026038877,soy,178,1,1856.0781168780525
22,8,0.7970896780055631,7.8437325163546525,0.7529205212126776,0.3341269992647375,rice,295,0,5321.523769870814
21,2,0.4112344468880887,34.599342973322806,6.807840228379865,0.8677932370576231,soy,81,0,5350.4979328354075
28,1,0.28369193817482447,15.937141105928598,4.994018706878817,0.2018426657864255,corn,88,1,1217.121349869045
38,2,0.41471384858879645,9.74499132042148,2.0499930913081212,0.9768150829505268,soy,132,1,989.5132032163624
30,8,0.3856147587955374,18.157259358247284,8.777145018616107,0.743353709246382,tomato,192,1,7330.376674806982
14,8,0.3062424177898144,25.51684759391483,2.9145072031442414,0.5535411988306728,corn,303,1,4431.011530803302
18,9,0.16721464505017053,15.35744857354013,2.8462817978976247,0.18698548359181,soy,100,0,568.9468717896749
38,1,0.6075281426777985,1.4978791633872195,2.728463044340995,0.11637634213879428,corn,294,0,1446.7671557200988
11,2,0.16611374236270704,0.43068149825153157,7.674790315113424,0.5900789777337453,corn,334,1,380.34800947276364
26,10,0.7091107847717733,24.03795699234387,7.061480585134941,0.47246545669601925,rice,176,1,16979.737514482433
28,10,0.22143481128838555,1.6656507159122267,9.031553709018104,0.858398044925833,corn,352,1,1756.4818767036068
38,8,0.6716656110633149,11.66872056081065,2.294162856623213,0.6780749317240932,rice,330,0,13183.73868956664
37,2,0.734748189841147,1.4878712283391085,7.863859590832542,0.4887067118461256,wheat,297,0,4187.9819569201745
24,1,0.15652710830828315,36.666340109846004,5.730882719704432,0.3034063540910745,rice,157,1,3932.001703954249
17,1,0.12373390304480346,5.852300220982064,3.0874874169170257,0.5323799879308055,wheat,131,1,215.4696298263038
20,7,0.8571368550556109,14.969127017564862,0.35550586994509864,0.24669485090754092,corn,320,0,3787.0371564391517
22,9,0.4435897857396936,4.296673986569951,8.18965655096125,0.7003113962258668,tomato,178,1,2701.970755889389
12,7,0.5857001707270402,11.169305237148837,2.41147264376205,0.6451561652191841,corn,40,1,570.5128118341664
32,3,0.06977137410350259,0.2585720865253981,6.31779861911298,0.8290642313135825,rice,270,0,349.5855233922663
12,8,0.28690365347288893,4.481291365479665,5.489130492662066,0.5045763450180486,corn,146,1,972.8807364652469
33,1,0.47958800637547827,20.34506675224671,0.04549093692919201,0.3507836797247761,tomato,344,1,812.7464869709415
38,9,0.8032855663809934,7.1791540009783406,9.943441955767685,0.8527558233121799,tomato,317,1,15738.06361016537
49,9,0.2807235049297198,9.422699424570276,8.143479228645488,0.7218973733138963,tomato,65,0,2100.3035330145117
7,8,0.7089126218799117,20.049836989290558,4.865226235096184,0.736038247653415,corn,332,1,15380.52051736143
39,9,0.6128809890198966,4.346309737560828,6.803733361053589,0.575276114265711,corn,349,0,12611.187925808053
6,6,0.14798015263488323,0.895180168816266,4.766465771671136,0.8883807533981857,rice,284,0,964.4171876576988
18,5,0.29936889687319707,7.103463376164499,7.44611812651603,0.3050051567243823,tomato,122,0,1994.2356525428
10,4,0.2521844309728268,15.455208383874602,1.344151129643122,0.4615228228176286,soy,255,1,876.3322400089531
9,10,0.42614844943729263,12.697524777512795,4.46406360134507,0.8166093144983413,rice,321,0,12269.818767751602
10,7,0.5900341065904466,24.642859789240664,3.3560362335515275,0.21966481177181305,tomato,304,0,14266.053092537642
4,2,0.41840679218223065,44.179210619401736,4.5970927796968555,0.8272985437145932,rice,174,0,16641.64323318371
42,10,0.2578560893890351,27.713731700851184,4.505276055950782,0.4173356986577562,corn,267,0,9437.086665049648
4,1,0.6414969529940342,3.4671136475715674,1.431796403842164,0.21295332912733028,corn,159,0,731.229601734648
21,6,0.5468004305047663,21.93776754039739,9.764909218519582,0.17123453698170615,soy,115,0,9314.919574478514
36,2,0.49141682130333814,15.724877675064313,0.15590593573849237,0.8587258468783607,soy,256,1,967.8087678062914
50,7,0.5212566578290816,10.276171622876081,0.10171937522917104,0.8007539910630721,tomato,186,1,2125.7754324530274
43,5,0.23861554934975004,4.4354950118522325,3.7350397440180445,0.3592372108505648,corn,105,1,438.43902757524774
8,5,0.6283664019285878,20.72018205392601,6.204143117118829,0.2047259703137304,wheat,251,1,10104.196041332696
50,7,0.379375455207953,6.908659186928221,1.7973526149224675,0.32251098343394624,corn,138,0,1944.8082286618676
34,8,0.35894764677051666,0.1,5.332406845037707,0.29168887212430816,soy,227,0,1225.381776376372
10,4,0.17727407702675496,18.086466610391223,7.227996907666826,0.7597500865229784,corn,151,0,3217.2428643818316
23,10,0.5573117343678795,4.862314815363972,0.9415120297924712,0.29400677592122576,corn,327,1,2576.4207501700703
46,5,0.5622647489645306,27.85003088294763,9.844239657751318,0.2944886695908626,corn,315,0,52669.68198826805
21,2,0.3392555471165491,29.485575724084924,3.367669776745204,0.12904131924896986,tomato,189,1,4126.261666682403
10,1,0.780872548335704,2.008676095452406,6.424511722458703,0.6371737194785663,soy,268,0,2812.1401789669094
44,3,0.7686392139081141,24.326396752478374,1.1080878620075705,0.7200815934304966,rice,89,0,3624.115128853384
48,7,0.14269616051006662,6.461025043528857,7.095154400824543,0.6881414220532756,soy,365,1,1976.2105085258956
49,6,0.6407826296384305,4.91234983772374,8.404723014277797,0.6117392405404706,wheat,102,0,3269.9305324405855
48,4,0.3847595427572689,9.063442141532661,1.0537461381638928,0.9694674539567517,corn,321,1,2494.5160197604355
44,5,0.8997576234034589,4.081508039065491,1.2595056805462923,0.5254646609593794,tomato,314,1,4879.725301391566
24,9,0.24127008523195453,4.7914819560872575,2.8111930964578895,0.8741228573091113,soy,89,1,362.9964234392988
11,6,0.288445574602316,12.34550111685446,0.12034621793791751,0.6814089193396049,rice,32,1,81.66655203155634
32,1,0.42579035037236834,8.321259766607232,9.860526892077962,0.1757457466190524,rice,277,1,7668.300396038853
12,1,0.2784078763785637,29.84485631944752,5.984242365451545,0.8290796148784803,soy,322,0,10659.314598714916
25,5,0.6381943614285371,15.139188634507528,6.076286910185492,0.6259496875208365,soy,270,0,11328.916314294698
34,5,0.45877189535425844,22.960289973531005,9.589662734346708,0.6881730933928911,corn,48,1,2716.9113406430524
48,9,0.23774700962210915,6.4130890865308645,8.32046051393995,0.26220469206146674,corn,246,0,4928.842552660282
16,6,0.4804179590635782,20.292174373668484,8.142615066752526,0.4937410847281217,wheat,161,0,10244.28963359147
14,8,0.8054696014102827,20.85339289393933,3.395684196646355,0.8925242269368557,corn,337,0,22810.28470017114
38,6,0.723536299822545,28.81885136374704,3.34929907125299,0.2938880737776838,rice,298,1,18796.357580876076
2,4,0.47400458576279786,5.44739073277706,2.9180878601666556,0.1001124158834743,tomato,298,1,1575.6127089257122
29,7,0.2952187126706555,1.058170214585354,3.467610922001423,0.3317578409057276,soy,166,0,699.4855333328704
38,7,0.2029034949971486,10.801495488476995,3.695718104837146,0.5387882042587708,rice,138,1,1329.2348399936336
28,8,0.7966254456088612,0.3816581249012362,1.4008968861169528,0.8391502389717292,tomato,306,0,5920.739907620981
20,2,0.653641899423892,37.89539492507948,3.5601226791582334,0.6789618105160158,rice,68,1,4433.895974464767
42,7,0.5363388076753397,1.0416893648882628,4.468023605412032,0.9271571220614583,corn,63,0,1003.0433125430885
20,3,0.7975194490606181,10.182444910440935,3.094164040127839,0.5100079884651042,corn,50,1,984.3944046292329
36,8,0.15343674426797607,24.437945015201194,1.6543043346073203,0.45173370066133356,rice,201,1,1424.0858541350462
24,8,0.6301158931017581,6.236647101465885,3.7347305713867978,0.30827639493614195,corn,55,1,839.1382066557037
3,7,0.23420546555124716,21.452497799782606,4.809596824391143,0.29625623608519375,corn,225,0,5707.558872331585
27,10,0.15249082486358895,16.705122555690693,7.207563138284617,0.7624989073072543,soy,86,1,874.3907706275104
4,6,0.44576723350589315,2.2165512424010028,7.11266637698523,0.17232321074077822,rice,329,0,2982.8723708983935
47,1,0.3792839902997006,17.223731459196667,2.027747615802159,0.31844222634970776,corn,175,1,1371.0454036716776
31,7,0.8499975679264077,8.174320896701627,0.36751729628720303,0.8973057335861168,wheat,61,0,1081.5445088259953
20,8,0.3253826147390439,5.962490055074732,3.038691418548886,0.6192287362896876,rice,263,1,1993.6701923165083
25,2,0.7426669201942021,16.18081514906129,1.572205912284649,0.14192884816149903,corn,143,1,1814.1815825155868
32,2,0.6865029503980931,31.337234699965794,3.958489003677725,0.733829543496807,rice,117,0,12583.568001476522
14,3,0.6177352895497559,29.199774942370446,9.793481845406891,0.5560141309778047,wheat,251,0,36906.974609320685
16,9,0.8323404020160506,21.37135863135598,1.8115326376813043,0.869069554748214,corn,351,1,11755.340776157325
22,6,0.39673590522414076,14.951883044255116,3.1894205602862664,0.7141904852871367,rice,359,0,10747.158992861752
14,10,0.3812205080854358,16.043957320722,7.251418048879405,0.10400192918000978,wheat,176,1,5083.219788485587
39,9,0.18680531004428297,17.31637982987376,5.092318645836355,0.28516517845742856,corn,315,0,6506.437887073928
7,6,0.28439776417080875,10.33848927730665,0.4402375075902759,0.3321673305084505,rice,100,0,392.1824514792606
42,7,0.7978099876517402,15.941673020910041,1.6177384915950555,0.7320090602454851,rice,314,1,9443.964801378497
19,4,0.45322481297466277,1.9504614914410614,9.352560298177186,0.5583827599030848,corn,346,1,2569.0090810295114
29,1,0.34015032386210386,25.65400176791986,1.0325467623975455,0.7727027473820468,wheat,203,0,2021.624031122557
9,4,0.23369524681984544,4.1542302778637925,6.351292779309849,0.5615804789051163,wheat,205,0,1365.1970940942908
20,6,0.46221621270707275,7.466476869666155,7.923464162760275,0.3946461496269409,soy,219,0,4680.3624659821335
38,2,0.6591655648948496,45.60183903597943,2.6551251881865143,0.1932945820378204,rice,54,1,3057.0603208374378
15,3,0.2936882216385141,13.630733764790401,7.251054953383763,0.28235988880186264,soy,318,1,4486.544338354347
8,1,0.694059042690756,2.8390389551453024,1.6997818951227723,0.4607020723111135,soy,277,1,866.1625811202459
27,8,0.5853196085161807,0.19653570769287593,2.8482179980630695,0.5963088773636008,wheat,322,1,1849.7987614783256
9,9,0.7194281781587486,1.8469756131750292,3.1189084868111903,0.9447736628715604,corn,68,0,927.200248193627
17,9,0.26327318454367543,2.6194267726984886,9.964353470651671,0.31574815935985107,wheat,299,1,1590.9959039594683
24,4,0.5863739230230886,10.078668381676529,2.146508379884355,0.6994764455020154,soy,151,1,1310.7992082687222
29,6,0.18067498756551564,10.84940204071142,1.2929454388712165,0.2372913203439715,corn,305,0,1387.0960412505415
33,10,0.3592274348399412,7.116711210560558,9.256988683376623,0.7423778097301007,wheat,363,1,6806.888216057816
35,6,0.6657060806163811,8.084145174040293,1.620145007509707,0.11020678942958112,rice,325,1,4546.955130937887
43,3,0.5869181277429455,41.33187966575284,8.792919916374423,0.6903279549366541,corn,337,0,65512.896798517024
5,4,0.20968161653689366,16.157977595555256,6.504915819839254,0.24689589104307194,tomato,68,1,872.1575358755267
19,8,0.7795912712786498,9.8852367660256,5.769038119207118,0.26229200174274103,soy,140,1,3212.4890245437878
2,5,0.09534833499340459,4.789403360943567,7.513635776754223,0.6030168699831195,wheat,128,1,294.8797379439008
2,9,0.5559333352391521,2.615401453255285,7.260263572523353,0.4378703913178412,rice,202,0,3447.1009218788618
12,9,0.8862474251968654,2.5477648875172285,1.1061513679937187,0.5241746354957526,rice,357,1,3817.86948713758
31,1,0.5017790220663363,15.410371073063928,9.994661637956485,0.37799999430063214,tomato,260,1,14338.34407418039
45,8,0.7305710469655077,1.265464948202872,9.418955374760838,0.9581203445754927,rice,213,1,5983.058161544113
39,4,0.5559038272107368,14.014895421582615,8.966023036656301,0.3615904900736999,corn,300,1,13415.404870176546
33,6,0.7156250676845437,28.52829757214073,6.223269050290126,0.5878426822619499,rice,89,1,10234.156055895884
40,3,0.6072550150519942,6.165859251122134,5.22839052199181,0.8689199999867606,rice,251,0,8457.789398816902
10,4,0.6374622123568995,94.97988839754143,5.363249560232802,0.6977627310347391,soy,199,0,48573.73536880719
43,4,0.24363947842342643,6.078612552217912,0.1503545053380962,0.39049925228354865,rice,98,0,467.52982541082076
45,1,0.6805477765369801,7.39467963979057,4.995195549952484,0.5971930150301374,tomato,246,1,4152.293699986768
6,8,0.25222340366468116,68.61902892844145,6.238071907031539,0.1746920136094547,rice,312,1,22901.0479723332
25,2,0.8835442338712,7.010790891369451,6.58740338154071,0.591117762436923,soy,308,1,6153.326194198041
42,4,0.243619112317024,8.194333130924933,3.3220625110480784,0.4882501795181877,soy,313,1,1266.4960630798018
25,2,0.25118140305800785,21.972987316441102,4.713352220585202,0.7821403363660997,tomato,302,1,5900.790273833698
43,2,0.7798721524112845,25.900289098175506,6.363469756019082,0.8631125588207054,tomato,187,0,29531.046524374404
47,4,0.2565379826683963,18.972705054827603,4.283626797241543,0.27965486948269513,corn,46,0,1026.261791533947
25,10,0.3567673744675905,11.880732084336058,9.621389854636268,0.17338231491468675,wheat,354,0,14259.10829836589
4,10,0.657444137002173,3.2151772171098303,7.054715656410152,0.4515012831203521,tomato,182,0,3961.4889302735373
18,4,0.18493629316554877,1.8353764188574475,0.013736188762654061,0.5807353673804924,corn,242,1,320.6452564483934
12,6,0.1852109916033769,0.39704986180718693,0.23377153534104783,0.43912175348352034,tomato,36,1,41.86135947694918
25,10,0.4634046597766261,13.590589601682007,6.903311734480276,0.6657050538982721,wheat,328,0,14038.623022369857
30,3,0.2571422410978178,22.714455953751308,4.1270383303574825,0.5550861517471676,tomato,328,1,5835.526156840933
24,10,0.25030926223367855,12.958316275352397,8.39487002117345,0.9429634311985807,rice,341,0,13867.178900757586
11,2,0.05785308320573578,1.4249782114822436,1.7309810794531342,0.4684520109876338,corn,88,0,47.09789926866682
16,3,0.36488215251825573,3.4908269146829025,0.13925531360886634,0.17424475565372416,wheat,313,1,347.88868806961665
35,4,0.3205129714256427,6.486001373391625,3.8814354187870093,0.37174151902732944,tomato,239,1,1836.178857625238
3,1,0.07648243920266984,1.7347882575856752,7.360904978970183,0.64530447612692,wheat,79,0,88.6705155805737
12,9,0.5780482014816141,7.817583526541072,9.717305606042308,0.33042258874637753,wheat,221,0,9513.001284510145
45,9,0.5826569047028509,17.60500383389247,8.836655139631203,0.34208960662507043,rice,190,0,20598.268171773827
6,4,0.11018040100761006,31.13903226601024,4.841262044759452,0.4056152356201158,rice,240,0,4890.211881303085
22,9,0.31948532847303507,35.43852972441534,8.128360014680469,0.7715276019181496,wheat,58,0,4874.512848045257
12,8,0.7918847021960882,33.846635638361434,0.704234248218273,0.9461199108645653,corn,219,1,3926.4850555409935
7,9,0.5448420080078916,1.5204687547921312,5.723151203501249,0.41533897046300194,rice,257,0,2660.4326291508037
22,9,0.4001785154101897,42.75706211660854,9.243059831731687,0.2759392357844427,rice,270,1,37818.46827901388
27,6,0.4453366391944815,16.37591388994576,3.964455089759909,0.47857325695039277,corn,288,0,9500.304384049365
10,2,0.2270379952704344,51.353771482591206,9.601046196001493,0.4166557236816636,soy,240,0,16701.370782190465
5,10,0.7400992756017388,1.4542990962734414,2.207630282194324,0.9910224227108584,wheat,265,0,3125.9309863079006
8,7,0.8269039996333225,2.41183623765346,1.0572324615244018,0.5174814326661933,wheat,60,0,466.1586307300625
33,10,0.8240644359125371,64.36483448714635,5.248098598480929,0.7113550175306776,tomato,298,0,73288.44183131885
44,10,0.2403442329384547,15.795267796397184,9.072561472940261,0.9224092599803679,corn,153,0,6424.99927537579
10,2,0.31412922760998835,21.050538623803742,3.113480908228697,0.6661554196274951,tomato,213,1,2906.286459802291
17,5,0.18652935858810626,25.444673404443094,8.001803033670125,0.3244406274278685,wheat,213,1,4513.042642426582
18,2,0.31112096358746616,1.8956666984098915,1.6928034615369292,0.6466690857999522,tomato,357,0,1350.1047302681027
19,1,0.33288456630421026,4.247348379064213,7.455958389613396,0.4616887024586045,soy,139,1,834.6776481128122
13,10,0.5881398765049402,0.1,5.570712386932923,0.4801148824949264,tomato,159,1,869.4031021476353
4,10,0.21119942431590594,63.79328700903534,1.7509947369683279,0.9813921232333646,tomato,285,1,3766.213792371181
27,10,0.8314873857125821,8.221439970068817,7.181154407126649,0.35073191223536737,corn,243,1,9998.726426598547
19,9,0.13763454957251348,0.6976093638546079,7.137847378450817,0.5220416318304797,rice,136,1,295.4052451941868
18,7,0.0558463093791831,0.15206963233396914,5.15483685620526,0.24388034112928028,corn,145,1,63.117656406721096
14,6,0.7767033593359532,4.156700069621275,2.2554509087891037,0.2606897788169399,rice,308,0,4943.14557786002
47,10,0.6482043366011423,3.6838370802441363,1.3238066285577204,0.6431359816772505,tomato,310,1,5623.577320638408
31,6,0.35205588980259866,33.888817593737244,9.572593229549433,0.7759141373374432,tomato,79,0,8706.189237167744
22,7,0.5561747500236004,1.1636759989310101,6.558469570053293,0.6728138862551607,rice,164,0,2456.3736666956047
12,3,0.24001248571334838,15.10260144440698,8.092605594250266,0.39635559811267373,corn,288,1,5338.874714442013
41,8,0.1931312013485696,6.736333750289955,6.970008319973366,0.15365635530851782,wheat,69,0,718.2384809076215
45,9,0.4504767648679144,1.0753326955557028,8.294907178257697,0.5232374759338229,soy,91,1,817.8425358371713
3,7,0.3502096552628167,3.874610896181159,1.6257457066694854,0.5538426877845676,wheat,83,0,333.84236807049405
47,5,0.5729455429549983,31.852617799172968,4.9700052952458975,0.7935864471638368,soy,207,0,13306.23996735971
