sensor_count,edge_count,cloud_region_intensity,data_volume_gb_day,transmission_freq_hz,model_resolution,crop_type,operation_days,solar_powered,total_co2e_kg
20,4,0.3838,2.51,0.1791,0.465,wheat,130,1,166.6148
35,9,0.3519,12.94,3.4182,0.92,tomato,112,0,459.3588
30,5,0.255,12.18,4.753,0.848,corn,147,0,430.2638
32,8,0.1061,7.57,4.1475,0.84,corn,106,0,115.1939
36,9,0.2536,2.21,1.3932,0.674,tomato,84,1,143.3459
45,10,0.5196,2.4,0.2761,0.905,soy,93,0,482.5284
34,7,0.1606,9.54,4.7024,0.404,soy,115,1,52.2932
34,6,0.3838,11.24,4.6859,0.748,tomato,110,0,474.1192
14,3,0.0387,7.67,2.6668,0.494,wheat,97,0,21.3066
24,6,0.0349,4.52,3.2152,0.66,tomato,123,1,28.1948
31,8,0.1991,3.15,2.3184,0.998,soy,101,0,194.7743
33,5,0.1991,7.36,2.1046,0.987,corn,140,0,318.4242
39,6,0.0353,1.43,0.606,0.586,tomato,117,0,34.745
30,5,0.4238,3.21,0.4928,0.638,soy,87,0,254.4853
39,10,0.3844,2.6,1.1713,0.913,tomato,123,0,638.6737
36,6,0.1907,6.88,4.1848,0.988,tomato,129,0,327.4029
37,7,0.6423,7.12,0.7377,0.812,tomato,128,0,960.902
22,4,0.1744,3.1,1.1412,0.205,corn,108,1,39.5623
28,7,0.3309,7.79,2.7476,0.424,soy,106,0,159.0988
46,7,0.6701,3.1,1.0835,0.912,rice,123,0,1395.5581
28,6,0.0353,2.58,0.8244,0.803,soy,110,1,19.5217
27,7,0.0533,5.09,2.8209,0.781,soy,139,0,60.8545
30,8,0.3629,6.69,1.8468,0.718,corn,146,1,355.1242
46,10,0.6701,7.47,3.1345,0.503,rice,153,0,909.4024
40,10,0.4773,9.49,4.5619,0.493,tomato,98,1,229.8812
43,9,0.5145,3.26,0.7635,0.838,corn,157,1,639.1264
28,6,0.1606,7.52,4.568,0.4,corn,156,0,145.2265
28,4,0.4546,5.47,4.5134,0.732,soy,130,1,278.7422
45,10,0.1935,8.76,4.1471,0.767,corn,149,1,186.3361
30,5,0.5285,4.01,3.1601,0.868,tomato,111,1,470.9874
35,5,0.1744,4.56,3.1045,0.422,tomato,80,0,87.7553
27,4,0.2856,11.7,3.1997,0.781,soy,100,0,216.0741
37,6,0.3624,5.48,3.4556,0.241,rice,153,0,262.1988
32,8,0.2425,2.66,0.0922,0.267,tomato,93,1,64.9624
36,6,0.5278,8.18,4.7909,0.505,soy,94,0,252.3811
36,6,0.7227,4.95,2.9322,0.197,rice,163,0,462.3816
24,5,0.2671,7.63,3.9095,0.956,wheat,119,1,219.9456
47,10,0.5145,4.11,1.8926,0.917,rice,158,0,1393.0012
27,5,0.1536,4.82,0.0719,0.192,tomato,90,0,46.0621
38,8,0.1061,5.09,2.5536,0.863,soy,105,0,92.1492
26,6,0.4924,2.86,2.5409,0.583,tomato,94,1,277.2394
31,5,0.4924,3.7,2.1906,0.747,tomato,95,0,475.8036
29,5,0.7054,4.47,1.7052,0.904,soy,109,0,677.5592
46,10,0.4924,3.39,1.2566,0.64,rice,126,0,729.8487
27,4,0.2911,3.39,2.6424,0.249,wheat,139,0,115.7515
44,9,0.2709,4.36,1.8826,0.152,tomato,93,0,79.7179
32,5,0.4773,6.81,4.85,0.572,corn,126,0,455.4036
32,6,0.6423,5.89,0.8729,0.957,corn,152,1,813.4263
39,8,0.4104,4.24,1.6051,0.637,tomato,99,0,386.9347
31,8,0.2911,3.94,1.4769,0.467,soy,85,0,124.1566
39,7,0.5538,11.43,2.7211,0.176,tomato,75,0,134.9687
26,6,0.1606,3.26,2.5014,0.928,corn,126,0,262.1437
17,5,0.2909,2.69,3.2223,0.428,wheat,129,1,127.898
31,8,0.3364,6.65,4.7505,0.749,wheat,147,0,444.7361
36,6,0.17,8.5,1.4333,0.74,tomato,82,1,95.3575
18,5,0.6059,6.33,3.4669,0.366,wheat,123,1,238.2095
34,5,0.2856,8.21,0.135,0.204,soy,101,1,45.2393
27,4,0.5145,1.73,1.3193,0.477,tomato,100,1,220.2987
38,10,0.0963,4.33,2.324,0.42,corn,127,0,71.6866
25,5,0.1369,0.6,0.1647,0.745,wheat,109,1,77.6118
30,5,0.2684,6.91,3.0922,0.847,wheat,91,1,151.0646
36,8,0.3309,5.58,3.3948,0.339,corn,104,0,179.6431
25,5,0.6701,9.62,3.7362,0.599,soy,114,0,444.9835
33,7,0.0417,4.51,2.5877,0.185,soy,97,0,9.7819
21,5,0.2671,7.69,3.0237,0.332,wheat,109,1,76.282
34,7,0.5145,3.79,1.9864,0.797,soy,90,0,353.2706
32,5,0.2507,0.57,0.2159,0.824,corn,103,1,188.9012
40,7,0.7153,3.61,0.5088,0.81,rice,117,0,1197.8215
45,9,0.5252,6.99,3.2784,0.271,rice,131,0,360.2855
29,5,0.7054,6.27,4.9778,0.618,tomato,84,0,522.8728
30,5,0.3556,0.94,0.0889,0.509,corn,114,0,256.7125
37,6,0.1697,5.27,2.7923,0.993,rice,126,0,317.1403
29,5,0.0427,17.59,3.7575,0.706,tomato,91,1,24.2171
21,5,0.3946,6.06,4.1356,0.945,corn,100,0,516.4053
39,6,0.312,4.74,2.7306,0.274,tomato,81,1,69.7116
20,4,0.3844,3.36,3.1034,0.533,wheat,147,1,218.9854
34,7,0.6059,6.66,3.4867,0.806,tomato,112,1,504.0749
27,6,0.6701,5.48,4.2962,0.463,soy,91,0,294.9052
21,3,0.5567,1.5,0.6202,0.688,wheat,107,1,289.9811
38,7,0.2824,7.73,4.6316,0.585,tomato,96,1,165.8563
48,10,0.6059,0.49,0.1398,0.993,rice,160,1,1032.2116
29,6,0.2824,10.18,4.1826,0.298,soy,134,0,126.4523
16,4,0.255,1.16,0.3929,0.945,wheat,136,1,235.2037
44,8,0.4834,3.64,0.9812,0.491,corn,106,0,375.3821
30,6,0.17,0.78,0.0294,0.548,soy,112,0,113.4579
26,5,0.2684,8.4,2.2318,0.599,soy,112,1,126.8569
42,9,0.7153,4.51,1.6785,0.376,tomato,110,1,299.9377
24,5,0.3925,1.09,0.8383,0.969,wheat,141,0,644.199
43,7,0.2467,5.73,2.2609,0.925,soy,102,0,237.815
50,10,0.4924,6.29,2.0178,0.977,corn,133,1,600.6132
37,10,0.4238,6.07,3.8406,0.997,tomato,89,0,534.6236
41,9,0.0963,11.43,4.4667,0.719,tomato,86,0,86.4861
32,6,0.2165,5.94,3.2663,0.534,tomato,92,1,105.1289
33,9,0.6701,1.25,0.6308,0.873,corn,144,1,786.9316
28,6,0.1061,8.0,1.484,0.17,soy,109,0,26.7097
18,5,0.2536,6.66,4.5675,0.859,wheat,131,0,329.7133
23,4,0.1697,2.74,0.4528,0.573,wheat,132,0,148.3258
20,4,0.0349,1.78,2.0402,0.722,wheat,112,0,28.3079
20,3,0.4924,11.47,4.7131,0.468,wheat,148,1,236.3353
31,7,0.3296,7.28,4.7538,0.463,corn,102,1,142.6896
50,8,0.041,5.26,2.0619,0.177,corn,154,0,19.6712
24,6,0.1536,3.44,3.3403,0.51,tomato,75,0,88.8214
28,4,0.0423,3.41,2.2892,0.497,wheat,113,0,26.1815
20,4,0.3309,7.66,3.7698,0.341,soy,131,0,148.9363
39,6,0.1907,4.75,0.1676,0.36,corn,141,0,139.2463
48,7,0.0598,1.67,0.7293,0.647,rice,128,0,88.9932
38,7,0.2856,6.05,3.0749,0.42,wheat,144,1,138.7139
36,8,0.5145,4.79,1.1704,0.856,tomato,82,0,525.3302
37,7,0.7377,6.72,3.3336,0.245,tomato,112,1,225.034
29,5,0.0785,2.73,1.7626,0.641,soy,114,0,59.7359
33,5,0.1061,8.4,4.4344,0.286,corn,112,1,34.2132
31,5,0.7058,6.86,4.0981,0.599,corn,156,1,580.6783
38,10,0.4671,5.63,2.4693,0.62,tomato,117,0,468.061
40,7,0.2856,6.8,3.8667,0.696,corn,100,0,270.7795
38,10,0.2507,3.42,1.363,0.513,tomato,79,1,102.491
28,5,0.1369,6.27,2.4764,0.583,soy,88,0,71.5217
28,4,0.0353,2.78,0.9954,0.304,corn,125,0,18.4078
32,8,0.6884,7.99,4.3058,0.544,tomato,98,0,579.0437
27,5,0.5252,5.67,4.1171,0.467,tomato,115,1,265.2359
26,4,0.0353,8.73,4.5117,0.716,wheat,131,0,36.2173
29,5,0.4834,5.53,4.3886,0.52,tomato,75,0,263.8256
38,8,0.1334,10.44,4.7984,0.812,tomato,101,0,171.6329
38,10,0.0427,2.28,1.1494,0.512,tomato,118,1,26.9357
41,6,0.5252,8.58,4.6598,0.35,rice,160,0,558.6411
34,5,0.3556,9.39,2.8604,0.383,tomato,91,1,113.6083
29,5,0.3556,3.81,2.1183,0.188,tomato,77,1,54.0019
24,4,0.4546,4.2,2.8063,0.609,tomato,83,0,308.38
34,9,0.5779,4.96,1.7196,0.856,tomato,94,0,673.3712
39,7,0.3838,5.23,1.4499,0.804,tomato,99,1,279.1122
37,10,0.7377,4.35,1.2142,0.522,tomato,94,1,355.3856
32,5,0.0598,2.54,0.4213,0.317,tomato,80,0,22.6655
29,5,0.5538,2.99,2.4879,0.884,soy,104,0,476.476
24,4,0.2909,4.8,4.4399,0.198,tomato,91,0,82.2665
30,5,0.2536,4.69,3.1545,0.489,tomato,102,0,192.4475
33,9,0.1681,8.06,2.6097,0.878,soy,89,0,123.0876
17,5,0.3925,7.85,2.1487,0.484,wheat,138,0,318.2989
32,7,0.4546,4.69,2.3274,0.25,tomato,98,0,199.5396
23,4,0.6701,2.15,1.0543,0.376,soy,102,1,169.4999
28,7,0.1853,12.78,4.1165,0.66,soy,135,1,106.5106
29,5,0.4924,2.96,0.9999,0.279,wheat,135,1,162.7792
44,10,0.0353,9.58,3.5859,0.707,tomato,82,1,18.7913
25,5,0.4197,5.97,3.8023,0.522,tomato,83,1,168.6558
24,6,0.4117,3.98,2.8786,0.434,corn,100,0,240.3071
40,8,0.7153,8.52,4.316,0.355,corn,134,1,308.8166
43,9,0.3844,5.17,1.4623,0.85,tomato,94,0,439.0852
31,8,0.0384,11.51,4.4093,0.487,soy,106,0,19.9466
26,5,0.2425,5.33,3.6498,0.778,tomato,103,1,174.9051
34,5,0.3556,6.9,3.9958,0.524,tomato,105,1,192.745
34,5,0.4671,4.8,3.3263,0.228,soy,85,0,113.1996
30,6,0.4117,5.55,4.2333,0.524,soy,91,1,132.0385
50,8,0.4104,10.25,4.9656,0.582,rice,154,0,673.5991
28,4,0.7054,2.77,2.1066,0.539,soy,138,0,532.4223
42,6,0.1697,10.77,4.0714,0.844,tomato,121,0,238.1076
22,5,0.6423,6.64,3.7255,0.924,wheat,145,0,887.6083
49,7,0.6884,8.31,2.2698,0.819,tomato,100,1,563.3281
39,7,0.5779,7.52,4.6355,0.645,tomato,121,0,619.0119
21,6,0.2684,4.44,1.9782,0.61,corn,153,0,365.7655
34,7,0.0963,4.75,2.8317,0.698,corn,154,1,94.8679
45,8,0.3838,2.58,0.5387,0.395,tomato,83,0,189.0157
41,10,0.0591,7.31,1.1366,0.84,tomato,83,0,60.8786
38,8,0.1369,8.61,4.2051,0.878,tomato,97,0,183.3926
30,5,0.1462,2.77,1.9888,0.377,tomato,103,0,90.7319
24,6,0.1061,3.18,1.9765,0.917,wheat,148,0,161.6501
16,4,0.2684,8.58,1.2374,0.871,wheat,109,1,180.7757
28,7,0.7227,8.55,2.4631,0.511,corn,150,1,513.0479
35,6,0.2171,9.69,4.031,0.923,soy,134,0,261.9446
25,7,0.2911,4.95,4.4769,0.252,soy,139,0,127.1589
16,3,0.4834,0.65,0.3599,0.174,wheat,101,0,112.679
25,7,0.2174,3.22,2.8784,0.446,corn,114,1,94.6656
24,4,0.3838,2.67,2.3417,0.631,wheat,103,0,294.6916
33,5,0.3519,4.21,3.0753,0.449,soy,126,0,203.6571
24,4,0.2174,6.82,2.2419,0.951,soy,123,1,159.0928
30,5,0.6059,5.45,1.9992,0.367,corn,124,0,398.6427
36,9,0.2356,7.39,2.3647,0.389,corn,105,0,156.8858
35,5,0.4104,5.87,2.9142,0.69,tomato,104,0,433.1962
31,6,0.1853,3.21,2.5099,0.153,soy,126,0,44.7713
36,6,0.3838,5.06,2.366,0.768,wheat,118,1,264.2955
25,4,0.1061,4.37,4.091,0.471,tomato,90,0,62.3166
36,6,0.7091,10.35,3.7308,0.981,wheat,126,0,925.5431
36,8,0.0785,2.62,1.7135,0.738,tomato,112,0,93.1242
36,9,0.3946,6.88,4.0049,0.194,corn,136,0,208.6945
33,9,0.1034,10.33,4.2697,0.229,tomato,123,0,48.3693
43,9,0.0414,5.19,0.7759,0.225,corn,119,1,12.7168
37,6,0.2507,8.74,2.9176,0.96,soy,119,0,280.3539
33,6,0.5278,4.45,1.4337,0.731,wheat,142,1,424.6503
35,7,0.0384,5.88,3.6985,0.513,tomato,86,1,15.5635
26,7,0.0598,5.09,1.2015,0.32,soy,100,0,19.9534
40,7,0.41,10.47,3.3603,0.893,corn,102,1,304.7617
28,5,0.7227,6.48,1.2831,0.321,wheat,112,1,227.477
28,4,0.7058,7.0,2.5606,0.751,soy,87,1,277.4926
31,6,0.4924,8.73,4.7437,0.799,tomato,116,0,623.2887
39,7,0.5415,8.77,1.9127,0.4,tomato,79,0,291.6742
21,3,0.5567,7.75,4.3799,0.579,wheat,132,0,468.9293
47,10,0.0598,9.73,4.9349,0.34,tomato,107,1,24.422
44,7,0.0598,8.8,4.3755,0.472,soy,140,0,44.4946
24,5,0.7153,1.89,0.8377,0.97,soy,104,0,733.8662
33,9,0.0417,10.55,4.1001,0.739,corn,121,0,48.6548
21,5,0.0533,2.2,0.1704,0.87,wheat,104,0,53.168
40,10,0.4924,3.39,1.9726,0.61,rice,140,1,490.0934
35,9,0.1991,6.56,4.355,0.353,tomato,87,1,71.2403
30,5,0.2671,5.19,3.4469,0.756,soy,91,1,113.134
32,5,0.2856,4.14,2.6684,0.575,corn,157,0,342.5181
42,10,0.3838,3.81,1.9454,0.3,rice,148,0,353.5721
40,6,0.4924,7.49,4.0634,0.501,tomato,81,1,196.8977
26,7,0.4626,6.5,3.5507,0.69,corn,137,0,619.7944
27,6,0.6884,5.68,2.3473,0.775,soy,102,1,336.2035
37,7,0.0591,13.29,4.4635,0.357,soy,95,0,21.7055
39,8,0.4924,3.86,1.1574,0.895,soy,111,0,496.7899
34,6,0.2171,2.2,0.8603,0.473,tomato,119,0,191.4829
35,5,0.6423,5.97,3.2176,0.38,soy,85,1,140.5607
20,5,0.3838,4.11,4.8603,0.316,soy,104,0,134.4997
39,10,0.2682,2.97,1.2438,0.834,tomato,126,1,252.8026
32,5,0.2536,2.2,1.2559,0.451,tomato,97,0,176.4259
28,5,0.0591,1.14,0.7061,0.561,tomato,80,0,37.9547
28,5,0.1369,6.15,4.3042,0.339,corn,126,1,57.7481
15,3,0.4924,1.05,1.1397,0.733,wheat,131,0,533.6215
24,5,0.4197,2.67,2.5209,0.814,tomato,130,0,615.5183
38,7,0.4626,10.12,4.9545,0.439,rice,145,1,313.9374
46,8,0.2911,3.73,0.0706,0.953,corn,103,1,224.582
37,10,0.7153,5.69,2.7869,0.176,wheat,139,0,316.936
21,4,0.1907,2.23,2.5663,0.263,wheat,137,1,56.3027
22,4,0.1462,4.8,4.0392,0.65,wheat,129,0,142.6993
38,10,0.5278,2.92,1.7829,0.746,tomato,125,0,679.584
41,9,0.0414,6.18,2.0576,0.363,tomato,118,0,27.6684
31,5,0.2174,6.02,0.848,0.621,corn,114,0,219.2521
34,6,0.0353,7.27,3.7067,0.421,tomato,98,0,23.6748
25,7,0.3519,4.68,3.9257,0.621,wheat,120,0,305.8041
30,8,0.4924,7.28,0.6919,0.71,tomato,102,1,346.2818
25,5,0.5285,4.69,1.9734,0.977,wheat,128,0,759.8082
33,7,0.3519,6.26,4.4656,0.537,tomato,114,0,315.6668
32,5,0.1681,0.56,0.0235,0.701,wheat,96,1,93.5781
33,6,0.3364,5.21,1.5008,0.641,tomato,106,1,207.2008
21,3,0.6701,2.95,2.7797,0.42,corn,102,0,409.2595
34,9,0.6423,4.06,1.6771,0.365,tomato,103,1,259.3889
31,7,0.4104,2.9,1.3675,0.99,soy,108,1,280.8478
31,8,0.2565,3.79,2.3056,0.326,soy,96,0,98.5205
26,5,0.0427,1.29,0.9158,0.822,soy,140,0,48.7619
35,9,0.5278,6.73,2.6528,0.275,tomato,89,0,222.5016
29,6,0.6701,6.6,3.5364,0.834,soy,88,1,337.6237
38,8,0.6701,9.57,2.8807,0.308,corn,121,0,420.1278
33,9,0.2671,1.32,0.4746,0.972,tomato,117,0,456.4509
44,10,0.2824,7.77,4.2236,0.733,rice,110,1,205.9353
19,4,0.0349,6.4,0.8831,0.227,soy,112,0,9.8854
49,7,0.4104,10.01,3.8264,0.739,tomato,98,0,431.1407
41,10,0.2174,3.07,1.8092,0.663,rice,158,1,258.0964
13,3,0.4626,13.12,3.916,0.437,wheat,90,1,141.322
30,8,0.6884,6.5,1.0393,0.372,soy,85,1,160.4837
35,5,0.1617,2.42,0.9414,0.761,tomato,106,0,187.7019
41,9,0.6701,6.47,2.4902,0.78,tomato,85,0,636.7207
26,4,0.3309,0.97,0.1744,0.428,soy,124,0,191.2152
20,5,0.7153,1.61,1.1342,0.895,wheat,106,0,805.0932
29,8,0.2684,5.66,3.6228,0.379,soy,116,0,135.1344
19,4,0.0414,4.13,4.1885,0.209,soy,87,1,5.539
30,5,0.2682,1.45,0.4131,0.66,tomato,113,1,192.9687
50,8,0.0414,9.27,4.4116,0.241,rice,139,0,30.1758
25,4,0.352,16.25,3.9896,0.385,tomato,75,0,146.4138
37,6,0.2709,9.09,4.3497,0.581,corn,116,0,265.2399
35,6,0.1991,5.32,3.4952,0.393,soy,88,0,74.3862
31,7,0.2565,4.66,3.374,0.333,tomato,77,1,74.0331
36,8,0.1709,7.19,2.6302,0.748,corn,142,0,264.4009
26,7,0.3629,24.43,3.2674,0.615,wheat,116,1,197.0098
28,6,0.1907,6.97,4.5964,0.864,corn,148,0,362.9761
27,6,0.3256,1.12,0.5116,0.644,soy,99,0,187.078
35,9,0.4394,13.6,1.5857,0.561,soy,125,1,221.171
41,10,0.2682,3.15,0.3716,0.372,tomato,109,0,173.623
28,5,0.0384,6.18,4.7246,0.823,corn,140,0,64.1269
30,6,0.1334,4.66,2.2319,0.317,corn,150,1,62.2678
35,5,0.11,6.65,3.38,0.356,tomato,114,0,64.3842
44,9,0.4626,10.72,4.2072,0.865,rice,151,0,1001.1228
28,4,0.2909,8.08,4.9551,0.78,corn,145,0,417.0388
29,5,0.5278,7.81,0.8173,0.671,corn,127,0,594.9766
37,10,0.2682,10.19,3.9996,0.183,rice,150,0,170.5905
42,10,0.1536,8.79,4.4382,0.258,corn,151,0,100.2804
50,9,0.255,6.9,0.2539,0.575,tomato,116,1,169.7752
22,4,0.6423,4.23,3.7729,0.784,soy,119,1,384.6986
31,7,0.1654,3.57,1.7801,0.544,tomato,79,0,99.2434
47,8,0.5278,6.41,3.2465,0.165,corn,126,0,191.1484
32,5,0.3946,6.72,2.5751,0.307,soy,88,0,117.4395
31,7,0.1617,3.85,1.3061,0.65,tomato,80,0,124.4123
26,7,0.2684,4.12,0.6848,0.74,corn,122,0,341.9949
26,6,0.3429,8.98,0.5936,0.178,tomato,100,1,71.4835
27,4,0.1617,1.83,0.5256,0.187,soy,114,0,42.294
21,3,0.1654,6.31,3.1926,0.372,wheat,144,0,109.6897
37,6,0.2174,5.39,1.7635,0.221,tomato,117,1,69.7792
45,7,0.2507,7.62,1.091,0.611,tomato,98,1,164.7029
29,8,0.3519,11.43,3.4625,0.255,soy,103,0,102.231
38,8,0.4546,10.77,3.4374,0.701,corn,143,0,564.6734
44,10,0.3296,6.54,2.7004,0.811,corn,116,1,282.4119
38,10,0.3364,7.87,4.6754,0.975,tomato,124,0,597.0362
21,3,0.0423,1.97,1.9332,0.956,soy,128,1,31.8886
40,6,0.3844,7.7,4.181,0.382,tomato,113,1,170.2194
40,10,0.6884,1.93,0.3849,0.175,rice,123,0,350.3564
35,6,0.1334,12.2,3.7018,0.43,soy,119,0,69.7708
50,9,0.2671,11.32,4.9424,0.752,rice,155,0,517.4625
23,6,0.5415,4.08,4.2345,0.201,wheat,94,0,142.7856
36,6,0.2856,5.37,2.9025,0.456,tomato,84,0,169.1176
38,6,0.312,6.1,3.1376,0.403,wheat,121,1,121.3956
25,5,0.1853,2.53,1.7729,0.336,corn,121,1,69.4153
24,4,0.0405,5.35,3.4006,0.75,corn,143,1,38.1653
18,4,0.2356,4.18,3.8543,0.71,wheat,114,1,140.3844
45,7,0.7227,9.44,4.9912,0.605,corn,160,1,673.2357
37,8,0.4117,5.4,2.4674,0.924,wheat,108,0,461.8024
20,3,0.5538,3.94,0.3159,0.238,wheat,111,0,170.1396
50,10,0.11,8.85,2.9833,0.277,rice,110,1,46.2639
25,7,0.2684,0.81,0.6039,0.476,soy,98,0,134.6644
21,3,0.5145,7.49,1.2314,0.707,corn,114,0,516.6924
35,7,0.6701,4.44,1.6506,0.646,soy,127,0,600.5332
45,9,0.6884,8.44,3.6578,0.213,tomato,93,0,280.8672
25,4,0.6701,1.6,0.9272,0.965,soy,96,0,577.202
20,5,0.1681,5.17,0.8371,0.409,wheat,109,1,63.6385
34,6,0.3256,3.39,0.2344,0.455,corn,134,0,248.2187
40,8,0.4197,7.28,4.3675,0.68,tomato,118,0,517.5551
45,10,0.0414,6.7,3.4706,0.953,rice,164,0,104.0069
23,4,0.1369,0.33,0.2093,0.713,corn,102,0,137.6084
27,7,0.4117,2.14,0.1512,0.962,tomato,122,0,640.416
28,7,0.1617,18.15,2.7978,0.309,soy,106,0,59.9341
28,5,0.6701,8.08,1.4198,0.676,wheat,139,0,705.1404
40,6,0.1536,7.13,2.9877,0.855,tomato,77,1,90.9109
50,10,0.6423,13.94,2.1787,0.583,rice,145,0,1060.3416
22,4,0.1654,5.63,4.6173,0.458,wheat,146,1,84.5259
22,4,0.1907,2.15,1.4462,0.987,wheat,92,1,140.2685
25,4,0.2824,5.22,3.3989,0.27,soy,129,0,103.1091
28,7,0.4546,1.02,0.2797,0.499,corn,106,0,366.9619
43,7,0.1907,9.35,4.7797,0.892,tomato,130,0,286.1792
43,8,0.1991,10.56,4.904,0.915,tomato,116,1,192.043
26,4,0.2536,6.46,3.698,0.983,soy,135,1,204.309
26,6,0.3946,6.94,2.3314,0.902,corn,154,1,509.6742
20,3,0.3629,2.33,1.1078,0.193,wheat,109,1,63.4952
35,6,0.3844,9.15,4.0645,0.94,corn,125,0,537.5998
35,9,0.0417,5.41,3.6844,0.514,corn,142,1,27.1047
34,5,0.4117,2.2,1.1176,0.704,wheat,100,0,320.8288
27,4,0.2856,2.99,2.2616,0.485,tomato,92,1,122.7728
26,6,0.4117,4.78,2.3194,0.842,soy,90,0,320.0491
36,6,0.0599,6.46,4.1338,0.64,corn,154,1,51.7985
40,8,0.255,16.75,3.4224,0.869,corn,115,0,338.2593
31,6,0.17,6.13,3.2194,0.315,corn,125,0,103.6684
37,6,0.0423,9.78,3.2526,0.307,wheat,117,0,18.8577
32,5,0.41,2.0,1.3596,0.524,corn,122,1,239.2795
33,9,0.2824,4.97,1.8648,0.154,tomato,118,0,107.9849
40,6,0.3556,4.09,0.2379,0.739,corn,155,0,544.2304
31,7,0.1536,7.29,3.9368,0.402,soy,117,0,79.9604
20,4,0.5196,3.68,2.1707,0.624,soy,131,0,418.6351
30,5,0.7377,5.95,2.1968,0.21,corn,106,1,171.4509
26,6,0.4238,9.02,1.2343,0.295,corn,158,1,180.5238
28,6,0.4546,3.56,1.055,0.679,soy,91,1,188.766
29,6,0.352,8.27,2.9432,0.41,soy,88,1,92.0549
30,5,0.4546,2.56,1.1704,0.333,wheat,91,0,175.9689
36,8,0.0963,1.9,0.3304,0.345,tomato,88,0,48.4319
24,5,0.1606,6.16,3.8399,0.333,soy,131,0,74.143
25,5,0.6701,2.4,1.8886,0.679,tomato,91,1,392.7951
23,6,0.1654,2.25,1.9074,0.293,soy,129,0,69.5925
22,5,0.5252,19.28,2.1623,0.458,corn,125,1,255.553
33,9,0.5538,11.3,4.0771,0.735,tomato,80,0,494.375
35,9,0.3429,9.46,1.611,0.587,tomato,101,0,280.0862
36,6,0.1709,10.59,3.7926,0.658,tomato,88,0,143.1372
40,10,0.4546,11.82,4.6983,0.363,corn,117,1,196.3627
31,6,0.6701,10.32,3.3077,0.943,corn,131,1,698.1061
40,6,0.1935,6.16,2.1641,0.502,soy,129,0,131.5876
30,5,0.5278,5.63,3.7415,0.394,tomato,107,1,205.9974
39,8,0.0384,8.91,2.2949,0.919,tomato,87,1,28.9924
36,9,0.1744,5.81,2.078,0.707,soy,125,0,160.4335
35,5,0.0533,4.45,2.6312,0.672,tomato,114,1,36.112
18,3,0.3629,9.8,1.5954,0.904,soy,98,0,326.5973
42,7,0.3929,4.42,0.5302,0.2,tomato,122,0,173.6047
25,7,0.2911,2.97,2.0801,0.862,tomato,122,0,442.8139
34,9,0.2824,2.73,0.628,0.726,tomato,108,0,346.0689
18,4,0.5252,4.1,2.0581,0.456,wheat,108,0,326.3743
41,10,0.0591,6.27,2.7891,0.368,rice,129,0,55.8649
32,5,0.0591,10.6,4.6542,0.239,tomato,99,0,22.0301
36,9,0.4394,2.58,0.1907,0.95,tomato,85,1,304.5109
36,8,0.1606,5.84,3.1111,0.271,tomato,92,1,44.5984
36,6,0.0533,6.17,2.2941,0.371,corn,108,0,32.9211
28,4,0.4626,5.63,0.1111,0.737,tomato,83,0,396.2407
21,6,0.0598,1.3,1.2552,0.754,soy,126,0,46.6327
29,6,0.4773,1.27,0.6012,0.287,wheat,97,1,118.733
39,7,0.4626,4.89,1.0918,0.842,tomato,101,1,378.0193
37,7,0.3256,6.26,1.3801,0.584,soy,109,0,211.5196
28,4,0.5196,3.52,2.0125,0.871,wheat,92,1,322.6561
23,4,0.6701,3.17,2.6499,0.224,wheat,140,0,279.5674
34,5,0.1617,12.1,0.0149,0.186,tomato,130,1,41.5358
25,7,0.6059,1.92,0.8177,0.691,wheat,128,0,678.5922
43,10,0.3556,1.26,0.4769,0.278,tomato,112,0,184.3633
41,7,0.4773,7.35,2.7529,0.596,tomato,88,0,365.0354
34,9,0.3624,4.78,1.6521,0.162,tomato,122,0,144.2875
26,6,0.1709,3.31,2.7465,0.813,tomato,118,0,219.2719
24,6,0.7153,3.53,1.1169,0.915,tomato,99,0,910.0042
21,3,0.2671,0.23,0.1309,0.863,corn,143,0,453.2458
38,10,0.0533,9.85,4.7074,0.965,corn,158,1,77.0426
24,6,0.255,1.38,0.5505,0.918,wheat,126,1,228.8956
44,10,0.7134,2.26,0.643,0.527,rice,121,0,753.4097
40,10,0.5567,2.19,0.7413,0.489,tomato,93,1,240.7122
24,4,0.4117,6.75,4.9066,0.912,soy,95,0,346.1881
39,8,0.4197,8.68,3.0921,0.938,rice,128,1,539.2013
48,7,0.1907,8.23,3.0553,0.977,rice,159,0,472.1174
29,6,0.255,6.63,4.9336,0.803,soy,95,1,137.1927
42,7,0.7134,1.18,0.4513,0.322,tomato,124,1,298.3913
19,4,0.3309,7.72,4.8728,0.953,soy,100,1,201.8931
23,4,0.2165,2.32,1.028,0.955,corn,130,1,238.0651
25,4,0.4117,5.51,3.1191,0.716,soy,114,0,328.5439
24,6,0.5145,3.29,2.1062,0.879,wheat,97,1,372.2331
43,8,0.4626,4.1,1.9259,0.627,tomato,85,0,346.183
40,6,0.4834,8.14,4.6569,0.953,tomato,92,0,570.3499
25,4,0.041,1.4,0.7546,0.23,soy,88,1,5.6253
34,6,0.0414,7.14,4.9854,0.884,soy,127,0,49.4487
29,5,0.0349,7.81,1.9018,0.197,soy,115,0,9.6534
50,8,0.4546,7.12,3.2474,0.438,corn,151,1,283.7659
27,5,0.3429,7.22,4.8399,0.265,corn,152,0,197.6519
32,5,0.17,1.42,0.2974,0.557,tomato,94,0,135.5679
44,10,0.0599,12.17,4.6151,0.347,tomato,120,0,42.8524
30,6,0.2165,6.72,2.8434,0.959,corn,103,1,197.1433
31,8,0.2824,4.51,3.5249,0.625,soy,109,1,129.4462
33,9,0.5285,1.78,0.7544,0.913,tomato,112,0,790.0107
48,10,0.3429,8.57,2.6716,0.386,rice,136,1,228.7321
33,9,0.3844,6.3,3.3708,0.172,tomato,116,0,147.5693
20,4,0.7134,10.89,2.2867,0.809,wheat,142,1,601.6583
45,9,0.1907,9.39,0.7834,0.747,corn,125,1,152.6131
37,7,0.0414,4.66,1.2282,0.614,tomato,90,1,22.1815
34,5,0.7054,6.38,4.2734,0.843,soy,117,0,707.335
19,3,0.0384,2.46,0.182,0.864,soy,133,0,44.1713
32,7,0.1853,7.44,3.5472,0.65,wheat,150,0,224.5074
34,7,0.41,10.99,4.997,0.971,soy,130,0,508.3131
31,5,0.0591,5.69,0.0473,0.762,tomato,88,0,59.3429
25,7,0.6701,1.07,0.8136,0.725,wheat,102,0,613.5424
31,6,0.2684,13.61,3.374,0.457,soy,117,0,160.9119
36,8,0.1709,0.86,0.3094,0.152,tomato,97,1,35.2188
15,4,0.3844,2.21,2.9531,0.355,wheat,127,0,207.3514
50,9,0.4546,7.75,3.4232,0.799,rice,161,0,1011.1035
25,5,0.1369,7.11,2.9449,0.753,wheat,123,1,99.0549
35,9,0.7091,3.34,1.8323,0.431,corn,121,0,525.2581
30,5,0.6701,7.73,3.4894,0.682,soy,133,0,569.1501
19,5,0.3364,6.28,2.9755,0.316,wheat,116,0,144.754
33,6,0.255,2.18,1.0461,0.374,tomato,108,0,155.6631
33,9,0.7227,5.97,2.82,0.955,corn,108,0,997.566
20,4,0.0598,4.99,4.4107,0.501,wheat,120,1,25.4181
18,3,0.4117,10.09,3.3375,0.358,wheat,116,0,203.5022
24,6,0.312,3.97,2.3642,0.564,tomato,81,0,203.9203
27,4,0.0599,1.81,1.6147,0.479,corn,112,0,46.2333
40,7,0.1907,2.55,0.4386,0.77,corn,142,0,313.1255
31,5,0.1034,3.83,1.2307,0.968,soy,95,0,94.3576
34,9,0.5145,1.19,0.0658,0.653,corn,108,1,322.3076
37,7,0.5538,14.26,4.9333,0.652,tomato,78,0,420.6827
26,4,0.5415,5.74,1.1202,0.46,soy,86,0,215.8723
22,4,0.3946,4.94,4.0762,0.63,corn,126,0,410.8525
31,8,0.7058,1.95,0.8515,0.421,tomato,102,1,291.6682
27,4,0.1654,2.39,1.4252,0.151,soy,119,1,22.4555
22,6,0.4671,2.47,2.0972,0.886,wheat,124,0,587.0683
26,5,0.5252,7.61,1.6288,0.515,soy,115,1,213.2321
43,9,0.11,8.19,3.9938,0.568,tomato,130,0,125.9721
37,7,0.0963,7.57,4.7889,0.221,tomato,88,1,23.0702
24,4,0.1935,7.56,4.3777,0.862,corn,143,0,322.0184
43,10,0.0349,1.61,0.7764,0.295,tomato,79,1,9.4515
33,6,0.1061,12.21,3.8857,0.499,corn,151,1,71.8619
29,5,0.2671,1.02,0.7483,0.864,tomato,95,1,186.0896
25,5,0.4394,5.99,4.5678,0.539,tomato,94,0,308.0726
38,8,0.41,5.63,2.5942,0.941,tomato,82,1,280.219
42,6,0.0414,5.18,1.6885,0.328,rice,138,1,19.3976
24,6,0.0349,1.01,0.7936,0.758,tomato,97,0,34.1478
39,8,0.4834,3.85,0.0689,0.981,tomato,129,0,930.1152
34,6,0.0384,2.79,1.2473,0.617,tomato,84,0,29.0475
36,8,0.2911,9.78,4.571,0.738,corn,125,0,364.4398
31,5,0.0599,6.37,3.9883,0.484,tomato,125,1,34.7099
25,5,0.5285,6.97,4.8493,0.789,soy,130,0,479.4225
39,6,0.4834,6.25,0.5128,0.923,tomato,117,1,478.3186
21,6,0.4924,2.57,2.965,0.748,soy,114,1,288.1587
13,3,0.1744,0.9,1.2932,0.946,wheat,143,1,169.9959
36,6,0.5285,8.91,2.7193,0.65,tomato,87,1,252.8091
25,7,0.5285,9.91,1.6091,0.641,corn,149,1,443.551
46,10,0.0384,8.04,1.4245,0.409,corn,135,0,35.2269
36,6,0.3624,10.13,2.8735,0.753,corn,121,0,452.013
37,7,0.3519,2.36,0.9248,0.9,tomato,87,1,233.5827
50,9,0.7227,13.8,2.351,0.699,rice,139,1,879.8973
32,8,0.2682,6.53,3.2576,0.348,soy,85,0,84.413
47,8,0.1061,1.74,0.6496,0.612,corn,143,1,84.5385
50,8,0.2824,9.9,4.6537,0.793,rice,123,1,285.3886
28,7,0.5145,3.65,2.5336,0.948,corn,123,0,760.0784
34,7,0.4104,8.84,4.0994,0.283,soy,95,1,81.2584
33,7,0.4626,11.59,3.273,0.258,soy,111,1,105.0551
24,4,0.5252,4.65,3.5529,0.501,tomato,95,0,375.1273
36,8,0.3309,8.33,3.5835,0.257,corn,111,0,152.4892
33,7,0.5145,7.41,4.3767,0.983,tomato,124,0,829.7221
30,5,0.5779,3.86,3.0719,0.511,soy,127,1,253.6985
30,8,0.3838,2.24,1.3983,0.604,wheat,113,0,329.1316
22,4,0.352,0.8,0.5066,0.343,wheat,93,1,89.7553
33,5,0.5567,6.46,3.0352,0.532,tomato,122,1,341.0789
29,5,0.2174,0.47,0.3411,0.987,wheat,132,1,208.5713
29,5,0.2356,2.67,1.2141,0.565,wheat,123,0,194.8173
27,5,0.7054,8.33,0.3129,0.158,corn,136,0,250.5596
22,4,0.4117,2.84,2.7489,0.356,soy,85,0,135.0989
34,5,0.2709,1.7,0.8101,0.982,tomato,101,0,409.0732
38,8,0.3296,5.49,3.0559,0.991,tomato,85,0,393.9896
30,6,0.3519,7.41,3.9564,0.329,wheat,129,0,192.6321
41,7,0.11,9.76,4.1112,0.673,tomato,127,0,137.425
39,10,0.1034,3.05,1.5546,0.215,tomato,104,0,42.7449
28,4,0.0533,4.36,2.7493,0.641,corn,136,0,64.1021
23,4,0.1617,3.8,2.8194,0.257,corn,140,0,86.3695
31,6,0.1709,3.47,2.3697,0.846,soy,137,1,124.4299
24,5,0.4834,3.74,3.279,0.949,soy,87,0,404.233
38,8,0.1617,7.4,1.0583,0.297,corn,118,1,58.8118
30,6,0.2671,6.32,4.8964,0.543,wheat,106,1,114.777
26,5,0.5285,1.71,0.4994,0.237,corn,143,0,277.2454
39,6,0.2709,6.95,4.1478,0.438,rice,135,1,183.6587
19,4,0.2684,4.14,2.9745,0.205,wheat,137,1,66.8962
37,6,0.4104,4.79,1.2318,0.375,tomato,101,1,160.4261
41,6,0.2684,7.8,3.7309,0.992,tomato,129,0,472.9412
28,5,0.4924,1.31,0.4316,0.188,tomato,117,0,176.3653
36,8,0.1853,8.41,3.8743,0.88,tomato,76,0,175.9853
37,7,0.1369,5.23,2.954,0.216,tomato,130,1,44.4421
37,8,0.1681,5.35,0.5626,0.6,rice,163,0,290.153
28,5,0.6884,1.25,0.4067,0.534,tomato,77,0,409.9625
34,5,0.5285,5.9,3.7567,0.942,tomato,96,0,653.4452
32,7,0.6884,8.62,1.4718,0.319,corn,159,0,560.4569
32,6,0.3925,12.87,4.4476,0.303,tomato,121,0,218.988
30,8,0.2174,5.48,3.8127,0.786,soy,111,0,216.0373
37,7,0.6701,11.86,3.494,0.767,corn,133,1,629.4429
36,8,0.2856,8.98,1.4002,0.744,tomato,76,0,219.8127
31,7,0.3844,5.4,3.5476,0.172,tomato,106,0,130.6058
26,5,0.6884,10.26,4.7413,0.371,wheat,130,0,426.7117
22,6,0.11,16.78,0.4669,0.864,soy,105,0,96.4468
26,5,0.5196,1.8,1.6376,0.661,wheat,108,1,260.3472
34,6,0.3838,5.94,1.181,0.662,corn,150,0,492.934
24,5,0.4773,1.95,1.9723,0.402,corn,127,1,228.4871
25,7,0.4834,9.54,3.7142,0.371,tomato,89,1,146.2912
43,9,0.3256,4.63,2.3765,0.955,rice,130,1,405.0665
25,7,0.1744,7.17,2.8579,0.769,soy,112,1,100.5407
22,5,0.255,2.03,1.5776,0.258,wheat,105,0,88.6285
47,8,0.3429,2.39,0.715,0.947,rice,141,0,729.5932
35,9,0.1935,2.86,1.342,0.645,soy,133,0,169.8299
27,5,0.0598,5.86,4.2998,0.433,wheat,135,1,25.5648
36,9,0.11,9.73,3.0161,0.488,tomato,87,0,73.7592
41,6,0.2911,4.47,1.8962,0.767,tomato,101,0,305.0694
42,7,0.4104,8.4,3.9516,0.47,rice,140,0,462.4572
33,7,0.0384,0.6,0.3316,0.642,tomato,113,1,26.6131
33,6,0.5415,3.3,1.2769,0.754,tomato,117,1,431.283
22,6,0.0785,1.77,1.1582,0.316,wheat,119,0,36.697
37,10,0.1697,8.52,4.927,0.953,tomato,92,0,192.2108
14,2,0.2671,5.13,3.5334,0.453,wheat,130,0,181.7526
28,4,0.3256,4.43,3.0928,0.506,soy,92,1,98.9329
43,10,0.7054,1.19,0.0349,0.744,corn,141,0,1019.6407
33,7,0.2356,3.86,0.9297,0.667,wheat,144,0,257.3099
40,10,0.4924,6.25,3.1814,0.524,rice,149,1,452.2934
30,6,0.3256,5.24,1.9048,0.702,soy,109,0,255.507
19,4,0.1935,4.12,4.6222,0.917,wheat,140,1,183.3558
30,6,0.11,4.94,3.826,0.83,corn,132,0,174.3071
30,5,0.2684,3.52,2.2424,0.851,corn,132,1,268.2046
45,10,0.2684,9.04,3.7501,0.37,corn,151,0,237.6864
15,3,0.6701,3.65,4.8773,0.506,wheat,101,0,407.7866
35,6,0.041,16.08,2.3103,0.621,soy,128,1,21.5968
21,3,0.3364,5.49,3.2162,0.188,wheat,131,0,105.9743
31,8,0.4238,6.95,4.5941,0.804,tomato,104,1,350.3035
44,8,0.4546,14.72,1.2509,0.425,corn,104,0,287.1927
29,5,0.2356,6.47,4.4339,0.39,wheat,136,0,154.0906
50,10,0.4104,1.05,0.4967,0.37,rice,122,0,381.499
35,5,0.1853,6.32,3.2458,0.391,tomato,125,0,136.5053
28,6,0.1419,7.65,3.9164,0.437,soy,129,1,53.6571
34,5,0.3256,5.16,3.0769,0.664,tomato,95,0,264.1118
37,8,0.4238,4.06,2.4827,0.646,tomato,99,0,351.7765
35,5,0.3925,11.75,3.0906,0.367,soy,86,0,145.096
27,7,0.3519,2.22,0.7668,0.325,soy,112,0,145.6521
27,6,0.2165,4.53,1.0857,0.852,wheat,93,0,193.1063
42,9,0.1419,7.06,1.3568,0.229,soy,140,1,39.0447
21,6,0.1617,4.74,2.9929,0.586,soy,120,0,109.7429
26,6,0.5285,4.3,2.2151,0.592,soy,98,0,305.9817
37,8,0.2174,3.59,1.2299,0.638,rice,155,0,350.4592
33,9,0.6884,13.22,4.4152,0.903,tomato,76,0,627.142
49,9,0.3256,4.77,1.8759,0.68,corn,133,0,373.8249
25,5,0.6059,5.9,2.2357,0.978,tomato,81,1,392.3284
24,4,0.11,4.07,2.0544,0.891,soy,88,1,56.734
43,8,0.1907,1.92,0.9179,0.333,rice,123,1,91.7513
29,8,0.1536,7.46,3.6608,0.355,corn,117,0,100.0263
33,9,0.6701,7.65,2.2478,0.443,wheat,134,1,353.1753
47,10,0.2671,1.36,0.0911,0.483,rice,159,1,245.4924
45,9,0.0414,11.46,4.8204,0.62,rice,153,1,43.9536
26,7,0.2425,5.82,4.0807,0.348,soy,126,1,76.9921
21,3,0.0417,3.19,3.6206,0.339,soy,116,0,16.2321
22,4,0.1907,5.14,4.3468,0.474,tomato,95,1,83.7184
33,6,0.1681,7.53,4.535,0.721,soy,99,1,85.3629
32,8,0.312,19.85,1.6941,0.735,wheat,147,1,282.6266
32,5,0.3556,6.65,3.0587,0.98,soy,114,1,223.5889
50,10,0.4546,6.82,3.048,0.322,corn,134,1,205.9491
35,7,0.4546,3.4,1.3438,0.484,rice,110,0,422.094
34,7,0.5196,1.89,1.1175,0.97,soy,110,1,364.2058
43,7,0.2911,6.44,0.5784,0.737,tomato,113,1,206.083
14,3,0.7091,7.39,3.3,0.653,wheat,120,1,373.5011
23,6,0.4104,7.7,3.9068,0.609,soy,119,1,208.221
31,7,0.1681,5.76,3.8072,0.214,soy,130,0,55.973
44,9,0.3429,3.02,1.5882,0.909,soy,86,0,251.5686
31,8,0.4671,2.42,1.0342,0.682,soy,135,0,417.6848
13,4,0.4546,6.93,2.2735,0.636,wheat,139,1,305.9274
37,10,0.3296,9.14,2.7386,0.609,wheat,115,1,181.4514
36,8,0.2467,7.22,4.5962,0.483,corn,146,1,166.7761
24,5,0.7091,6.91,4.3754,0.366,wheat,94,1,186.4914
26,6,0.7153,6.36,4.5811,0.792,wheat,108,0,650.8608
24,4,0.0785,6.85,4.2528,0.583,soy,91,0,44.0811
50,10,0.1034,12.67,4.8233,0.179,corn,138,1,33.5667
27,4,0.1681,2.84,2.3328,0.489,soy,132,1,69.4873
35,5,0.2165,1.59,0.2469,0.939,tomato,108,1,190.9257
22,6,0.7134,0.96,0.427,0.468,soy,124,1,299.53
41,9,0.6701,5.17,1.9575,0.501,soy,93,1,227.8559
34,9,0.3556,2.21,1.2959,0.68,soy,137,0,364.8459
35,7,0.0349,2.15,0.858,0.831,soy,95,1,17.3883
29,6,0.0427,6.83,4.7665,0.718,soy,114,0,35.0414
34,9,0.2684,2.73,0.9851,0.873,tomato,113,0,386.7854
42,10,0.5252,12.34,4.7973,0.247,soy,132,0,217.2496
25,5,0.255,3.94,3.8066,0.936,tomato,127,0,413.1372
40,7,0.0598,10.89,3.2083,0.918,soy,118,0,62.5352
43,9,0.2467,7.82,3.3833,0.591,rice,142,1,240.8854
27,4,0.2684,4.24,1.6641,0.681,tomato,98,0,231.1265
19,4,0.3925,2.87,3.2357,0.331,wheat,124,0,201.7581
36,6,0.5538,3.67,0.9416,0.531,corn,141,0,587.6908
35,9,0.352,8.02,4.6892,0.322,tomato,111,0,207.6948
40,7,0.5285,2.86,1.5159,0.169,corn,136,1,145.2484
22,4,0.1991,3.59,1.2834,0.984,soy,109,0,200.9124
31,8,0.0785,4.92,3.5587,0.37,soy,95,0,29.9157
37,6,0.3946,5.4,3.2857,0.654,soy,88,1,153.2929
35,7,0.2856,12.43,2.262,0.405,soy,108,1,90.9609
29,6,0.1606,5.59,3.1659,0.465,soy,107,1,52.8187
27,5,0.3946,5.0,0.8059,0.488,corn,137,1,229.5139
27,5,0.1419,3.92,3.3699,0.435,tomato,125,0,111.3616
40,10,0.4104,3.52,1.3603,0.692,corn,142,1,363.4838
45,7,0.2909,2.84,1.3715,0.967,rice,155,0,766.2762
37,7,0.1907,1.75,0.8193,0.514,soy,117,0,122.504
29,5,0.4773,5.65,1.6686,0.977,tomato,126,0,804.5875
15,3,0.4117,2.22,1.6629,0.718,wheat,147,1,303.7476
36,6,0.3624,16.92,2.2764,0.666,soy,93,0,235.1603
45,9,0.4117,2.01,0.9602,0.352,rice,145,0,391.3204
30,5,0.3946,2.52,0.9731,0.203,wheat,120,0,127.4889
36,6,0.0423,4.8,2.7133,0.874,soy,139,1,34.2774
25,4,0.3838,1.37,0.6531,0.638,soy,117,0,286.5731
39,7,0.2174,6.15,3.4476,0.502,soy,85,0,85.7501
29,5,0.1907,7.93,4.7203,0.84,wheat,102,0,186.5214
36,8,0.1853,3.8,2.1397,0.414,wheat,97,1,63.18
23,5,0.4924,6.89,4.5065,0.816,wheat,102,0,463.2793
20,3,0.2174,1.66,0.5006,0.429,wheat,95,1,67.594
34,9,0.4197,2.76,0.2244,0.933,tomato,118,0,598.1735
15,3,0.1681,2.75,3.6096,0.378,wheat,120,0,76.6496
42,10,0.2709,12.62,3.8075,0.267,corn,140,0,166.2646
27,5,0.1034,8.7,4.2169,0.743,soy,140,0,107.4311
42,9,0.1853,2.55,0.2935,0.288,rice,146,0,131.1785
35,7,0.2856,9.97,3.8868,0.957,soy,111,0,287.6641
37,8,0.4117,4.78,1.8889,0.707,wheat,106,1,219.0141
50,10,0.0533,3.16,1.5237,0.346,rice,152,0,54.6372
39,8,0.1709,3.2,0.8734,0.327,corn,130,0,124.6058
34,7,0.4924,8.22,4.9801,0.935,tomato,117,0,745.4847
27,5,0.0417,1.53,0.3277,0.667,soy,86,0,23.6178
31,5,0.2856,8.35,4.1368,0.91,soy,94,0,247.9886
26,5,0.0384,3.83,3.2011,0.244,tomato,82,0,12.1584
22,4,0.1034,9.85,3.6781,0.937,soy,123,0,113.2696
29,5,0.5278,7.28,3.5615,0.592,wheat,121,0,466.7314
34,5,0.1617,7.7,4.2936,0.718,corn,119,1,123.1428
41,10,0.3624,2.59,0.9271,0.467,tomato,92,1,162.3618
48,8,0.4238,5.64,0.0141,0.2,corn,137,1,133.8786
42,10,0.1681,6.06,2.9967,0.964,rice,164,0,437.1726
23,6,0.5196,12.25,1.7758,0.995,corn,160,1,742.0398
37,6,0.1617,3.23,0.6277,0.46,corn,128,0,132.9241
32,8,0.1935,8.26,0.9388,0.952,corn,140,0,369.585
48,7,0.1369,4.1,1.6654,0.293,rice,114,1,54.0324
28,4,0.2507,7.72,0.3605,0.281,wheat,147,0,139.3221
37,6,0.0598,5.1,0.294,0.212,corn,101,0,21.3568
25,5,0.1697,5.12,4.581,0.483,tomato,94,1,68.5627
37,6,0.2165,6.62,1.5674,0.194,rice,150,1,85.1861
25,7,0.3519,7.69,4.9113,0.485,soy,139,0,241.6737
45,7,0.0387,9.01,4.8222,0.268,corn,110,0,18.332
25,7,0.11,7.18,0.7214,0.771,tomato,112,0,131.1434
40,8,0.3256,6.4,3.5775,0.858,tomato,85,1,218.4077
24,6,0.4117,3.13,3.008,0.735,wheat,93,0,344.9439
34,7,0.1681,5.02,3.4563,0.32,soy,108,0,67.3583
50,9,0.0599,1.35,0.49,0.802,rice,142,0,109.1238
31,7,0.3519,5.52,0.9509,0.362,soy,99,1,85.6161
26,4,0.041,2.75,0.3924,0.796,soy,139,1,28.9894
34,6,0.4238,6.55,3.0246,0.632,soy,119,0,328.3387
50,9,0.3309,10.18,4.9331,0.462,rice,134,1,235.6211
40,6,0.1853,7.23,3.3632,0.221,soy,112,0,59.32
28,6,0.11,7.65,3.5567,0.853,wheat,118,1,86.8566
16,4,0.5415,4.55,4.9231,0.949,soy,91,0,433.9388
32,5,0.3364,5.11,3.3933,0.716,tomato,108,0,350.1616
29,5,0.3309,1.4,0.2105,0.97,wheat,137,0,495.7109
37,7,0.7227,9.79,4.3364,0.944,corn,125,1,731.1112
27,6,0.5285,2.24,1.8297,0.315,corn,125,1,213.9934
37,10,0.3364,0.39,0.0318,0.772,tomato,125,0,499.2948
42,10,0.0963,4.86,2.5411,0.447,tomato,109,0,74.9667
46,10,0.2165,9.14,4.6857,0.564,tomato,91,0,176.6247
32,8,0.5779,4.6,1.2941,0.283,tomato,75,0,213.5683
39,7,0.3556,4.1,2.4627,0.979,wheat,140,0,568.6926
38,10,0.0349,2.69,0.8771,0.767,tomato,110,0,44.1088
33,6,0.255,2.14,0.2979,0.377,tomato,110,1,107.4221
40,6,0.1991,2.54,0.4119,0.466,soy,100,1,64.8538
38,6,0.17,6.12,3.6378,0.509,rice,120,1,110.896
29,6,0.1935,7.93,4.3217,0.785,soy,112,0,163.1668
33,9,0.1369,7.95,0.7251,0.937,corn,146,0,251.784
36,6,0.2467,6.03,1.4487,0.423,wheat,108,0,135.6919
37,10,0.5285,10.47,0.9832,0.552,tomato,104,0,431.671
34,6,0.1709,8.32,0.144,0.654,tomato,130,1,139.1651
39,7,0.3929,4.73,2.7716,0.484,soy,97,1,129.4735
37,10,0.5538,6.69,3.5026,0.579,corn,114,0,498.1331
19,4,0.7134,8.23,3.2429,0.24,soy,98,0,179.211
35,9,0.1034,2.96,1.9464,0.293,soy,136,1,31.9998
42,10,0.3296,5.49,2.7795,0.491,rice,139,0,415.5559
38,6,0.7227,1.39,0.4796,0.928,tomato,126,0,1109.6836
37,6,0.1369,1.38,0.78,0.447,rice,163,1,104.8851
16,4,0.312,6.41,4.6597,0.362,wheat,115,0,160.3883
36,6,0.0591,8.89,3.8099,0.781,soy,88,0,37.3313
29,5,0.41,9.48,4.6145,0.957,corn,118,1,390.6562
34,5,0.5779,8.04,4.5842,0.54,soy,115,1,232.6827
28,7,0.0785,5.28,3.2505,0.157,corn,123,0,27.3119
24,5,0.4197,11.56,4.6419,0.735,tomato,75,0,325.769
41,7,0.3629,3.73,2.0894,0.503,rice,165,1,368.1368
23,4,0.0387,2.15,0.028,0.723,soy,101,1,16.4501
39,6,0.5252,2.43,0.3222,0.386,tomato,109,0,350.4642
30,6,0.4671,8.45,0.5563,0.152,tomato,128,0,146.4289
38,10,0.0384,7.85,0.4858,0.443,tomato,105,1,19.8218
33,5,0.1709,3.3,1.765,0.749,wheat,132,0,175.9973
25,5,0.2507,12.02,3.5093,0.484,wheat,92,0,150.3203
33,7,0.2856,7.08,3.9553,0.336,wheat,132,0,163.6587
33,5,0.7058,7.27,2.9552,0.544,tomato,122,0,712.8622
33,6,0.6059,7.68,0.7407,0.789,tomato,126,1,579.0335
36,8,0.3946,7.92,3.742,0.252,tomato,79,0,132.7358
37,10,0.2682,5.41,1.7805,0.738,tomato,87,0,249.3375
37,8,0.0405,7.85,0.0748,0.717,tomato,77,1,20.156
34,5,0.1617,3.85,1.4101,0.465,tomato,126,0,143.0138
27,6,0.5196,5.91,1.6597,0.975,corn,116,0,760.5046
22,4,0.2824,6.09,1.3785,0.91,soy,114,0,270.2517
24,5,0.3364,4.55,4.0612,0.419,wheat,119,1,136.1587
39,6,0.2425,6.78,3.802,0.176,corn,142,1,64.5225
14,2,0.2467,3.62,3.4808,0.412,wheat,144,1,106.6306
40,7,0.2684,4.03,0.7036,0.324,tomato,93,0,130.0735
26,4,0.1617,8.58,4.0411,0.615,tomato,119,0,159.2982
50,9,0.3364,7.11,3.3891,0.931,rice,126,0,642.7997
33,7,0.3429,5.96,0.9822,0.89,soy,96,1,203.8377
32,6,0.7058,8.66,3.244,0.41,tomato,80,0,343.875
50,8,0.1034,8.43,2.4227,0.514,rice,130,1,78.1638
50,8,0.2671,5.12,2.2024,0.181,rice,141,1,98.7864
39,10,0.5285,6.29,0.5695,0.613,corn,147,0,706.0344
34,6,0.1654,3.75,2.5963,0.204,soy,132,0,51.1207
32,8,0.2671,0.8,0.5087,0.948,corn,132,0,460.5994
34,6,0.2536,2.08,0.8296,0.887,tomato,97,0,307.2912
41,7,0.5196,1.43,0.6714,0.332,rice,119,1,225.7751
39,8,0.3364,7.76,4.771,0.744,tomato,126,0,496.1158
26,4,0.6884,4.01,1.4315,0.633,tomato,97,1,409.0054
32,5,0.6423,7.36,1.7825,0.831,corn,146,0,991.5314
29,8,0.2171,6.61,1.6172,0.554,wheat,128,0,180.0155
32,8,0.2671,8.96,4.4923,0.313,tomato,127,1,114.3364
32,8,0.4924,4.26,2.8192,0.694,tomato,129,1,385.7509
39,6,0.4834,7.85,4.5966,0.218,tomato,114,0,217.4895
26,5,0.0599,10.06,1.5066,0.647,tomato,112,1,38.7043
30,5,0.2565,1.12,0.583,0.331,corn,108,1,93.2297
38,6,0.4546,17.31,2.7855,0.732,corn,100,1,281.326
27,4,0.3629,8.78,1.7342,0.854,soy,115,1,222.72
17,5,0.5567,4.39,4.0115,0.243,wheat,133,0,249.5809
19,5,0.5285,5.02,4.3983,0.49,soy,126,0,325.5109
22,5,0.7153,2.8,2.3681,0.773,corn,115,1,555.3763
40,8,0.7058,9.69,4.8571,0.289,soy,113,0,289.0291
19,4,0.0414,2.44,2.7695,0.632,soy,133,0,33.1591
36,9,0.7058,3.78,1.3619,0.721,rice,115,0,935.1414
36,8,0.5196,9.02,2.45,0.452,soy,106,0,251.2169
31,8,0.7054,1.87,0.1962,0.857,soy,137,0,856.9889
22,6,0.1606,4.03,4.022,0.584,wheat,102,0,116.3368
40,10,0.1536,1.93,0.5162,0.683,tomato,92,0,151.474
46,10,0.041,6.16,1.5507,0.27,corn,128,0,24.1119
25,5,0.1991,3.73,2.8309,0.17,wheat,131,1,37.9305
35,7,0.4104,1.84,0.2244,0.193,corn,115,1,89.7809
37,8,0.3946,1.3,0.4058,0.918,rice,154,0,1052.3256
37,8,0.4117,6.51,3.4836,0.9,tomato,88,0,474.2529
35,6,0.1617,1.01,0.3682,0.836,soy,105,0,141.3987
43,7,0.1654,11.01,2.3906,0.32,rice,142,1,93.0332
44,8,0.5415,5.38,1.7001,0.597,rice,110,1,371.3462
23,4,0.17,2.65,1.1481,0.827,wheat,136,1,135.6561
34,6,0.7054,11.09,0.952,0.723,wheat,130,1,551.9761
37,7,0.3624,10.96,3.8194,0.248,tomato,121,0,189.9594
37,10,0.0963,7.56,4.7582,0.911,rice,125,0,177.2465
25,4,0.1061,4.93,0.7095,0.287,corn,124,0,50.8023
39,10,0.0405,10.55,4.7988,0.296,tomato,125,0,25.4822
25,5,0.6884,7.5,2.9779,0.916,wheat,94,0,666.8626
22,4,0.2824,3.95,3.2119,0.562,tomato,102,1,161.9193
40,8,0.6423,7.44,3.5525,0.467,tomato,102,0,464.4009
36,9,0.11,9.51,3.5236,0.621,wheat,117,1,60.6335
40,6,0.0349,10.58,4.1009,0.984,wheat,116,0,45.8592
40,10,0.5415,6.07,2.4225,0.252,rice,151,0,444.3958
23,6,0.1991,6.45,2.6715,0.793,corn,112,1,143.9955
34,5,0.1681,2.52,1.6259,0.434,tomato,124,0,135.011
25,5,0.2467,3.33,0.5352,0.249,wheat,144,0,122.8915
36,9,0.2174,4.96,3.3266,0.509,wheat,100,0,142.2035
25,4,0.11,0.38,0.1777,0.616,wheat,149,1,72.8702
26,4,0.2536,1.6,1.3854,0.325,wheat,105,0,103.3992
13,4,0.3929,7.1,0.4802,0.494,wheat,93,1,125.7399
26,6,0.1935,5.62,0.9617,0.69,corn,124,1,144.8204
39,8,0.1907,7.75,3.1973,0.64,tomato,119,1,140.7322
22,6,0.0598,4.78,3.1461,0.765,tomato,122,0,74.6077
49,10,0.5252,4.64,2.1111,0.861,corn,139,1,624.9262
32,8,0.2671,0.93,0.46,0.498,tomato,120,0,250.4138
20,5,0.3946,4.79,2.1725,0.51,wheat,105,1,148.7076
26,6,0.2684,6.21,1.7702,0.572,tomato,124,0,249.4659
41,9,0.5252,10.22,3.6051,0.631,corn,138,0,621.0156
31,8,0.5285,12.46,2.8993,0.242,tomato,82,0,196.6464
31,7,0.5145,4.74,2.4629,0.416,soy,92,1,144.2621
42,10,0.312,4.64,2.44,0.296,rice,124,1,164.1313
39,6,0.0598,8.09,4.8318,0.478,rice,113,0,55.7205
34,9,0.2671,5.79,3.7839,0.977,corn,117,0,410.5188
30,5,0.4104,11.37,2.4899,0.645,soy,140,1,225.173
40,7,0.7377,4.24,2.4013,0.515,tomato,88,1,328.8286
34,5,0.4238,2.19,0.1421,0.631,corn,138,1,321.1576
29,5,0.4773,13.02,4.7131,0.719,soy,139,0,466.0206
37,8,0.0591,4.04,1.6027,0.52,corn,115,1,35.7986
31,6,0.4834,1.96,1.2871,0.531,tomato,113,1,272.0096
34,7,0.1709,9.97,4.9971,0.746,soy,110,0,150.9816
43,10,0.2909,6.79,3.5963,0.202,corn,117,0,119.0064
39,8,0.4546,5.72,0.2463,0.609,corn,157,0,697.4384
25,5,0.0417,0.48,0.3188,0.615,soy,121,0,30.385
28,7,0.2171,1.98,0.1373,0.793,soy,109,1,126.4382
34,9,0.2671,7.6,3.0021,0.985,tomato,120,0,466.7729
44,7,0.0785,1.09,0.3671,0.826,soy,135,0,85.7065
25,5,0.1034,4.91,4.6676,0.578,tomato,118,0,103.8928
28,6,0.7134,7.11,4.6852,0.294,soy,133,1,211.1024
31,5,0.3556,4.71,2.7348,0.65,wheat,109,1,185.0503
23,6,0.5567,3.65,3.087,0.859,wheat,110,0,587.3312
43,9,0.0423,5.36,1.4666,0.943,soy,98,1,25.7538
33,5,0.3256,3.58,0.3292,0.852,wheat,132,0,418.9468
21,4,0.7054,9.91,3.6899,0.311,corn,148,1,319.5654
33,7,0.0599,11.07,0.5179,0.756,tomato,111,1,48.1523
33,7,0.41,2.17,0.4369,0.898,tomato,108,0,555.5065
35,9,0.1419,2.4,1.563,0.729,tomato,118,1,119.323
31,8,0.2565,0.73,0.0722,0.733,tomato,85,0,206.6293
39,10,0.0533,3.58,2.1758,0.575,tomato,95,1,27.9771
25,4,0.5779,5.0,3.5413,0.691,tomato,114,0,636.844
43,8,0.4546,7.35,4.0087,0.4,rice,112,1,256.7919
31,7,0.4671,10.48,3.0255,0.225,soy,136,0,175.8325
25,4,0.17,4.52,4.2359,0.854,tomato,84,0,178.3597
38,10,0.2174,7.04,2.0384,0.952,tomato,119,0,368.8138
33,9,0.3624,6.41,4.2454,0.878,soy,119,1,243.4408
32,7,0.1334,4.43,2.5373,0.434,corn,151,0,125.9902
30,5,0.041,5.43,1.123,0.23,tomato,118,1,11.8589
28,5,0.0598,5.52,4.7213,0.388,tomato,103,0,34.5083
41,6,0.4834,2.77,1.3821,0.866,corn,146,1,572.4828
23,6,0.2856,1.7,0.1407,0.707,soy,104,0,197.8754
31,5,0.0384,3.99,1.2209,0.972,tomato,107,0,55.5891
50,10,0.5278,5.39,1.8398,0.441,corn,155,1,374.5493
30,8,0.0591,4.01,1.7632,0.619,corn,105,0,53.1237
36,6,0.3624,6.86,2.6281,0.822,wheat,111,0,375.4223
20,5,0.2171,3.73,4.4168,0.349,wheat,91,1,55.3348
26,4,0.4546,2.57,1.4688,0.969,wheat,122,0,631.6198
47,7,0.4394,6.56,2.6086,0.654,rice,153,0,726.0493
37,7,0.4117,5.44,1.7073,0.157,rice,112,0,153.1534
33,7,0.6884,7.1,4.1106,0.171,corn,133,1,191.419
50,10,0.1606,2.9,0.7964,0.9,rice,133,1,215.3622
27,5,0.2709,1.41,0.5265,0.698,wheat,137,1,205.687
20,4,0.5567,3.97,2.5199,0.799,soy,97,1,281.4705
41,6,0.2671,6.17,3.3627,0.816,corn,109,0,354.3178
33,6,0.0427,5.61,3.9797,0.507,soy,90,0,21.3139
32,8,0.3256,9.43,2.9522,0.829,tomato,97,0,359.6567
50,10,0.2165,10.38,3.8715,0.947,rice,137,0,483.5765
50,8,0.5779,4.31,1.9696,0.296,corn,156,0,418.1406
33,9,0.3929,0.3,0.174,0.8,soy,111,1,226.6034
47,7,0.6423,3.66,0.5893,0.412,rice,119,0,526.5494
30,8,0.3309,4.17,0.2032,0.423,wheat,132,0,234.5612
19,4,0.1853,3.13,1.6514,0.501,wheat,93,0,103.8769
23,4,0.4104,2.45,2.4825,0.884,wheat,111,0,454.776
38,8,0.3309,3.31,1.788,0.169,soy,121,0,87.9016
34,9,0.4197,4.07,2.8074,0.519,tomato,89,0,273.1565
32,5,0.2467,6.69,2.4082,0.728,tomato,108,0,299.1623
28,7,0.2467,4.32,3.3929,0.244,wheat,117,0,100.082
26,5,0.0387,8.12,3.3381,0.823,wheat,148,1,33.8127
37,6,0.1709,5.78,1.5971,0.951,tomato,91,1,136.3078
46,8,0.041,4.77,1.7376,0.227,corn,155,1,17.8793
24,6,0.1697,4.33,2.9299,0.28,corn,138,1,66.6042
31,5,0.2909,4.07,2.9862,0.978,soy,126,1,194.4468
37,10,0.6884,3.13,1.5804,0.318,wheat,100,0,353.2676
36,6,0.2911,2.73,1.6583,0.217,corn,101,1,60.861
50,9,0.7058,11.56,3.4733,0.959,rice,150,0,1674.0336
33,7,0.2171,6.06,3.2406,0.909,tomato,101,0,263.4921
36,8,0.6059,1.23,0.6839,0.707,tomato,92,0,549.7661
31,8,0.4924,7.16,2.2108,0.619,tomato,125,0,567.2756
36,6,0.4671,6.79,4.4646,0.931,tomato,93,1,327.0579
27,7,0.3844,0.83,0.1912,0.707,tomato,99,0,382.1255
41,9,0.0414,11.79,4.2773,0.71,corn,144,1,40.9929
18,3,0.3925,2.98,0.8243,0.867,soy,138,1,278.6074
39,7,0.2671,5.99,2.5412,0.705,tomato,125,0,314.3588
33,6,0.2165,7.97,2.1274,0.578,wheat,129,0,192.6171
31,6,0.2536,0.53,0.0605,0.481,tomato,81,0,142.5381
22,4,0.3364,4.99,4.5778,0.578,wheat,96,0,210.2523
33,5,0.0598,4.35,2.2801,0.594,corn,142,1,41.8948
38,8,0.3925,12.02,4.7718,0.457,tomato,103,1,189.3425
19,3,0.2824,1.46,1.4409,0.531,soy,92,1,90.0626
29,5,0.6423,9.11,4.3327,0.832,soy,123,0,609.0054
36,6,0.312,6.91,4.6127,0.504,tomato,127,1,181.4031
33,5,0.1681,4.52,2.7886,0.172,soy,88,1,20.2468
30,5,0.4671,1.9,1.0214,0.391,wheat,140,0,299.5432
32,8,0.2824,6.07,3.4294,0.347,soy,104,0,116.7938
19,3,0.5779,3.55,2.7494,0.825,soy,107,0,522.9561
33,6,0.2356,16.33,4.7232,0.532,tomato,115,0,209.3251
30,6,0.2356,3.94,2.202,0.388,tomato,88,1,74.1128
21,4,0.5415,3.66,1.3499,0.839,wheat,99,1,338.3727
22,5,0.1709,0.72,0.7001,0.166,soy,138,0,46.7341
34,6,0.7054,8.51,3.4962,0.298,tomato,94,1,201.4925
31,5,0.1853,7.59,4.8708,0.853,tomato,84,0,187.6693
36,9,0.1462,1.39,0.1514,0.618,soy,123,0,121.2953
49,10,0.4104,7.84,3.7048,0.808,rice,122,1,450.5194
31,5,0.041,13.0,4.6354,0.862,wheat,137,1,36.1138
30,6,0.0963,2.94,0.3832,0.951,tomato,78,1,70.7948
22,4,0.41,1.29,0.5597,0.204,soy,114,0,112.3467
35,9,0.1991,5.07,3.4629,0.829,corn,124,1,191.2427
29,5,0.2911,8.31,3.2433,0.752,corn,158,1,301.5148
13,2,0.3838,2.59,0.3534,0.326,wheat,121,1,107.8485
46,7,0.3629,9.24,4.1738,0.942,rice,161,0,952.3126
31,8,0.4773,4.12,2.6219,0.494,corn,115,0,395.3555
34,5,0.4394,9.59,4.5369,0.904,soy,111,1,271.5459
28,6,0.3629,8.81,4.3912,0.664,tomato,120,1,263.6458
40,8,0.312,8.0,4.0644,0.598,tomato,83,0,218.1737
25,5,0.4394,4.71,2.5843,0.286,wheat,146,0,247.4759
22,4,0.0423,9.43,1.266,0.927,corn,147,1,50.4429
28,5,0.0533,14.05,2.5348,0.623,soy,122,0,40.8141
25,5,0.1462,5.63,0.513,0.155,corn,114,0,43.0319
30,8,0.2425,5.73,3.2976,0.166,wheat,139,0,87.0979
29,5,0.2911,1.11,0.6785,0.811,corn,151,0,421.9708
37,10,0.4834,8.28,2.5608,0.288,tomato,91,1,134.3156
37,10,0.4394,0.52,0.2814,0.659,tomato,107,0,446.1007
23,4,0.3519,2.37,1.5046,0.729,wheat,93,0,260.8433
36,8,0.3629,1.83,1.1681,0.387,tomato,97,1,141.4804
50,9,0.4626,9.16,3.104,0.634,tomato,83,1,246.2112
40,6,0.0353,7.59,3.9361,0.354,tomato,106,0,20.2795
34,9,0.1462,2.4,0.2959,0.954,tomato,105,0,222.6962
30,6,0.0533,6.74,4.2529,0.881,soy,114,1,32.8952
47,8,0.2911,10.42,4.3052,0.395,rice,147,0,310.1696
30,5,0.0427,2.44,1.7179,0.599,soy,136,0,34.7828
36,6,0.5779,5.15,3.2984,0.576,tomato,86,0,435.9376
14,3,0.0785,4.08,2.019,0.966,wheat,103,0,87.6294
40,7,0.6059,2.67,0.7794,0.485,rice,122,1,410.1418
34,5,0.1419,5.14,2.648,0.628,soy,136,0,111.2153
29,6,0.2565,0.71,0.4409,0.939,tomato,80,0,254.5375
26,4,0.1709,7.02,4.3936,0.288,corn,101,0,75.2541
35,5,0.2467,8.71,4.6222,0.618,tomato,83,0,160.4985
28,6,0.1709,4.81,4.1098,0.24,corn,146,0,100.2175
34,9,0.0417,4.2,2.817,0.675,soy,117,1,22.9007
38,6,0.0353,6.3,2.7924,0.461,tomato,126,0,29.2419
33,9,0.3256,6.87,4.9232,0.972,tomato,86,0,369.9474
28,6,0.3925,2.18,1.247,0.503,wheat,114,0,299.3841
33,9,0.5567,0.87,0.389,0.266,wheat,123,1,183.7574
50,9,0.3309,7.49,2.8141,0.859,rice,114,0,542.1683
23,5,0.41,3.33,1.6506,0.848,soy,136,1,301.6036
22,4,0.2171,3.62,1.6185,0.741,soy,130,1,127.8192
29,5,0.7091,3.42,0.0454,0.786,tomato,83,0,645.3324
32,5,0.1991,5.14,2.9852,0.375,wheat,141,1,81.9979
41,6,0.1853,2.34,1.3275,0.696,soy,110,0,142.2876
50,10,0.2709,6.84,0.9474,0.182,rice,128,1,107.105
50,10,0.1536,2.58,0.2118,0.317,corn,157,1,81.917
31,8,0.2165,3.53,1.8282,0.942,tomato,104,0,283.0895
20,3,0.1991,5.75,4.3961,0.778,wheat,103,1,108.8923
21,4,0.11,2.09,1.69,0.346,wheat,139,0,64.5736
45,9,0.5252,7.37,3.3986,0.245,corn,143,0,305.6824
37,7,0.6059,8.77,3.7852,0.957,rice,120,1,746.8116
49,9,0.3844,5.84,1.6472,0.245,rice,147,1,174.4855
33,7,0.6059,12.66,4.11,0.369,tomato,110,0,396.2158
16,4,0.2565,3.14,3.4625,0.305,wheat,106,1,62.5815
28,7,0.0599,5.35,2.8006,0.156,tomato,99,1,11.4225
36,8,0.3429,1.74,0.015,0.417,soy,132,0,204.3532
27,6,0.2174,0.33,0.1851,0.978,corn,110,1,218.1173
34,5,0.3429,7.66,4.9544,0.441,tomato,115,1,166.6761
33,5,0.0591,12.77,3.9136,0.579,soy,131,1,32.2096
37,6,0.255,8.42,4.6885,0.784,tomato,127,1,238.4975
32,8,0.0414,6.21,4.5125,0.618,corn,119,0,45.952
37,6,0.312,1.77,0.112,0.782,corn,116,0,377.0646
36,8,0.5196,9.24,3.9613,0.712,tomato,127,0,692.4863
20,4,0.2911,6.91,2.2612,0.667,wheat,118,0,279.3412
35,5,0.1617,8.31,3.9499,0.702,tomato,106,0,176.1922
44,7,0.1606,0.89,0.0435,0.829,rice,138,1,202.5742
38,10,0.5779,5.08,1.4481,0.754,rice,138,0,1015.2205
27,6,0.0423,6.73,3.7591,0.823,wheat,128,1,33.4387
28,5,0.2671,10.97,3.9672,0.274,soy,108,0,92.0218
32,6,0.7227,6.61,3.1024,0.726,soy,106,0,593.377
28,6,0.5196,3.44,1.5133,0.776,corn,124,1,423.4592
41,7,0.1744,3.13,1.5587,0.405,tomato,111,1,75.5372
31,5,0.1606,8.08,4.8342,0.893,tomato,120,0,226.1988
27,7,0.2682,3.22,2.2017,0.409,tomato,106,1,119.8393
43,8,0.6884,4.32,2.2412,0.357,rice,147,0,646.11
23,4,0.5779,8.41,2.7661,0.887,soy,108,0,555.1878
34,5,0.1681,4.02,2.0534,0.36,wheat,137,0,106.3103
24,5,0.2684,6.78,2.7678,0.503,wheat,114,1,116.1906
23,6,0.7134,5.81,2.1674,0.463,soy,108,0,399.9895
24,4,0.3925,5.23,4.1353,0.913,tomato,78,1,228.7813
28,5,0.3624,6.24,4.5462,0.537,soy,99,0,210.9511
24,5,0.1697,7.55,4.6612,0.74,soy,126,0,158.1487
20,3,0.2684,2.38,2.8258,0.825,wheat,95,1,137.7505
38,6,0.7058,6.7,2.2163,0.684,tomato,87,0,644.8459
29,8,0.0591,4.91,3.5291,0.952,wheat,137,0,94.7103
37,6,0.2909,6.89,4.1932,0.832,tomato,123,0,407.5851
33,9,0.0598,4.44,2.8193,0.49,tomato,98,0,42.0216
35,7,0.7054,9.66,3.5029,0.958,tomato,97,0,843.9928
38,10,0.0384,11.4,3.7511,0.596,tomato,103,0,40.1562
35,7,0.2565,6.03,3.3852,0.169,corn,146,0,108.0204
40,6,0.2356,8.79,3.7332,0.371,corn,128,0,153.8753
35,7,0.4834,15.24,1.0511,0.678,tomato,84,0,401.7584
33,6,0.6701,3.84,2.4969,0.283,tomato,99,0,274.4622
29,8,0.5196,5.46,2.9455,0.646,tomato,89,0,414.4889
21,4,0.0427,0.55,0.0224,0.457,soy,123,1,16.4478
30,6,0.0598,12.06,4.2813,0.604,soy,92,1,22.4495
31,6,0.3946,4.06,3.054,0.152,corn,137,0,142.2691
27,4,0.6884,0.88,0.6544,0.871,soy,92,0,532.8496
24,4,0.5252,5.27,4.0836,0.458,soy,139,0,328.9963
19,5,0.4117,3.07,3.5881,0.269,wheat,129,0,183.0256
26,6,0.3519,4.98,3.7939,0.522,tomato,82,0,210.258
38,10,0.1462,7.06,1.9663,0.563,tomato,128,1,101.8374
29,6,0.7054,6.13,4.2725,0.692,tomato,107,1,465.74
43,10,0.2565,3.75,2.076,0.596,rice,143,0,373.9545
36,6,0.0384,12.66,2.8568,0.187,soy,88,1,5.3812
42,9,0.0963,0.38,0.0132,0.891,rice,120,0,178.665
31,8,0.2684,5.99,3.2279,0.538,wheat,139,1,154.8134
45,10,0.0598,8.54,3.5937,0.215,rice,136,1,24.0258
45,7,0.0349,6.37,2.8399,0.807,soy,119,0,33.4782
45,7,0.1697,4.64,2.4878,0.711,rice,165,0,369.8274
28,4,0.0353,6.12,4.0516,0.702,tomato,98,0,31.7533
50,10,0.6701,7.77,3.41,0.513,rice,131,1,529.9617
40,8,0.0598,5.05,1.3976,0.499,rice,154,0,81.6527
47,7,0.0963,9.41,4.7958,0.606,tomato,78,1,43.0756
33,6,0.5278,8.1,3.5393,0.193,tomato,100,0,172.4756
21,6,0.2565,6.91,4.9398,0.404,soy,132,0,152.8918
34,9,0.5538,9.49,4.8566,0.99,tomato,87,1,449.2462
26,6,0.6423,7.62,4.5954,0.713,wheat,108,0,605.7376
43,7,0.1853,13.41,3.7793,0.506,rice,136,0,229.0649
27,7,0.17,3.67,3.0511,0.339,soy,89,1,38.7203
27,4,0.3629,1.16,0.8691,0.783,soy,88,0,261.8785
26,5,0.4117,3.1,2.7213,0.371,corn,115,1,173.0218
24,4,0.1061,5.57,3.8292,0.288,soy,135,1,31.6687
36,6,0.4773,4.14,2.6091,0.281,tomato,87,0,197.9315
34,7,0.2856,7.91,4.3425,0.77,rice,150,0,528.667
40,6,0.4104,2.91,0.5572,0.696,soy,108,0,323.5724
50,10,0.0598,4.21,1.9109,0.209,tomato,117,1,19.2221
32,7,0.2467,7.33,2.5348,0.248,soy,103,1,53.4316
32,8,0.3364,3.91,2.1673,0.689,tomato,123,1,255.7764
26,7,0.5415,3.36,0.5518,0.635,corn,122,1,387.121
38,10,0.1709,4.02,0.7761,0.733,corn,148,0,253.2945
31,8,0.3838,5.79,4.1897,0.301,tomato,121,0,236.3954
26,7,0.0384,8.16,2.4271,0.768,soy,109,0,31.9325
28,6,0.2684,1.06,0.2531,0.946,tomato,112,1,261.5855
22,6,0.7153,8.1,0.0923,0.661,soy,91,0,401.26
50,10,0.0599,5.12,2.3726,0.317,rice,137,0,54.5892
28,4,0.1709,0.99,0.8302,0.728,corn,122,0,202.1818
22,6,0.1034,3.67,3.5286,0.442,tomato,128,0,86.9279
43,10,0.0417,8.56,3.9787,0.192,rice,162,0,33.2156
32,8,0.0599,3.37,1.1492,0.407,corn,147,0,52.4824
27,7,0.352,5.89,2.965,0.92,corn,157,1,450.0072
30,5,0.1419,3.17,0.7807,0.499,tomato,129,1,85.8338
34,5,0.3429,3.08,1.5249,0.885,tomato,118,0,498.3706
50,9,0.17,12.22,4.4451,0.582,rice,143,1,180.4487
50,9,0.4238,5.78,2.725,0.589,rice,121,0,533.7192
27,7,0.0384,5.01,4.4306,0.154,soy,130,1,6.5353
29,5,0.3925,1.69,1.134,0.692,soy,95,0,279.3498
40,10,0.5252,3.07,1.6568,0.242,soy,95,0,155.3598
25,5,0.3296,3.64,2.3601,0.557,tomato,124,0,297.274
35,7,0.0387,5.76,2.4056,0.371,tomato,81,0,17.4298
29,5,0.7227,15.42,4.9883,0.484,soy,92,0,308.7718
42,9,0.7377,1.65,0.5811,0.607,tomato,103,1,408.4153
21,4,0.4104,5.94,4.2613,0.162,wheat,125,1,72.5214
41,9,0.5567,7.68,4.3198,0.392,rice,112,0,456.917
29,5,0.3519,3.44,2.7705,0.991,soy,106,0,379.1352
28,4,0.0598,2.07,1.7267,0.199,corn,113,1,13.7319
44,8,0.4773,7.94,2.6009,0.421,tomato,91,0,293.9983
33,7,0.4394,11.83,1.4694,0.423,soy,95,0,182.0821
40,8,0.5278,13.34,3.9975,0.472,corn,141,0,538.2163
36,6,0.2565,5.13,2.4964,0.732,tomato,101,0,286.5404
35,7,0.5278,6.79,4.63,0.361,tomato,128,0,388.8065
47,10,0.2682,6.49,3.1172,0.541,rice,110,0,294.2874
35,7,0.4104,7.68,2.5765,0.698,tomato,118,0,454.2232
42,10,0.4546,6.78,3.5582,0.424,tomato,125,1,265.803
42,10,0.3309,6.56,2.5246,0.956,rice,137,1,514.0283
41,9,0.1744,8.54,4.5235,0.983,rice,149,1,279.5633
37,6,0.1606,3.2,0.9304,0.252,corn,126,0,77.5376
30,5,0.2682,10.09,4.867,0.442,corn,136,1,145.2577
30,6,0.2682,6.47,4.0628,0.327,tomato,125,1,108.0721
35,7,0.6059,18.42,4.3051,0.309,corn,132,0,375.1528
31,8,0.2356,4.24,2.4197,0.567,corn,135,0,264.6484
27,4,0.1991,5.77,4.1876,0.629,tomato,130,1,149.0312
26,7,0.4924,3.32,1.5408,0.512,corn,130,0,486.9816
39,6,0.4924,6.27,3.8121,0.382,tomato,84,1,159.332
30,5,0.2356,4.96,0.7108,0.387,corn,141,1,113.4048
24,4,0.2165,2.72,1.5422,0.993,wheat,132,1,202.7945
37,8,0.1907,6.38,2.2342,0.935,tomato,88,1,140.0197
49,7,0.2709,5.19,1.6184,0.215,rice,150,1,116.336
26,5,0.1369,4.28,1.9412,0.708,tomato,78,1,74.6742
21,4,0.6423,6.01,4.1023,0.538,wheat,109,1,313.528
17,3,0.0405,1.63,1.2908,0.735,wheat,142,0,49.6385
46,7,0.3296,11.06,3.729,0.657,tomato,109,1,223.9747
50,10,0.4104,0.78,0.3778,0.906,tomato,109,0,546.5456
43,7,0.3946,6.97,3.831,0.207,tomato,109,0,160.1804
34,5,0.1907,8.87,3.9622,0.447,soy,94,0,79.6066
37,10,0.2165,9.9,2.0145,0.988,tomato,128,0,423.4398
29,6,0.5567,5.04,3.6152,0.305,corn,118,0,276.4819
28,4,0.41,5.66,4.5765,0.258,tomato,119,0,195.5418
38,10,0.0417,7.92,4.0056,0.77,soy,140,0,44.7479
42,9,0.2671,3.75,1.9583,0.811,tomato,88,1,179.1775
50,9,0.1991,5.06,2.4262,0.721,rice,145,1,239.8597
29,5,0.6059,6.35,3.899,0.81,soy,87,1,285.8853
30,5,0.1462,2.08,1.47,0.74,corn,138,0,198.5438
27,7,0.5567,6.81,4.0214,0.265,soy,109,0,194.784
30,6,0.2356,3.17,1.6471,0.667,soy,89,1,88.3982
47,7,0.3929,14.42,4.0319,0.81,corn,140,0,614.9377
18,3,0.2911,2.39,0.4431,0.886,wheat,149,1,293.7572
23,6,0.4924,3.29,0.2315,0.359,wheat,95,1,140.3264
20,4,0.5415,5.68,4.9884,0.258,wheat,144,0,246.5552
33,7,0.41,8.52,4.3486,0.814,soy,132,0,435.0277
29,5,0.1462,9.42,4.4154,0.368,corn,133,0,107.3535
32,7,0.1991,7.96,4.7569,0.177,tomato,125,0,76.4243
24,4,0.5252,3.86,2.1972,0.851,wheat,108,0,522.3133
26,6,0.0598,1.98,1.4413,0.58,soy,125,1,29.5002
37,7,0.2911,1.07,0.6588,0.428,tomato,114,1,137.41
41,10,0.7058,5.04,2.511,0.16,tomato,107,0,238.7121
32,6,0.7153,3.29,1.108,0.18,tomato,121,0,292.5628
33,5,0.5779,10.0,4.6784,0.824,soy,134,0,591.3935
24,6,0.2682,1.71,0.03,0.566,tomato,119,0,256.9318
26,6,0.0598,7.75,0.7246,0.277,soy,117,1,13.7411
36,6,0.352,4.28,1.2399,0.455,tomato,129,1,196.2065
32,6,0.1617,5.73,1.0028,0.291,corn,133,1,58.9929
22,4,0.0417,15.14,1.1366,0.246,corn,138,0,21.5093
29,5,0.4626,9.8,3.2837,0.385,corn,111,0,282.1827
24,4,0.1654,9.09,1.6443,0.617,corn,119,1,110.2433
23,4,0.1681,4.25,3.079,0.329,corn,155,1,75.9774
14,4,0.7054,3.01,4.4524,0.442,wheat,120,1,317.2946
50,8,0.6884,7.3,3.0168,0.556,rice,138,0,837.5545
31,7,0.2684,4.65,3.4757,0.507,tomato,120,1,144.8953
43,10,0.0963,3.56,1.8339,0.259,tomato,93,0,45.7504
48,10,0.4773,1.65,0.8071,0.183,rice,124,0,263.8502
39,8,0.3629,2.59,1.6097,0.18,soy,85,1,49.49
28,7,0.4197,11.35,4.8218,0.448,tomato,87,0,251.6979
21,3,0.1334,11.4,3.1128,0.761,corn,131,1,115.4312
21,6,0.4238,4.01,1.3948,0.262,wheat,134,0,200.8793
23,5,0.2171,4.3,2.2601,0.819,soy,103,0,170.2841
20,4,0.6423,5.14,4.1792,0.758,soy,109,0,535.6763
23,4,0.4546,12.27,3.3455,0.153,wheat,103,1,67.0079
31,6,0.5567,4.56,2.8077,0.173,soy,130,1,109.6964
50,8,0.312,12.92,4.427,0.316,corn,132,0,225.3831
33,9,0.1419,5.26,3.3655,0.198,tomato,83,0,44.9266
39,6,0.5779,5.87,3.2172,0.602,tomato,109,0,512.4969
35,5,0.1853,4.45,0.9569,0.184,wheat,110,0,57.656
24,5,0.1419,4.16,0.5409,0.832,wheat,142,1,118.8141
50,9,0.7153,10.25,4.8261,0.569,rice,125,0,916.4892
40,10,0.6701,7.62,2.9983,0.769,tomato,123,0,919.4312
42,6,0.1034,6.13,2.0843,0.788,rice,149,0,195.0685
33,5,0.3296,4.55,2.9492,0.581,soy,92,0,184.0852
14,3,0.6701,6.58,0.3184,0.937,wheat,136,1,627.4655
22,4,0.0417,5.42,4.1124,0.992,wheat,133,1,41.3856
26,6,0.4671,2.22,1.0911,0.455,soy,110,0,234.0098
32,8,0.4834,6.34,4.0247,0.257,soy,93,1,90.2491
19,4,0.4104,3.16,2.6765,0.459,wheat,119,0,254.1688
46,8,0.2909,2.76,1.3901,0.34,tomato,109,1,112.8254
29,5,0.1709,3.68,0.1607,0.601,tomato,82,1,76.9001
26,4,0.1369,11.77,4.081,0.472,wheat,110,0,91.9262
41,9,0.1991,6.88,0.8905,0.558,tomato,114,1,123.1048
19,3,0.1061,1.36,0.2685,0.799,wheat,123,0,104.7782
21,4,0.1907,6.43,3.7818,0.383,wheat,150,1,91.5529
39,7,0.3629,3.85,1.7567,0.607,rice,122,0,467.2215
30,5,0.3556,2.81,1.9528,0.435,corn,147,0,315.8587
20,3,0.2356,2.17,1.2429,0.817,wheat,115,1,158.2552
47,8,0.2165,9.49,4.2973,0.694,rice,122,0,297.386
26,7,0.3624,2.09,1.4937,0.157,corn,158,0,177.9404
31,8,0.3256,2.61,1.0589,0.711,wheat,128,0,357.7314
17,4,0.4924,2.59,1.5532,0.295,wheat,122,0,199.3453
40,7,0.5145,2.42,1.0237,0.766,soy,101,1,265.2845
25,5,0.312,1.78,1.5951,0.632,soy,134,1,181.1475
31,7,0.1697,1.17,0.4239,0.491,wheat,91,1,61.5762
20,4,0.1991,5.79,0.8011,0.74,wheat,97,0,155.9056
42,6,0.1369,5.66,2.0911,0.878,tomato,85,0,135.6248
41,9,0.3925,8.37,4.3985,0.812,rice,146,0,749.3844
46,10,0.1935,1.3,0.2959,0.614,corn,106,0,196.9589
31,6,0.4117,3.92,1.0712,0.764,soy,129,1,261.484
37,8,0.3556,7.43,4.5426,0.502,tomato,85,0,210.3388
33,5,0.6884,6.66,4.4512,0.821,soy,122,0,689.2045
25,4,0.3296,7.91,3.4005,0.855,wheat,138,1,289.3216
28,5,0.4773,2.82,1.21,0.267,tomato,124,0,240.7025
25,5,0.1744,2.59,2.1049,0.352,tomato,91,0,79.0404
44,8,0.5145,2.0,1.064,0.379,rice,114,1,253.7616
32,8,0.4773,9.27,0.6517,0.291,corn,146,0,340.9224
50,10,0.255,3.93,1.9062,0.484,corn,127,1,156.1274
32,8,0.2536,5.61,2.8833,0.314,soy,138,1,84.7243
40,10,0.1334,5.51,1.8061,0.656,tomato,85,0,112.829
39,10,0.4104,6.85,3.058,0.236,tomato,107,0,195.8087
29,5,0.0963,2.95,1.4883,0.379,tomato,81,0,42.7678
21,6,0.5145,6.11,1.7358,0.716,wheat,119,1,330.4707
24,4,0.0533,9.03,3.9555,0.489,tomato,75,0,29.2213
16,4,0.3556,4.13,4.3928,0.508,wheat,135,1,198.2036
23,5,0.041,3.23,1.617,0.828,wheat,126,0,46.1528
32,5,0.4197,5.49,2.8619,0.987,tomato,80,0,449.0091
29,5,0.5779,4.34,1.398,0.63,wheat,120,0,534.1487
30,5,0.0387,0.87,0.2761,0.217,tomato,98,0,14.6057
48,8,0.1697,7.46,3.6919,0.237,rice,147,0,133.409
32,8,0.0598,2.43,0.8633,0.973,soy,112,0,62.2745
40,10,0.4924,3.78,2.1343,0.727,tomato,100,1,366.0793
33,6,0.6059,4.82,2.4404,0.79,corn,150,0,967.7129
32,5,0.2856,4.99,0.9305,0.724,wheat,121,1,199.0309
32,8,0.7227,2.09,0.4818,0.303,tomato,120,0,449.7148
31,8,0.2856,4.03,1.7466,0.531,tomato,124,1,171.2984
34,5,0.17,8.8,4.7619,0.828,wheat,141,0,235.2831
26,4,0.3296,6.49,3.0795,0.886,wheat,148,1,334.8314
33,9,0.2536,4.59,1.9132,0.352,soy,124,0,127.8579
49,10,0.3364,1.71,0.2042,0.657,rice,141,0,539.9965
26,5,0.3844,4.47,3.0054,0.284,corn,132,0,195.9932
24,6,0.0963,0.95,0.4704,0.965,soy,96,0,90.0496
28,6,0.0414,4.42,2.7173,0.364,wheat,140,0,27.0387
42,9,0.2911,9.84,3.7622,0.768,rice,148,0,536.1
25,5,0.3629,3.36,2.1237,0.346,soy,133,1,113.0718
36,8,0.4626,3.25,1.5041,0.674,wheat,132,0,503.3696
35,7,0.1853,2.22,0.2464,0.71,tomato,101,0,184.9201
35,7,0.4834,0.61,0.1336,0.429,tomato,91,1,186.4113
38,6,0.1061,3.58,2.1558,0.846,tomato,130,1,96.6942
42,10,0.4626,10.57,4.4179,0.903,tomato,116,0,747.4919
36,9,0.0599,2.59,1.2279,0.877,tomato,123,0,92.6528
37,10,0.1709,5.06,2.8745,0.431,tomato,107,0,119.2754
40,6,0.4626,10.28,3.4247,0.783,tomato,103,0,460.6795
32,5,0.41,5.85,0.3135,0.626,tomato,76,0,289.439
33,6,0.1697,2.63,0.774,0.654,corn,104,1,105.2265
22,6,0.3309,3.74,1.6631,0.556,soy,124,1,152.6443
31,5,0.3844,11.88,3.3538,0.66,tomato,87,0,323.6732
47,10,0.3844,5.41,2.2008,0.265,rice,114,0,255.7473
44,7,0.2911,11.11,3.6736,0.498,tomato,118,0,258.8313
31,7,0.3364,8.5,4.3393,0.301,tomato,109,0,175.6206
40,6,0.2911,12.99,3.7943,0.388,tomato,81,0,136.378
35,5,0.2682,7.73,4.9613,0.259,tomato,102,1,74.3059
41,10,0.5567,10.05,3.7743,0.331,tomato,101,0,338.7248
47,8,0.3429,8.64,4.2624,0.815,rice,110,1,332.8662
26,6,0.5538,8.13,4.1635,0.617,tomato,108,0,565.8343
26,6,0.2911,4.78,3.654,0.17,corn,124,0,106.1341
40,8,0.2536,6.74,4.011,0.82,tomato,124,0,375.8182
41,7,0.7227,11.84,4.6741,0.923,tomato,81,1,552.3928
28,6,0.4773,2.87,2.3813,0.898,soy,132,0,601.653
50,9,0.1061,10.76,3.1951,0.85,rice,110,0,181.1972
32,6,0.0785,3.88,2.5795,0.993,tomato,117,0,120.9009
33,5,0.4546,7.65,4.2567,0.648,soy,128,1,271.2593
40,6,0.2356,3.64,2.1625,0.968,tomato,97,1,198.4603
19,5,0.3838,3.38,4.1004,0.957,soy,100,0,351.1207
33,5,0.0591,6.1,3.9988,0.416,corn,108,0,33.3672
25,7,0.3946,5.96,4.8098,0.884,tomato,94,0,466.6748
26,5,0.0785,1.77,1.2521,0.824,wheat,130,0,91.4972
27,6,0.3629,4.22,3.551,0.809,soy,125,1,240.7863
28,5,0.5415,4.71,3.787,0.912,tomato,85,0,542.8582
41,7,0.4626,9.4,4.682,0.477,tomato,75,1,176.3991
48,7,0.4104,9.1,4.5354,0.49,corn,134,1,259.6052
48,10,0.0591,11.07,2.8719,0.694,rice,142,1,73.4717
35,5,0.2709,9.7,2.9,0.777,wheat,149,0,344.9872
44,9,0.4546,1.68,0.8448,0.898,tomato,117,1,479.2456
28,7,0.352,8.38,4.8751,0.894,tomato,105,0,421.117
25,5,0.0384,3.89,1.2825,0.763,tomato,108,0,44.345
13,3,0.41,3.75,3.6264,0.963,wheat,129,1,357.5296
33,6,0.1419,6.05,3.981,0.302,soy,110,0,51.4058
39,6,0.5779,5.37,2.2117,0.958,tomato,112,0,837.4035
26,7,0.2467,5.42,1.0639,0.205,wheat,101,0,70.9665
38,8,0.4626,2.26,0.9529,0.622,tomato,121,0,479.898
33,5,0.3629,9.32,4.2839,0.227,corn,152,1,123.3765
22,5,0.1034,3.71,2.5587,0.633,wheat,116,1,58.0167
36,9,0.0405,5.63,0.4598,0.482,corn,127,1,25.2317
35,5,0.7054,7.31,3.5879,0.219,soy,112,0,202.9729
47,10,0.4238,6.31,1.2584,0.701,rice,155,0,847.3331
33,5,0.0353,12.7,4.3832,0.772,soy,94,0,23.3487
23,4,0.3519,2.73,1.5548,0.298,soy,104,0,112.2468
32,5,0.2565,3.84,1.0094,0.74,wheat,127,1,188.4036
32,6,0.1061,8.46,0.4334,0.302,corn,142,1,45.3601
29,5,0.0785,15.46,2.5625,0.267,soy,101,1,14.6097
33,5,0.5252,4.92,2.2592,0.275,tomato,81,1,124.1172
34,7,0.5779,11.65,3.759,0.659,soy,113,0,428.0859
25,7,0.0785,3.42,2.3284,0.812,soy,120,1,47.7209
37,8,0.7054,3.78,1.7256,0.657,rice,152,1,799.6302
32,6,0.352,7.91,1.3157,0.838,tomato,75,1,200.8067
19,4,0.1935,3.31,1.398,0.653,wheat,91,0,128.7765
32,8,0.7058,10.1,4.64,0.828,wheat,113,1,495.6603
35,6,0.6701,2.23,0.8337,0.98,tomato,106,0,910.7053
35,9,0.0591,10.78,4.941,0.482,tomato,75,1,21.0259
42,7,0.2165,7.13,1.6413,0.277,tomato,84,1,57.1962
26,5,0.3946,1.59,0.4511,0.265,corn,125,1,128.2933
35,6,0.3946,3.41,1.251,0.658,tomato,90,0,348.9062
38,8,0.0598,1.38,0.3015,0.615,rice,149,0,96.5716
15,3,0.7091,7.32,3.9522,0.307,wheat,92,1,150.642
23,4,0.0591,5.13,2.5676,0.9,soy,134,1,40.9035
33,6,0.3256,2.71,1.6916,0.963,soy,94,1,178.9746
34,5,0.1654,11.61,3.3136,0.365,soy,109,0,67.4623
27,6,0.1334,5.89,3.1569,0.326,corn,160,1,64.4804
27,6,0.2467,6.35,4.7,0.332,tomato,112,1,96.4184
20,4,0.3844,6.17,4.8067,0.479,soy,140,0,270.2921
37,7,0.3629,5.74,3.4066,0.875,tomato,76,0,377.1796
33,9,0.5567,6.41,4.0909,0.657,tomato,115,1,388.3064
39,8,0.2536,10.74,3.9642,0.207,tomato,79,0,81.8889
31,8,0.1853,3.98,2.4616,0.552,tomato,109,1,116.4519
25,5,0.7054,12.42,3.5252,0.227,soy,103,0,185.1983
35,5,0.2684,1.18,0.4005,0.495,tomato,118,0,231.619
33,5,0.7134,10.19,3.7925,0.493,rice,116,0,730.0241
41,9,0.1681,13.23,4.8095,0.701,tomato,125,1,140.4401
22,6,0.2684,3.26,0.434,0.617,wheat,119,1,150.9804
33,9,0.1034,6.27,4.1822,0.894,tomato,104,1,86.4732
39,10,0.3844,8.56,4.6656,0.164,corn,134,1,97.8101
37,6,0.4924,3.41,1.1387,0.808,soy,86,0,340.9836
30,5,0.0423,6.67,2.6288,0.169,tomato,92,1,7.0914
21,4,0.2856,13.05,4.64,0.409,soy,124,0,139.3055
39,10,0.4626,10.3,4.8015,0.898,corn,158,0,927.7519
34,9,0.3844,3.63,0.6481,0.737,tomato,130,0,497.7328
20,3,0.5145,4.96,1.7515,0.296,wheat,122,0,232.5743
49,10,0.7091,8.44,3.4937,0.567,rice,124,1,595.6122
36,9,0.1935,2.23,1.1156,0.764,soy,111,0,165.4766
33,9,0.4238,7.57,1.6306,0.947,soy,110,1,288.0068
28,6,0.352,9.61,0.1262,0.689,soy,107,1,159.0517
13,3,0.5779,4.34,0.7761,0.171,wheat,112,0,146.7824
34,5,0.4197,4.69,2.816,0.575,soy,133,0,326.5123
27,6,0.2536,5.99,3.2689,0.28,soy,106,1,55.7114
28,5,0.2671,6.43,3.2481,0.191,tomato,76,0,66.1734
39,10,0.0405,7.53,3.894,0.659,tomato,115,1,28.9066
36,9,0.1369,5.66,2.0823,0.81,corn,140,0,198.5933
42,10,0.2911,10.67,1.3747,0.181,rice,131,0,172.0892
39,6,0.0785,1.74,0.0877,0.816,tomato,110,0,102.2125
36,6,0.1697,3.31,1.0411,0.75,soy,137,0,169.3982
26,4,0.3296,4.4,1.5688,0.789,soy,136,0,350.1079
48,10,0.7377,3.44,0.8993,0.358,rice,154,0,845.7294
29,8,0.0384,4.5,0.1105,0.485,tomato,107,0,31.8831
30,5,0.1334,2.26,0.7957,0.252,soy,86,1,20.3935
20,5,0.1853,5.16,3.3338,0.353,soy,113,0,72.0001
34,9,0.6884,8.1,3.1516,0.407,rice,155,0,752.1798
50,9,0.7134,10.28,4.6791,0.422,rice,157,0,866.2086
30,5,0.4104,6.69,3.9929,0.299,wheat,137,0,230.7116
32,8,0.1606,5.3,2.8431,0.31,corn,160,0,120.6306
45,9,0.2684,2.69,0.6964,0.916,corn,131,1,278.4947
50,9,0.3946,7.01,2.8247,0.816,tomato,81,0,366.6951
40,8,0.2824,0.99,0.3174,0.443,tomato,102,1,124.6086
42,9,0.0349,6.67,2.1601,0.955,tomato,92,0,43.6646
33,9,0.5415,2.93,1.9574,0.353,tomato,121,0,353.0919
45,9,0.6884,9.26,2.1448,0.496,rice,153,0,993.6747
25,4,0.4834,2.46,1.4063,0.841,wheat,115,1,342.9358
42,7,0.2824,6.8,3.4323,0.526,rice,131,1,246.3637
36,6,0.2709,7.21,4.2063,0.349,tomato,83,0,113.8401
27,7,0.3296,10.27,3.8449,0.463,wheat,92,1,122.9964
26,7,0.1061,4.41,3.1425,0.576,tomato,92,0,87.55
37,7,0.1606,6.11,2.6963,0.678,tomato,88,0,135.1031
28,7,0.7054,0.49,0.1651,0.495,soy,99,1,231.4406
41,7,0.2909,10.68,3.6174,0.517,tomato,130,0,277.6184
28,4,0.3309,8.57,2.7295,0.374,wheat,131,0,187.5224
49,10,0.1369,2.85,1.361,0.605,corn,133,0,160.7229
23,4,0.2467,2.47,1.6459,0.337,soy,95,1,53.253
29,5,0.3519,6.06,4.6787,0.887,soy,132,0,369.3963
44,10,0.5415,15.16,3.1256,0.785,corn,139,1,602.7575
30,5,0.0598,3.57,2.3848,0.499,tomato,103,0,43.6246
40,10,0.7377,8.53,3.1084,0.785,tomato,101,1,559.207
32,5,0.3556,6.66,2.0746,0.156,corn,133,0,120.4784
41,7,0.4834,10.63,2.3562,0.443,tomato,122,1,254.8426
36,9,0.0599,3.31,1.4586,0.524,tomato,115,0,54.0542
25,5,0.2684,2.58,2.2049,0.549,soy,112,0,166.1132
25,7,0.1991,3.74,3.4311,0.786,soy,122,0,190.936
30,5,0.3629,2.58,0.2093,0.968,corn,156,1,486.2354
49,7,0.6701,11.02,3.9772,0.473,tomato,93,0,451.3628
40,6,0.5538,3.62,1.4221,0.448,rice,160,0,714.3108
22,4,0.0423,5.62,3.416,0.669,wheat,127,1,26.8787
31,7,0.2425,6.09,3.2172,0.389,tomato,85,0,124.8977
25,5,0.3925,4.8,3.2666,0.27,wheat,148,0,200.3391
29,6,0.2425,6.45,3.0446,0.967,soy,123,0,296.397
34,5,0.1709,7.03,4.7959,0.838,tomato,96,0,193.2022
27,6,0.7091,3.32,2.5466,0.965,wheat,103,0,804.1537
27,4,0.5278,7.11,3.6643,0.335,soy,136,1,161.3063
33,7,0.2911,15.2,3.5302,0.165,tomato,121,0,108.7727
49,9,0.2824,5.01,1.189,0.522,corn,102,0,221.723
35,9,0.1907,3.49,1.4237,0.944,tomato,110,1,182.5733
16,3,0.0599,5.09,2.1258,0.268,soy,91,0,14.6201
34,9,0.2507,12.78,1.3957,0.25,tomato,91,0,105.1519
35,9,0.3519,3.65,1.84,0.209,corn,134,1,119.3373
38,8,0.2682,4.07,1.9609,0.8,corn,115,0,368.8609
28,6,0.0353,3.5,3.0233,0.818,corn,131,0,49.0159
29,5,0.4546,2.51,1.1073,0.741,tomato,99,1,311.5485
25,5,0.3624,4.4,4.0234,0.195,soy,117,1,56.8046
15,4,0.0785,7.31,2.1933,0.765,wheat,138,1,63.8861
31,7,0.4834,12.2,3.5342,0.531,corn,109,1,238.4977
48,10,0.1744,1.2,0.4164,0.284,rice,154,0,150.1673
13,3,0.0598,11.77,2.3551,0.401,wheat,103,0,29.2835
34,6,0.0598,2.06,0.1508,0.576,rice,111,1,40.508
29,8,0.041,4.09,3.3828,0.43,tomato,99,1,16.8276
19,4,0.3624,8.19,1.7251,0.974,wheat,108,1,272.59
31,6,0.2507,7.27,4.7468,0.554,tomato,85,0,177.0115
24,4,0.0427,6.16,1.6274,0.466,soy,108,1,13.392
27,5,0.0417,4.29,2.8234,0.722,corn,153,0,61.3707
36,6,0.3624,2.6,1.2944,0.703,tomato,107,0,378.974
46,10,0.1654,8.0,3.1044,0.152,rice,150,0,100.3272
32,6,0.0384,3.51,2.3405,0.676,tomato,83,0,31.893
33,9,0.2671,6.22,1.8594,0.357,soy,89,1,57.7902
39,10,0.4834,6.04,1.0264,0.469,rice,128,0,562.5918
31,5,0.5196,1.35,0.5665,0.75,corn,147,1,481.1669
27,6,0.3844,4.14,0.6082,0.624,tomato,124,0,429.2285
31,6,0.3624,9.44,4.9952,0.463,soy,90,0,150.555
25,5,0.2507,10.12,2.0674,0.292,wheat,119,0,113.4653
34,6,0.6884,0.3,0.0196,0.58,corn,124,0,770.7139
41,10,0.2174,8.54,4.7651,0.421,tomato,116,1,112.1054
37,10,0.1034,1.34,0.1097,0.926,tomato,86,0,115.6636
24,6,0.2356,2.63,2.0987,0.604,soy,112,0,159.3744
36,6,0.0349,6.63,3.5902,0.886,tomato,122,0,48.6851
25,7,0.2911,4.93,4.5739,0.482,corn,128,0,274.4164
34,6,0.2565,8.79,3.5673,0.853,soy,128,0,281.2026
33,7,0.0387,6.18,2.3235,0.198,soy,119,1,7.079
35,9,0.4924,8.63,4.8725,0.403,tomato,108,0,324.1567
28,6,0.0414,7.36,0.2062,0.216,wheat,105,0,13.1374
20,5,0.0533,17.09,4.9346,0.177,wheat,150,1,13.4821
39,10,0.0785,8.17,4.2485,0.931,rice,123,1,92.4893
50,10,0.3624,16.52,4.6454,0.759,rice,162,0,811.6932
40,6,0.7058,3.57,1.2813,0.681,tomato,130,1,575.4641
29,5,0.255,5.09,0.7209,0.603,wheat,121,1,135.7982
35,5,0.0533,9.25,3.3199,0.634,soy,133,0,43.881
43,9,0.11,5.67,2.5841,0.693,tomato,115,0,140.3934
50,10,0.3296,8.12,2.6206,0.853,rice,151,1,436.728
41,7,0.1617,9.03,4.6238,0.657,tomato,78,1,75.0998
41,6,0.17,8.9,3.1042,0.786,soy,92,1,83.4725
28,5,0.6884,3.12,1.5622,0.389,corn,104,0,398.247
31,8,0.1697,2.97,2.0063,0.98,corn,101,1,141.0802
19,4,0.7054,5.02,0.6761,0.177,wheat,140,0,245.2408
27,4,0.41,4.75,0.9696,0.479,soy,94,1,126.6015
35,6,0.2671,5.36,0.7253,0.9,tomato,75,1,165.6308
44,7,0.2356,10.62,4.0534,0.303,corn,157,0,169.6388
28,5,0.3629,8.41,3.5273,0.27,wheat,107,0,132.9967
21,6,0.2911,2.91,2.6564,0.461,wheat,139,0,231.1448
27,4,0.4834,5.9,1.8781,0.514,wheat,148,1,262.3964
25,4,0.6059,4.1,3.3458,0.943,soy,114,0,667.5852
30,5,0.6884,7.53,4.0664,0.861,wheat,146,1,701.3584
47,7,0.5252,11.14,4.4074,0.544,rice,164,0,801.6452
22,6,0.0785,3.55,2.7396,0.977,tomato,83,0,89.2553
24,4,0.2709,6.73,4.1012,0.696,soy,93,0,181.3436
22,6,0.3838,6.11,2.5614,0.893,soy,105,1,251.8816
32,5,0.6423,5.08,2.3779,0.359,tomato,106,0,394.3031
29,8,0.0414,5.52,4.3285,0.566,tomato,119,0,37.7787
50,9,0.1419,4.79,1.938,0.175,corn,111,0,52.4031
27,4,0.2467,6.15,1.9856,0.158,corn,111,1,46.0231
34,9,0.0387,3.78,1.5315,0.75,tomato,92,1,24.627
34,9,0.3925,4.9,2.5983,0.251,corn,116,0,211.1241
18,3,0.4626,8.22,2.7288,0.616,wheat,147,0,515.8233
47,10,0.0349,7.81,3.3057,0.742,rice,132,0,56.6256
25,5,0.2709,11.31,2.1582,0.177,soy,133,0,75.7288
32,5,0.2671,4.51,1.097,0.531,corn,103,1,125.3852
26,5,0.0414,10.03,4.3355,0.732,wheat,96,0,33.4427
26,6,0.312,3.35,1.7365,0.906,wheat,139,0,448.3478
49,10,0.5538,13.91,4.6155,0.404,rice,123,1,358.091
31,6,0.255,2.19,1.0447,0.978,soy,89,0,207.4043
29,5,0.5252,4.34,2.8047,0.868,wheat,126,0,573.0281
27,5,0.4671,6.42,2.6877,0.703,soy,93,0,277.6793
29,8,0.5415,5.31,4.145,0.483,wheat,93,0,291.1011
22,4,0.3429,1.83,0.7029,0.754,wheat,114,1,211.5547
46,8,0.0353,11.63,4.5506,0.844,rice,140,0,70.1779
36,6,0.0349,11.38,2.6618,0.408,tomato,104,0,21.1163
35,9,0.5278,4.97,2.9347,0.994,soy,117,0,578.3739
34,6,0.2536,8.37,2.5557,0.922,tomato,76,1,152.8472
31,6,0.2824,2.14,0.1898,0.563,tomato,91,0,197.1389
28,7,0.4104,14.4,2.4905,0.764,tomato,94,0,406.8054
35,5,0.3429,7.65,1.3251,0.595,soy,101,0,201.0441
27,5,0.2911,4.16,1.72,0.797,soy,116,0,272.7857
31,7,0.4626,8.22,3.249,0.853,soy,97,0,362.7035
28,5,0.2671,2.98,2.4935,0.17,wheat,128,0,81.2502
34,6,0.5252,5.82,0.4752,0.217,soy,137,1,117.8558
22,4,0.3925,1.28,0.3745,0.436,wheat,130,0,274.6495
30,6,0.3556,4.99,0.9364,0.93,wheat,113,1,278.1784
35,5,0.2174,3.65,0.9625,0.489,soy,109,0,124.8934
20,3,0.0353,3.62,3.0454,0.904,soy,117,0,33.4647
15,4,0.1697,7.39,0.8973,0.543,wheat,134,0,143.1123
28,5,0.0414,5.15,4.4098,0.396,corn,118,0,26.5578
50,10,0.7134,3.61,1.0567,0.916,tomato,77,1,443.8617
34,7,0.11,1.71,0.4647,0.627,soy,124,1,56.8127
50,8,0.352,9.76,4.38,0.456,rice,147,1,300.9671
26,7,0.4197,3.98,1.4837,0.188,soy,90,0,86.0735
28,6,0.2824,4.85,2.1329,0.244,soy,120,1,61.7082
27,7,0.041,7.43,4.7955,0.268,wheat,94,0,13.2295
25,5,0.0963,7.73,4.7224,0.46,tomato,111,0,65.9184
17,4,0.2165,3.35,3.5774,0.666,wheat,135,0,214.5464
36,6,0.2709,8.65,0.354,0.411,tomato,75,0,122.8143
24,4,0.6701,3.1,2.9708,0.206,tomato,115,1,158.9074
50,9,0.0423,16.96,4.9455,0.375,tomato,81,1,13.5175
28,5,0.5538,5.65,4.7351,0.497,corn,116,0,403.6364
28,7,0.2467,1.72,0.539,0.993,wheat,132,0,362.6919
35,9,0.5538,4.59,1.9859,0.484,tomato,94,1,258.9855
44,7,0.4546,3.44,1.5845,0.226,rice,164,1,207.0557
28,4,0.1853,2.27,0.6573,0.644,soy,138,1,103.3066
17,3,0.041,3.79,3.477,0.932,soy,140,0,51.6143
23,5,0.1617,4.47,1.3765,0.819,tomato,80,0,140.3881
42,10,0.1617,4.22,1.7309,0.861,tomato,84,1,112.2115
29,5,0.3946,2.16,0.4609,0.939,soy,95,0,315.8626
50,8,0.0785,6.14,2.4949,0.691,tomato,107,1,57.6235
28,7,0.5145,12.22,0.7993,0.996,soy,109,1,364.151
35,6,0.0423,3.77,2.1661,0.178,tomato,116,1,10.0963
32,6,0.6701,2.56,0.7253,0.86,tomato,90,0,763.0157
33,7,0.6884,8.97,4.7697,0.878,tomato,86,1,467.0034
50,8,0.7054,2.7,0.7335,0.929,tomato,111,1,650.1019
17,5,0.3256,1.9,2.6142,0.556,wheat,127,0,289.3542
24,5,0.1654,3.16,0.9929,0.82,soy,123,0,177.9614
34,9,0.1334,2.13,0.391,0.316,tomato,92,0,62.5538
24,4,0.6701,1.05,1.0195,0.663,corn,132,0,771.9057
31,6,0.3429,2.5,0.2833,0.455,tomato,126,1,198.7277
29,5,0.0349,1.62,0.7056,0.657,soy,119,1,17.5623
28,5,0.1681,6.16,2.4725,0.724,tomato,127,0,221.7154
19,5,0.1654,2.67,3.2626,0.445,soy,109,0,85.2812
37,8,0.5779,2.11,0.4458,0.334,rice,112,0,397.1999
20,5,0.4197,2.64,2.2107,0.423,soy,127,0,236.996
29,5,0.3629,3.63,2.9104,0.714,soy,110,0,281.5307
24,4,0.2356,6.58,1.1788,0.725,soy,87,1,88.3615
35,5,0.1369,4.3,1.8667,0.78,tomato,82,1,75.2186
41,9,0.4394,1.77,0.3685,0.258,tomato,92,1,115.9167
17,4,0.3309,4.7,1.1085,0.846,soy,95,1,174.2172
40,10,0.7153,5.38,2.3391,0.735,rice,148,0,1405.4471
14,3,0.4117,5.54,4.9523,0.176,wheat,127,1,79.1556
27,6,0.0384,7.13,4.9814,0.435,soy,103,0,18.489
34,5,0.1907,8.26,4.8983,0.547,tomato,79,0,120.2844
42,6,0.0427,6.43,2.1212,0.457,corn,104,0,29.3747
14,4,0.2467,0.32,0.4126,0.25,wheat,147,0,115.983
35,7,0.0533,3.9,1.6246,0.326,tomato,94,0,26.5869
41,7,0.5278,9.97,1.1962,0.171,rice,116,0,213.2751
26,6,0.0349,0.44,0.0805,0.229,soy,124,0,11.1086
42,10,0.2174,5.24,0.4852,0.376,rice,158,1,153.5106
35,5,0.0427,3.96,2.2714,0.847,corn,107,0,54.1446
25,5,0.0427,7.06,1.7049,0.598,wheat,147,0,47.8468
44,8,0.0963,2.08,0.91,0.511,rice,150,1,75.5265
50,10,0.1369,8.6,3.5833,0.713,rice,124,0,226.8411
28,4,0.3296,4.3,1.792,0.61,soy,128,0,254.9273
27,7,0.41,14.66,4.2608,0.262,tomato,98,1,118.9817
17,4,0.0599,1.59,1.2125,0.339,wheat,128,0,32.3052
40,6,0.3838,8.05,2.6966,0.339,rice,117,0,295.794
26,4,0.2909,2.16,0.9289,0.66,tomato,88,0,236.1215
33,7,0.1744,7.46,2.4816,0.542,tomato,118,0,153.043
24,4,0.6059,3.41,0.7708,0.479,soy,130,1,244.4565
29,8,0.0598,1.19,0.8163,0.623,wheat,90,0,41.9618
33,9,0.5285,6.13,3.065,0.975,soy,97,1,322.7289
15,3,0.0785,1.21,1.3263,0.417,wheat,127,1,32.4576
29,5,0.4394,1.9,0.8701,0.592,wheat,145,1,288.145
40,7,0.0349,9.8,4.6495,0.558,tomato,112,0,31.1926
47,10,0.4197,0.97,0.2246,0.759,corn,143,0,608.8739
22,5,0.1991,9.36,2.8301,0.771,wheat,113,1,127.5363
37,10,0.2682,5.68,2.7458,0.77,tomato,78,1,155.1793
33,7,0.17,3.62,1.2605,0.321,soy,127,0,70.5344
41,10,0.041,5.83,2.2693,0.532,tomato,119,0,38.6202
46,10,0.7227,2.1,0.4478,0.839,tomato,99,1,511.8155
21,4,0.4238,4.23,3.6091,0.474,soy,113,0,220.2405
48,10,0.7377,4.72,1.1163,0.987,rice,123,0,1588.3696
34,9,0.3629,6.35,0.975,0.46,tomato,100,1,158.7285
27,5,0.3925,5.24,1.5812,0.573,wheat,104,0,286.1101
33,7,0.1709,6.65,4.5128,0.553,rice,133,0,246.0555
38,8,0.4197,11.82,3.9844,0.519,tomato,82,1,187.8134
30,8,0.0599,8.96,4.735,0.869,tomato,108,1,52.1864
42,10,0.3929,11.08,3.2633,0.282,corn,115,0,225.857
25,5,0.1935,4.49,3.318,0.633,tomato,115,1,119.8461
28,5,0.0349,8.34,2.4054,0.676,tomato,103,0,31.3658
37,8,0.0384,7.48,4.5269,0.874,wheat,144,0,57.3316
26,5,0.041,6.8,2.5593,0.668,soy,97,1,17.4816
25,5,0.0591,3.38,1.7817,0.966,tomato,90,0,74.0693
41,9,0.5415,5.43,3.2055,0.891,tomato,88,0,591.0762
25,5,0.0405,9.53,2.7352,0.446,wheat,128,1,18.3502
40,8,0.5567,6.75,0.6289,0.881,tomato,80,0,562.0383
25,7,0.2425,2.62,1.9697,0.965,tomato,113,0,365.4932
29,5,0.3296,2.8,1.5735,0.369,corn,149,1,167.27
12,2,0.4394,5.7,4.2357,0.669,wheat,131,0,411.4401
41,9,0.1681,6.78,1.9004,0.39,soy,92,1,45.308
36,8,0.3309,9.37,4.1096,0.702,corn,130,0,423.9826
27,6,0.2507,2.65,2.2175,0.23,corn,132,0,117.6158
31,6,0.1419,5.38,3.77,0.774,corn,123,1,122.0578
22,4,0.7058,0.95,0.6851,0.507,corn,128,0,648.7709
37,10,0.1709,8.83,4.624,0.649,corn,146,1,156.3711
27,6,0.0598,2.74,2.408,0.172,tomato,121,1,13.5515
34,9,0.041,2.16,1.3064,0.741,corn,118,1,32.7023
29,6,0.2671,3.68,1.215,0.572,soy,103,0,153.1454
23,6,0.4924,1.66,1.3327,0.681,wheat,102,0,404.5494
30,6,0.7134,5.49,1.84,0.418,tomato,97,1,268.1237
25,5,0.4773,3.98,3.5904,0.274,tomato,105,0,226.0347
28,6,0.6701,11.49,4.7485,0.52,corn,143,1,469.2542
24,5,0.2824,3.96,3.3485,0.952,wheat,106,1,223.3311
31,5,0.4671,4.24,2.7404,0.344,tomato,87,0,221.2888
33,5,0.2911,3.07,2.2485,0.724,tomato,76,0,220.5025
35,9,0.3309,9.41,4.1427,0.192,tomato,80,1,62.0961
27,6,0.3946,6.29,4.2498,0.76,tomato,77,0,352.3029
36,6,0.0598,13.26,1.4723,0.353,soy,96,0,21.9249
41,7,0.0785,8.38,4.7676,0.534,tomato,113,0,65.4816
29,8,0.1606,7.17,1.9816,0.463,wheat,137,1,88.328
35,6,0.1334,6.28,4.0024,0.246,tomato,129,0,69.9685
28,7,0.3296,8.02,4.8344,0.444,wheat,123,0,243.1146
24,6,0.1334,4.43,3.5213,0.448,wheat,117,1,56.5125
16,3,0.3946,2.24,0.8161,0.594,wheat,144,1,249.5654
47,8,0.5278,6.04,2.9348,0.976,rice,118,1,700.458
30,5,0.3364,3.41,0.6027,0.55,tomato,110,0,267.7003
26,6,0.3844,5.55,3.9478,0.927,corn,149,1,444.146
40,6,0.4117,2.34,1.4138,0.542,corn,130,1,251.4291
48,10,0.2824,7.71,3.4791,0.241,tomato,89,1,65.3327
34,6,0.4394,6.38,4.5513,0.346,tomato,109,0,266.4485
30,8,0.2709,1.56,0.9132,0.496,soy,140,0,195.3835
33,9,0.1907,7.01,1.9704,0.427,tomato,88,0,117.9194
45,7,0.1744,7.02,3.2391,0.886,rice,141,0,365.2834
30,5,0.3256,5.91,2.1041,0.727,corn,103,0,335.6189
30,5,0.2565,4.72,0.8823,0.642,corn,114,1,160.7869
28,6,0.4546,0.24,0.1551,0.568,wheat,136,0,404.9848
32,8,0.3946,9.59,2.0389,0.488,soy,112,1,151.1826
24,4,0.1654,4.43,3.2496,0.67,wheat,102,0,136.0418
28,5,0.0387,7.23,2.8742,0.256,soy,103,1,7.3673
32,8,0.4117,2.25,0.7896,0.288,tomato,81,0,154.302
41,6,0.0427,4.88,2.259,0.408,corn,147,1,22.6643
20,3,0.4924,5.1,1.8537,0.296,wheat,147,0,260.4786
21,5,0.4394,7.78,1.3783,0.726,wheat,96,1,224.0723
30,5,0.2909,6.52,3.6491,0.171,wheat,104,0,73.5837
28,4,0.0598,1.85,1.5552,0.286,tomato,122,0,30.9232
33,6,0.41,5.38,2.7053,0.917,wheat,143,1,395.1249
34,6,0.2909,7.31,4.6169,0.998,tomato,117,0,475.863
33,7,0.2909,5.6,2.701,0.564,tomato,115,1,184.6806
29,5,0.3296,5.0,3.0889,0.571,corn,152,0,427.5666
38,6,0.1709,1.24,0.3755,0.807,corn,122,0,234.6108
22,4,0.6884,0.93,0.8989,0.181,soy,135,0,206.3128
27,5,0.2856,0.62,0.5137,0.513,soy,134,0,190.912
34,9,0.5196,8.38,3.8264,0.235,tomato,87,0,176.2998
26,6,0.7091,5.59,4.1812,0.491,corn,104,0,506.5892
22,5,0.3844,7.51,0.9404,0.986,soy,114,1,283.1932
37,6,0.7227,9.73,1.1042,0.791,soy,127,1,486.1014
27,5,0.0599,5.07,1.6228,0.987,tomato,122,0,104.5901
32,6,0.3364,6.06,2.9595,0.784,soy,92,0,210.4961
40,10,0.3556,5.9,3.1128,0.667,tomato,96,0,361.9096
42,6,0.6423,7.39,3.4369,0.791,tomato,117,1,552.9448
49,10,0.4104,11.16,4.5269,0.71,rice,113,0,528.1538
29,8,0.7153,7.14,1.4823,0.544,corn,144,1,538.9253
27,4,0.2911,6.2,3.2972,0.399,wheat,107,0,150.6432
34,9,0.2356,4.64,2.803,0.592,tomato,76,1,105.1159
28,7,0.3929,3.02,1.5361,0.37,tomato,88,1,135.1149
24,6,0.4394,12.64,4.538,0.564,tomato,116,0,422.8052
31,7,0.1681,1.24,0.4865,0.274,wheat,143,0,83.3577
30,8,0.1617,7.85,3.5629,0.631,soy,89,0,93.4953
38,6,0.4104,6.13,3.6421,0.358,tomato,100,0,207.5486
24,4,0.7153,5.01,4.5775,0.4,soy,96,0,289.0006
28,6,0.5278,8.69,2.5977,0.574,soy,123,1,264.1755
40,10,0.3624,4.18,1.6149,0.288,tomato,118,0,203.0649
24,5,0.5196,5.74,4.1404,0.968,tomato,128,0,850.4888
31,8,0.1709,5.92,3.8563,0.53,tomato,94,0,121.7653
23,4,0.2467,3.56,2.5066,0.449,wheat,108,0,138.4987
21,5,0.5415,4.79,3.8416,0.175,soy,102,1,76.3144
26,6,0.2709,2.08,1.3467,0.867,wheat,136,0,361.5465
38,10,0.7054,5.16,2.9516,0.682,soy,109,0,571.4555
41,10,0.1681,11.16,4.3273,0.504,rice,111,0,180.5153
30,8,0.4924,2.96,1.5967,0.359,tomato,128,1,246.7243
38,10,0.1536,5.35,2.4229,0.783,corn,106,1,109.8283
27,5,0.0353,13.25,4.7557,0.954,soy,136,0,47.4801
23,4,0.0387,3.86,3.9931,0.474,tomato,84,1,15.2167
37,6,0.5252,7.54,4.4363,0.265,wheat,122,1,160.6138
20,4,0.2165,3.41,1.9324,0.243,corn,119,1,58.9201
30,5,0.1606,11.28,4.9826,0.155,soy,123,0,36.7351
50,9,0.0427,5.49,0.7713,0.782,rice,132,1,46.3373
28,7,0.0349,8.37,2.5987,0.984,corn,122,0,52.7986
27,7,0.4104,3.48,2.4016,0.994,wheat,119,0,562.332
33,6,0.1536,7.39,3.9942,0.817,tomato,129,0,236.0992
39,8,0.2682,13.79,4.544,0.288,rice,123,0,198.3859
37,10,0.2536,10.12,3.6584,0.981,tomato,87,0,302.1506
34,5,0.0599,6.13,3.1378,0.429,tomato,78,0,29.3414
21,4,0.0423,2.08,2.1429,0.434,wheat,135,1,19.0302
40,7,0.2856,6.4,2.5565,0.734,corn,141,1,255.0551
41,6,0.1681,4.35,2.5514,0.192,rice,144,0,98.4167
31,5,0.1061,4.31,0.1116,0.852,soy,86,0,77.3381
30,5,0.5278,9.84,2.5202,0.998,corn,148,1,668.9115
26,6,0.0598,8.0,4.2813,0.809,wheat,139,0,79.6464
44,7,0.0598,7.22,3.5493,0.814,corn,157,0,107.1425
23,4,0.7054,5.42,3.9806,0.482,corn,156,1,481.1768
48,8,0.0414,5.68,1.9585,0.206,corn,116,0,16.7962
21,3,0.1419,3.37,2.6496,0.824,soy,124,0,144.8288
45,10,0.11,5.47,0.1771,0.658,rice,132,1,110.1348
24,5,0.2507,2.97,1.9212,0.923,wheat,126,1,211.6801
22,6,0.1709,6.99,2.3773,0.249,soy,103,0,50.7199
26,6,0.1853,3.36,1.2835,0.409,corn,140,1,100.4338
29,6,0.0598,0.53,0.1659,0.457,soy,138,1,26.9889
30,5,0.041,9.7,3.4551,0.731,soy,121,0,33.9632
50,8,0.0384,6.22,2.1811,0.82,corn,156,1,46.8631
35,7,0.5538,3.26,2.0842,0.967,tomato,127,0,950.2071
29,6,0.0963,6.93,1.2574,0.401,wheat,97,0,45.6696
31,6,0.1462,7.18,2.6938,0.57,tomato,129,0,150.9048
20,3,0.5538,2.62,2.1958,0.175,wheat,139,0,164.7296
38,6,0.1369,5.08,2.3752,0.365,tomato,98,0,68.5162
23,6,0.6701,9.01,2.9085,0.468,corn,136,1,403.0314
35,9,0.2536,1.1,0.0416,0.655,tomato,109,0,293.9771
34,6,0.5278,8.49,4.5394,0.55,corn,147,1,354.2804
33,7,0.0349,4.48,0.3647,0.46,tomato,119,0,27.3655
40,10,0.255,4.85,2.2601,0.68,tomato,80,1,139.5453
43,10,0.0423,6.79,1.0448,0.854,rice,110,0,67.2978
32,7,0.2165,6.47,2.6237,0.355,soy,98,0,86.9394
25,5,0.2356,3.46,1.4083,0.441,wheat,122,1,99.2033
27,5,0.3364,6.51,4.3014,0.749,tomato,122,1,269.5595
35,9,0.4117,7.53,1.9878,0.811,corn,139,0,634.8624
31,6,0.17,7.5,3.1974,0.852,soy,92,0,115.8897
36,6,0.5278,3.48,1.2519,0.328,tomato,115,0,291.9301
46,10,0.3838,1.24,0.1068,0.608,rice,136,0,588.8124
28,7,0.1709,3.54,2.0267,0.915,corn,122,0,270.7245
28,5,0.0963,5.56,2.6871,0.483,tomato,118,1,55.0257
48,8,0.0405,4.62,2.3031,0.515,tomato,91,0,29.3996
44,9,0.1907,9.16,4.8105,0.987,corn,137,0,311.6679
29,6,0.4117,11.09,3.5371,0.246,tomato,85,1,88.4986
24,4,0.5145,8.75,4.9784,0.75,corn,123,1,432.7026
34,7,0.7058,5.6,1.4823,0.873,tomato,106,0,992.7337
49,10,0.4394,9.91,3.9474,0.278,tomato,109,0,254.7155
37,8,0.6423,5.03,2.7822,0.757,tomato,126,0,871.5974
28,6,0.4197,5.79,3.0627,0.549,soy,101,1,144.7478
28,5,0.7091,5.78,4.9294,0.875,tomato,125,0,1065.3119
36,8,0.3296,6.59,3.2734,0.921,tomato,120,0,515.4735
22,5,0.2684,4.11,4.4951,0.892,soy,105,0,263.3943
47,8,0.2709,8.21,3.6315,0.205,corn,108,1,69.8851
40,8,0.0349,11.61,0.6457,0.793,rice,124,0,57.5489
30,8,0.3364,5.31,3.5001,0.933,tomato,111,1,320.3027
40,6,0.1061,6.94,2.4267,0.678,tomato,119,0,124.3476
35,9,0.6059,7.91,4.5948,0.661,tomato,109,0,665.0572
34,6,0.255,5.75,4.0361,0.188,soy,125,0,71.3996
26,6,0.0384,0.58,0.5296,0.878,soy,90,0,28.2618
33,9,0.0599,1.33,0.6782,0.189,corn,130,0,28.9582
30,8,0.1034,1.07,0.3574,0.416,wheat,143,0,72.878
26,4,0.0423,3.9,2.4713,0.937,tomato,96,0,55.9418
41,9,0.4546,1.4,0.4131,0.957,tomato,125,0,699.8541
50,10,0.11,9.35,3.6212,0.993,rice,116,0,205.8196
30,5,0.7227,7.18,2.7663,0.555,corn,159,0,912.9924
35,9,0.41,6.1,4.1811,0.301,tomato,118,0,246.5622
25,5,0.2709,1.82,1.4062,0.565,tomato,110,0,222.9473
25,5,0.4117,9.85,2.6005,0.237,soy,119,1,86.7976
38,7,0.7227,4.16,0.5962,0.892,tomato,127,1,750.3402
25,7,0.3925,5.01,4.4242,0.626,soy,106,1,171.1751
29,5,0.0533,1.25,0.8833,0.494,tomato,84,0,30.7951
36,9,0.1034,5.59,0.5208,0.218,soy,136,1,26.008
27,5,0.1034,7.1,1.0332,0.494,soy,90,1,29.5471
25,5,0.17,6.01,4.0331,0.886,soy,121,0,198.9567
38,8,0.0414,2.79,0.538,0.748,tomato,89,0,39.2928
34,9,0.2174,4.53,3.076,0.22,tomato,127,1,71.1572
36,8,0.4117,7.23,3.7334,0.286,soy,139,1,122.8581
41,6,0.3364,8.36,3.7579,0.483,tomato,101,1,171.6368
32,5,0.7134,8.18,0.9584,0.236,corn,132,1,203.69
35,5,0.0785,0.93,0.3175,0.944,soy,110,1,52.4881
34,9,0.4924,4.22,2.2495,0.704,tomato,98,1,319.6256
23,4,0.255,2.58,1.0204,0.231,soy,137,0,81.7497
29,8,0.4924,4.64,3.4994,0.82,tomato,91,0,501.9643
41,7,0.5415,6.88,1.7899,0.463,corn,158,1,378.5361
25,5,0.11,3.19,2.2523,0.358,wheat,129,0,60.2476
39,7,0.2565,1.78,0.5763,0.634,tomato,128,0,305.8112
39,7,0.1419,8.49,2.8421,0.161,tomato,109,0,51.6276
34,5,0.0533,1.56,0.9358,0.546,soy,130,0,38.5848
39,8,0.0599,7.41,3.3981,0.867,tomato,102,0,69.9122
28,6,0.3838,1.31,0.3651,0.939,tomato,100,0,477.1716
25,5,0.0417,6.29,4.8797,0.441,corn,115,0,29.0518
26,7,0.5779,5.32,3.4258,0.696,corn,112,0,605.9778
31,8,0.4671,4.45,0.9168,0.343,corn,102,0,253.3213
46,8,0.2356,2.52,0.0803,0.626,rice,131,1,219.5798
28,4,0.3624,4.54,1.679,0.366,soy,140,0,208.1688
41,7,0.6423,3.5,0.7725,0.636,tomato,127,1,489.3309
20,3,0.7058,2.56,1.0999,0.296,wheat,132,0,312.4838
37,10,0.0963,11.58,4.365,0.95,wheat,112,0,129.5936
50,10,0.0533,6.38,3.02,0.904,rice,139,1,78.1377
30,5,0.352,3.84,0.8905,0.436,tomato,117,1,172.2395
32,7,0.17,5.35,2.7877,0.81,wheat,90,0,144.1636
29,8,0.4924,2.04,1.2863,0.231,corn,156,1,199.4997
31,8,0.4197,12.95,4.8812,0.779,soy,133,1,283.9931
50,8,0.0599,5.18,0.1735,0.39,corn,159,0,50.7748
40,7,0.6701,10.95,3.6643,0.265,tomato,80,0,244.0055
34,7,0.4671,6.44,3.8673,0.726,corn,157,0,761.3215
37,8,0.3309,2.72,0.3451,0.549,soy,119,0,245.1654
39,10,0.1462,4.4,0.8676,0.601,tomato,106,1,88.4716
38,6,0.2909,5.02,1.9277,0.592,tomato,85,0,213.3654
38,10,0.1061,9.3,4.3421,0.201,rice,137,1,43.8657
45,7,0.3624,7.45,2.6896,0.194,rice,130,1,126.4513
22,6,0.0353,4.41,3.28,0.661,wheat,150,1,26.9637
25,5,0.352,5.08,3.9172,0.68,corn,120,0,385.3587
30,6,0.1681,6.17,4.1423,0.19,corn,113,0,60.525
30,5,0.5278,3.37,2.3867,0.472,tomato,127,0,474.504
22,6,0.4197,6.65,2.5489,0.671,tomato,85,1,233.5165
39,8,0.5196,12.97,3.5928,0.708,corn,155,0,763.5269
31,7,0.4104,3.47,1.3241,0.854,corn,158,1,481.009
35,7,0.7091,8.07,4.2739,0.508,soy,102,0,378.6588
26,7,0.2682,12.66,0.1137,0.616,tomato,113,0,262.5791
50,8,0.3364,6.76,0.9869,0.642,corn,148,1,269.8355
38,8,0.2565,9.95,4.003,0.415,corn,132,1,136.7723
32,7,0.4834,2.94,1.7079,0.196,wheat,132,0,189.9456
25,5,0.7134,4.59,0.7577,0.154,wheat,98,1,100.8989
32,5,0.0353,1.5,0.9419,0.861,soy,113,0,33.4983
31,7,0.1334,4.01,2.6585,0.32,soy,113,1,36.0715
32,7,0.4924,7.57,4.2324,0.686,soy,116,0,426.4335
27,6,0.2171,1.38,0.3625,0.64,tomato,127,0,245.7756
29,6,0.4394,1.55,0.1621,0.49,wheat,140,0,346.0049
37,10,0.0599,4.68,2.3312,0.858,tomato,108,0,80.1212
20,4,0.2507,6.81,4.7814,0.744,wheat,114,1,172.7478
19,5,0.3519,2.27,1.4023,0.169,wheat,114,0,89.7846
30,8,0.6059,7.36,4.7963,0.81,soy,86,0,440.4595
36,9,0.5278,12.28,4.4395,0.581,tomato,105,0,512.1693
37,8,0.2536,7.1,1.4228,0.445,rice,124,0,221.7818
32,5,0.1654,5.54,4.0866,0.768,tomato,124,1,145.1923
18,3,0.255,3.31,3.4325,0.733,wheat,137,0,297.6961
25,4,0.4834,7.92,2.564,0.414,wheat,145,1,222.6638
30,6,0.2824,2.71,2.1204,0.986,corn,160,1,370.4957
26,4,0.2467,4.96,4.0794,0.701,corn,124,0,274.912
27,7,0.4394,6.81,3.9675,0.665,soy,108,1,205.2466
27,5,0.5415,6.46,3.7871,0.209,tomato,109,0,198.1627
25,4,0.2684,6.7,4.9913,0.387,soy,109,0,113.0493
25,5,0.7377,3.91,2.3978,0.53,corn,117,0,614.3648
32,5,0.6423,8.26,4.0365,0.686,corn,143,0,896.7214
37,8,0.5567,9.87,4.3138,0.586,tomato,100,0,454.2842
32,8,0.5779,5.56,1.0659,0.799,soy,137,0,584.4687
32,5,0.5779,2.02,0.2199,0.373,tomato,87,1,192.3319
32,8,0.2824,3.12,2.0297,0.747,soy,109,0,232.0326
32,5,0.7054,7.89,4.2851,0.844,tomato,104,1,545.3056
18,3,0.0349,4.45,1.4526,0.8,wheat,145,0,45.2904
39,6,0.3624,14.41,3.5031,0.805,rice,142,1,446.025
40,8,0.1369,1.82,0.0467,0.905,corn,104,0,170.4712
23,4,0.4117,2.77,1.7833,0.222,wheat,110,0,133.1399
24,6,0.1654,8.66,3.0814,0.743,tomato,124,0,203.6749
50,10,0.5196,1.47,0.6575,0.973,tomato,90,1,418.5268
41,10,0.3556,8.74,4.4841,0.638,tomato,94,1,185.6451
23,4,0.312,3.1,0.7898,0.335,wheat,99,0,133.6464
15,3,0.0423,3.68,4.5499,0.999,wheat,133,1,40.3981
23,4,0.4924,5.99,1.0898,0.298,tomato,82,1,120.1572
31,5,0.1709,8.74,4.9715,0.435,soy,105,0,82.721
36,8,0.0353,13.93,3.0277,0.296,soy,124,0,15.6879
27,7,0.6423,1.97,0.4309,0.545,wheat,144,1,400.0811
34,5,0.0414,1.03,0.3357,0.506,tomato,87,1,17.3958
16,4,0.4117,5.43,0.3839,0.568,wheat,110,0,283.7482
24,6,0.3929,4.55,2.9536,0.939,soy,91,0,309.2259
49,7,0.1034,12.06,4.0498,0.557,rice,134,0,132.6936
21,3,0.2856,3.53,2.0208,0.587,soy,140,1,143.1487
50,10,0.2909,4.93,2.2297,0.904,rice,127,0,604.3191
18,3,0.352,2.51,2.9505,0.845,soy,99,0,286.0875
29,8,0.0963,4.19,2.6699,0.354,tomato,97,0,50.7731
41,10,0.4104,6.14,3.4434,0.161,corn,154,1,132.9302
32,7,0.4394,3.31,2.3642,0.685,tomato,105,1,296.6722
26,5,0.1334,11.31,3.5722,0.868,corn,137,0,208.5423
36,9,0.2565,8.04,4.9866,0.62,tomato,118,0,283.4243
50,10,0.3429,5.66,1.758,0.33,rice,150,1,221.1963
20,4,0.2671,0.14,0.071,0.78,wheat,126,0,278.0771
22,4,0.0785,1.89,0.6369,0.719,tomato,106,0,73.3803
25,5,0.1369,3.5,2.772,0.63,corn,132,1,97.8288
47,7,0.3429,4.72,1.7278,0.884,corn,111,0,467.6681
35,5,0.0599,11.84,4.7005,0.817,rice,133,0,103.4305
26,5,0.4394,4.37,3.141,0.718,wheat,141,0,548.2156
35,6,0.1935,6.64,2.6066,0.715,tomato,77,1,97.7681
33,5,0.7227,6.22,3.9922,0.713,wheat,140,1,583.2453
30,6,0.1369,4.69,1.3004,0.596,soy,116,0,101.7591
30,8,0.1462,5.45,4.1005,0.544,tomato,94,1,76.2446
34,5,0.3296,3.03,0.0253,0.753,corn,106,1,214.4966
45,9,0.0599,9.08,3.1022,0.669,rice,152,1,68.521
42,6,0.5779,8.21,4.6744,0.566,corn,100,0,482.9139
23,5,0.1334,3.82,3.9414,0.258,corn,133,0,69.3243
21,3,0.5278,6.2,4.2696,0.747,wheat,99,1,294.4824
16,4,0.4394,2.32,1.9908,0.699,wheat,145,0,473.9794
30,5,0.0353,10.08,4.123,0.441,wheat,101,0,20.9231
37,8,0.1462,16.35,2.7587,0.453,corn,148,0,138.8689
34,7,0.3629,6.28,3.0965,0.36,tomato,107,1,127.8548
42,9,0.2536,2.89,0.304,0.968,tomato,77,0,264.0694
28,4,0.5779,1.98,1.0157,0.881,soy,125,0,538.9265
42,9,0.6701,13.4,2.7593,0.627,tomato,124,1,478.1394
25,4,0.2684,2.71,0.3034,0.491,wheat,103,0,180.2218
38,8,0.17,7.55,3.7098,0.776,corn,159,0,283.3671
49,10,0.2682,10.07,4.2019,0.599,rice,154,0,408.8846
32,5,0.4197,6.29,4.6026,0.979,soy,126,0,502.9842
22,6,0.5145,3.26,0.5178,0.197,wheat,110,1,97.8874
42,9,0.6701,8.59,4.6992,0.179,tomato,81,0,200.9341
43,7,0.2171,1.11,0.3474,0.633,corn,126,1,149.7668
19,3,0.0598,4.81,2.3755,0.323,wheat,139,0,32.4319
46,7,0.3256,8.14,4.2029,0.664,corn,135,0,382.0209
39,8,0.2171,2.43,0.3609,0.814,rice,146,0,486.5451
24,4,0.0427,2.32,0.101,0.267,wheat,137,0,20.1427
30,6,0.3296,0.38,0.1345,0.525,corn,120,0,286.9685
33,6,0.7058,4.27,2.5612,0.735,tomato,77,0,554.9844
30,5,0.2174,8.72,4.0599,0.859,wheat,143,1,194.0116
30,8,0.4924,2.88,0.6459,0.572,soy,119,0,338.1198
24,5,0.255,1.78,0.6318,0.325,soy,116,1,64.0172
35,7,0.5285,4.7,2.847,0.648,tomato,107,0,573.7906
35,7,0.3429,3.89,1.1791,0.536,wheat,142,0,312.0455
36,8,0.2565,6.45,3.6538,0.806,corn,146,0,369.8162
30,5,0.3296,7.4,4.7487,0.622,tomato,112,0,305.1134
30,8,0.4394,7.43,3.8325,0.388,soy,128,0,253.8436
38,10,0.3296,11.68,4.3871,0.791,tomato,91,0,343.0415
38,6,0.2425,13.88,2.6027,0.59,soy,124,0,180.2521
24,5,0.2171,7.62,4.1633,0.301,corn,159,1,104.4783
25,5,0.4546,3.72,0.9227,0.629,corn,114,0,421.9468
26,5,0.5567,9.97,0.3511,0.956,tomato,106,1,517.9665
26,5,0.0353,4.37,3.2832,0.75,corn,141,0,47.9586
25,5,0.1617,2.07,0.2692,0.404,corn,131,0,123.6777
21,5,0.1536,5.47,4.4635,0.754,wheat,149,0,195.3135
27,4,0.3296,6.41,3.4609,0.39,wheat,114,0,174.4788
27,4,0.2671,8.11,4.7615,0.611,soy,97,1,105.6238
42,9,0.4626,10.59,1.5763,0.598,tomato,82,1,229.7286
37,7,0.5278,4.21,2.4359,0.36,tomato,122,0,359.9321
41,6,0.5278,8.27,3.711,0.446,tomato,113,0,387.7153
35,9,0.6701,2.93,1.2215,0.951,soy,117,1,526.9459
26,4,0.7377,3.39,2.7138,0.363,tomato,99,0,397.1093
33,7,0.1034,4.9,3.3007,0.831,tomato,97,0,115.2844
24,4,0.7058,5.79,4.8943,0.717,wheat,147,0,824.9178
30,5,0.2856,5.65,3.7261,0.603,wheat,131,0,279.536
27,4,0.3309,6.41,0.5995,0.267,soy,139,0,132.5487
22,6,0.7227,3.34,2.3819,0.324,corn,148,0,507.2065
38,10,0.4238,6.78,2.948,0.302,soy,127,1,130.5474
32,5,0.4834,3.65,0.7416,0.649,tomato,106,0,475.7381
42,7,0.0591,6.04,2.1655,0.977,tomato,88,1,46.0213
22,4,0.3629,2.67,1.4272,0.896,soy,121,1,260.8929
39,10,0.5145,6.89,0.6029,0.171,rice,150,0,339.2655
37,10,0.5538,9.21,2.5651,0.383,soy,114,0,288.6236
43,7,0.5779,3.47,0.8365,0.284,tomato,76,0,219.5183
37,8,0.7058,4.73,2.9568,0.979,tomato,128,1,809.187
38,7,0.5285,2.77,0.8568,0.35,rice,156,0,548.2619
22,5,0.0405,4.27,3.6207,0.321,soy,104,1,9.8451
36,8,0.1853,3.26,0.9843,0.678,tomato,102,0,196.0654
29,8,0.7227,6.83,4.4825,0.623,wheat,97,1,362.5076
33,5,0.1419,2.07,0.1408,0.342,tomato,127,0,95.8215
26,4,0.0414,5.39,2.6148,0.72,soy,97,0,30.9801
29,8,0.3309,4.71,1.6073,0.232,wheat,113,1,79.9896
24,5,0.0533,3.77,1.1331,0.166,tomato,98,1,9.5454
42,7,0.3364,7.42,2.3633,0.22,tomato,89,0,113.9635
38,8,0.0405,10.57,4.2117,0.46,soy,120,0,23.8451
37,7,0.0423,8.38,4.5772,0.979,rice,165,0,100.2945
21,5,0.4238,8.1,1.5232,0.615,wheat,142,1,301.2255
37,10,0.6701,9.29,0.7797,0.792,rice,139,0,1194.5704
20,4,0.1697,3.84,3.6035,0.423,corn,107,0,105.8766
30,5,0.2171,9.37,2.9142,0.761,soy,133,1,130.664
25,7,0.255,3.69,1.0131,0.971,corn,115,0,391.2228
24,4,0.1681,6.09,3.8039,0.454,soy,136,0,100.4169
39,10,0.3364,4.68,2.5995,0.999,soy,107,1,223.0946
32,8,0.41,6.57,3.2704,0.693,soy,114,1,218.3547
22,4,0.2174,3.05,1.8031,0.786,soy,109,1,113.1402
36,6,0.1034,16.63,2.2011,0.364,wheat,117,0,54.6748
49,10,0.7134,6.06,0.9099,0.697,tomato,84,0,628.7903
32,7,0.0591,6.96,3.785,0.584,corn,133,1,43.3788
32,8,0.1709,5.25,0.7935,0.963,soy,107,0,168.2471
28,5,0.3844,6.07,3.8937,0.919,tomato,122,0,562.2605
23,5,0.2165,4.01,3.9921,0.487,soy,111,0,119.1545
37,10,0.4394,11.72,3.7355,0.955,tomato,129,0,797.7377
32,7,0.5145,2.39,0.1069,0.902,soy,101,1,324.4618
19,3,0.4773,2.07,1.3729,0.652,soy,103,0,292.6423
24,5,0.0353,5.39,2.347,0.22,soy,87,0,7.5641
32,5,0.3556,9.17,2.9818,0.287,tomato,116,1,126.1838
25,5,0.2682,8.59,4.5969,0.215,tomato,79,1,52.6598
28,7,0.0387,3.54,1.8843,0.242,wheat,107,0,13.3438
36,8,0.0533,6.73,4.3764,0.98,rice,160,1,85.7971
33,7,0.2507,6.26,0.8255,0.33,corn,137,0,175.5485
46,10,0.2467,5.24,1.8627,0.737,rice,141,1,279.4032
23,4,0.2174,0.35,0.2709,0.691,wheat,139,0,230.5458
23,5,0.4394,4.0,3.715,0.686,soy,128,0,385.9919
36,6,0.4834,1.26,0.7618,0.326,soy,134,0,250.8205
21,5,0.0598,4.02,1.2925,0.642,soy,122,1,28.2262
41,9,0.5145,12.13,3.8784,0.682,rice,135,0,876.8813
24,5,0.1462,5.95,2.6782,0.635,corn,107,0,129.8476
19,5,0.2356,0.63,0.0797,0.308,wheat,112,1,67.628
26,5,0.4197,6.72,0.0212,0.765,soy,124,0,422.3057
27,7,0.255,3.35,2.5582,0.212,soy,99,1,43.4018
26,5,0.1744,6.44,1.5317,0.653,soy,122,0,135.9582
26,4,0.352,3.13,0.9098,0.521,soy,92,0,174.1404
47,7,0.1654,5.96,3.0718,0.363,rice,113,0,123.6468
24,5,0.2174,1.72,1.1499,0.836,wheat,112,0,239.7758
26,6,0.4238,3.46,2.9651,0.3,tomato,87,0,171.3523
34,5,0.352,4.85,1.9025,0.943,soy,133,0,447.891
30,6,0.2425,4.84,0.9419,0.902,soy,106,1,137.8294
28,6,0.4773,3.63,0.6991,0.456,corn,125,0,365.0655
22,4,0.1709,6.31,1.1919,0.409,wheat,114,0,88.4782
50,8,0.1681,3.02,0.1589,0.267,rice,127,1,74.2729
35,5,0.1744,2.73,1.5476,0.929,rice,161,0,386.2725
35,9,0.1709,9.75,4.5108,0.683,soy,126,1,96.1831
41,6,0.1419,9.33,4.1585,0.177,tomato,83,1,22.9538
36,9,0.4671,4.39,1.8663,0.584,corn,113,0,476.2387
13,3,0.1744,6.46,2.8834,0.223,wheat,94,1,27.8438
27,4,0.2684,14.29,2.8411,0.638,wheat,105,1,126.5984
22,4,0.0423,4.97,4.1454,0.583,wheat,130,0,37.6959
39,6,0.312,3.73,1.1891,0.22,tomato,127,1,103.7453
40,8,0.0963,5.0,1.489,0.843,soy,111,0,90.4875
21,5,0.4773,4.75,1.5159,0.373,wheat,94,0,205.464
26,6,0.7054,3.49,0.2139,0.61,tomato,77,0,503.8142
25,5,0.0785,1.86,1.5803,0.693,tomato,98,0,77.6775
29,5,0.1935,5.25,4.3908,0.968,soy,99,1,119.4009
25,5,0.3946,7.18,4.5608,0.57,tomato,107,0,331.248
26,5,0.4117,1.0,0.5571,0.93,soy,91,1,224.8243
38,8,0.3519,4.64,2.2957,0.452,rice,122,1,210.8625
27,6,0.1935,4.35,1.9129,0.879,tomato,106,1,157.676
40,10,0.5538,4.43,2.4519,0.35,soy,100,1,160.2876
31,6,0.0785,7.77,2.7781,0.751,tomato,95,0,83.9795
35,5,0.1334,2.3,0.1111,0.225,tomato,87,1,28.0975
36,6,0.4546,6.41,4.2128,0.988,tomato,77,1,280.7663
22,5,0.5567,4.45,4.8686,0.961,wheat,111,0,635.326
31,7,0.1462,5.03,3.2705,0.526,tomato,93,1,66.2887
36,6,0.0414,5.89,3.3057,0.595,tomato,125,0,43.9858
50,9,0.2911,7.68,2.6446,0.658,corn,154,0,394.2175
35,9,0.1991,2.84,1.678,0.384,tomato,99,0,120.0805
36,6,0.5285,3.09,0.7534,0.723,tomato,91,0,534.9647
19,5,0.0349,4.15,2.9245,0.744,wheat,115,0,35.1678
23,6,0.0598,1.81,0.2343,0.596,wheat,127,0,54.4826
22,4,0.4394,10.37,4.1243,0.276,corn,123,1,132.4698
33,9,0.7134,4.84,2.1103,0.931,corn,146,1,789.2318
30,6,0.4394,2.57,2.0796,0.248,wheat,148,1,133.5186
44,8,0.0785,5.32,1.6426,0.685,corn,124,1,55.5475
36,6,0.6059,7.48,4.8471,0.238,soy,91,1,100.402
35,7,0.0427,2.32,0.8828,0.274,soy,91,1,8.2318
44,10,0.4117,2.64,0.765,0.167,corn,153,0,201.6464
37,6,0.1034,2.47,0.836,0.459,tomato,98,1,45.1332
27,4,0.3364,4.28,3.2961,0.694,soy,103,0,252.2946
32,5,0.1061,10.09,4.9596,0.593,soy,119,0,82.5607
29,5,0.0785,3.59,1.185,0.723,tomato,128,0,105.1937
34,7,0.0785,7.78,4.529,0.724,tomato,98,0,78.9336
36,6,0.1991,7.3,1.4003,0.269,tomato,92,1,53.6011
24,5,0.0414,5.12,3.243,0.199,soy,133,0,13.6075
25,7,0.6701,2.07,0.2121,0.682,soy,89,1,240.9922
28,4,0.7054,3.86,2.4833,0.705,soy,132,0,688.8141
30,6,0.1697,6.13,3.2763,0.623,tomato,104,0,152.8177
43,7,0.0417,5.69,2.6862,0.359,tomato,76,0,17.4488
30,6,0.1744,4.13,1.1968,0.839,soy,97,0,137.6768
34,5,0.1991,6.96,4.1442,0.214,corn,141,1,62.2678
28,5,0.0591,7.14,4.851,0.687,wheat,135,0,60.3179
35,7,0.3429,6.88,2.3014,0.252,soy,95,0,96.2548
45,9,0.0427,6.02,3.1832,0.706,rice,146,0,77.5945
42,6,0.2565,7.45,3.9542,0.505,tomato,130,1,162.7457
34,9,0.2671,4.11,1.215,0.76,soy,123,1,170.1454
38,8,0.255,7.15,4.3236,0.194,soy,124,1,51.68
44,9,0.1606,4.43,1.4082,0.622,soy,95,0,103.9168
41,7,0.7054,9.9,3.8814,0.273,tomato,110,1,240.7286
27,6,0.1536,1.17,0.5694,0.73,tomato,114,0,188.7922
50,9,0.4104,3.38,1.449,0.252,rice,116,0,256.5631
34,7,0.5278,6.14,2.6728,0.213,soy,102,0,148.5472
31,8,0.0417,4.27,2.6294,0.756,tomato,124,0,58.6482
31,8,0.5567,5.53,4.2537,0.204,soy,140,0,231.9733
27,5,0.1617,6.44,4.9807,0.341,wheat,100,0,73.1854
24,5,0.5415,1.36,0.545,0.851,wheat,134,0,704.9099
34,7,0.3256,4.38,1.3642,0.838,soy,113,0,293.9902
23,4,0.6423,8.42,1.7944,0.876,soy,118,0,631.7669
50,10,0.6884,6.28,2.3998,0.427,tomato,103,0,481.803
25,5,0.5285,4.01,2.4746,0.599,wheat,142,1,352.3505
21,6,0.3629,4.71,4.2824,0.807,soy,109,1,197.6602
26,6,0.1061,4.73,3.8551,0.266,soy,118,0,39.983
25,5,0.3925,6.11,0.1041,0.766,wheat,130,0,420.1559
24,4,0.5196,3.01,2.2806,0.233,tomato,105,0,179.764
26,4,0.3556,9.92,3.0942,0.926,soy,134,0,421.9487
17,3,0.4773,2.65,2.3074,0.692,wheat,104,0,372.0533
40,10,0.0599,16.42,0.6619,0.569,soy,138,0,47.8545
14,3,0.1907,2.03,1.9934,0.562,wheat,131,1,100.7818
27,6,0.1681,2.76,2.0642,0.304,tomato,128,1,63.9057
24,4,0.17,10.81,0.9467,0.444,tomato,95,1,66.4967
46,10,0.1061,10.48,3.784,0.768,rice,136,1,119.9441
34,5,0.1536,5.79,1.6138,0.61,corn,102,1,82.0044
37,8,0.0591,12.94,2.949,0.6,soy,136,1,32.8166
38,7,0.2536,6.47,2.5835,0.316,tomato,120,1,105.4344
24,6,0.5145,5.11,4.3884,0.737,tomato,91,1,338.217
30,5,0.7134,2.3,0.6189,0.483,soy,87,1,200.5795
29,5,0.2856,1.1,0.5802,0.305,soy,124,1,76.7775
35,5,0.1709,4.51,1.5086,0.952,tomato,112,0,247.8309
39,8,0.255,4.9,2.1618,0.581,rice,139,0,365.2494
48,10,0.3309,3.3,1.4997,0.599,rice,118,0,423.8144
36,6,0.5252,7.12,3.8183,0.984,corn,156,0,1139.2444
38,8,0.1462,2.6,1.2339,0.461,corn,126,0,112.9353
33,5,0.0591,4.38,0.433,0.952,soy,125,0,67.5254
30,5,0.7134,4.05,2.0749,0.741,tomato,123,0,920.3162
29,5,0.312,7.46,3.8692,0.688,corn,133,0,382.2611
34,5,0.2507,8.26,4.2543,0.349,soy,90,1,52.0398
17,3,0.6423,3.19,3.6694,0.194,wheat,144,0,211.6796
32,7,0.255,9.05,2.7939,0.522,soy,122,0,176.9788
45,10,0.4773,7.13,3.6237,0.159,corn,154,0,231.4746
37,10,0.7153,6.07,3.4101,0.21,tomato,109,0,287.4183
25,5,0.3309,1.28,1.1795,0.656,soy,135,1,197.0348
33,6,0.1907,6.32,2.7583,0.766,soy,133,1,128.652
35,9,0.5145,5.95,3.8553,0.293,wheat,103,0,219.1899
33,9,0.6423,5.64,1.5924,0.773,tomato,84,0,576.8784
26,5,0.1654,4.59,3.2733,0.957,tomato,83,0,178.7398
49,7,0.7134,5.85,2.4126,0.782,corn,148,1,778.5431
31,8,0.1061,3.4,2.5208,0.817,wheat,104,1,63.9744
32,6,0.0599,5.54,0.4594,0.746,tomato,100,1,37.7127
43,10,0.2356,15.11,3.3344,0.341,tomato,119,0,156.8549
30,5,0.1697,6.23,4.3298,0.457,tomato,99,1,72.3591
43,7,0.2507,2.27,0.7157,0.957,soy,88,1,132.7202
34,5,0.1709,4.85,1.8369,0.712,corn,122,1,133.4331
26,5,0.0417,2.05,0.2529,0.821,tomato,80,0,39.8961
30,5,0.4238,6.77,0.1579,0.973,wheat,113,0,539.1101
32,5,0.1369,8.71,4.9484,0.347,wheat,134,0,82.0936
38,7,0.3629,12.11,2.4724,0.423,corn,131,0,298.6634
33,7,0.6701,7.44,1.784,0.698,tomato,112,1,488.2802
50,8,0.5145,4.24,1.3816,0.171,tomato,80,0,129.3059
33,6,0.4834,8.02,4.9003,0.636,corn,145,0,578.9907
34,5,0.0384,5.31,1.2687,0.837,corn,125,1,32.2933
30,5,0.6701,8.77,3.6313,0.669,corn,117,0,700.0075
30,5,0.0353,3.71,1.426,0.401,soy,121,1,11.7382
37,10,0.2536,0.59,0.3617,0.765,soy,92,1,111.844
26,7,0.1334,6.47,3.4196,0.274,tomato,102,1,39.7329
27,7,0.4773,4.35,0.0181,0.911,corn,125,1,452.5373
40,7,0.2171,5.96,3.382,0.236,corn,110,0,87.6349
32,6,0.0427,5.67,1.2594,0.884,wheat,148,0,62.7583
31,8,0.2536,5.91,3.7331,0.573,corn,122,1,154.4089
21,6,0.1606,4.26,3.8511,0.514,wheat,92,0,94.4924
50,8,0.17,9.48,3.6233,0.576,corn,127,0,176.7184
28,4,0.2356,3.72,0.1322,0.32,tomato,129,1,97.333
25,5,0.4773,4.87,3.5216,0.539,wheat,130,0,388.0367
43,9,0.0423,10.19,4.9508,0.872,rice,145,0,87.9673
27,6,0.2165,3.64,1.2207,0.831,wheat,144,0,329.0845
38,10,0.3629,10.17,1.3785,0.289,rice,114,0,225.0295
44,10,0.0414,8.24,4.0695,0.722,tomato,105,1,32.2335
29,5,0.1334,1.51,0.8104,0.878,corn,119,0,198.9508
33,7,0.7058,6.72,3.3063,0.847,corn,141,0,1181.6719
39,7,0.2856,7.55,3.7776,0.512,tomato,122,0,261.1453
26,5,0.4546,1.32,0.1954,0.191,soy,89,1,63.1629
22,5,0.3929,6.06,2.7733,0.941,wheat,99,0,410.5666
32,8,0.7377,6.2,2.8836,0.487,corn,158,0,795.1482
26,5,0.5252,2.1,1.5242,0.457,corn,130,1,275.8054
24,6,0.1334,13.72,4.383,0.796,soy,102,0,104.1597
31,7,0.0384,4.84,0.8221,0.374,wheat,99,1,11.3706
49,7,0.2911,4.0,1.8273,0.86,rice,129,0,562.5988
35,6,0.0353,9.87,4.2449,0.215,wheat,90,0,9.2554
30,5,0.7377,6.95,0.9613,0.78,soy,97,0,547.7646
30,8,0.1709,8.6,4.1087,0.971,soy,95,1,94.6172
27,7,0.1935,2.27,0.4046,0.996,corn,105,0,269.8302
30,6,0.7134,3.79,2.4513,0.935,corn,159,0,1325.5633
17,4,0.0414,6.08,0.3859,0.89,soy,129,0,43.0275
33,9,0.1462,8.32,3.3927,0.387,tomato,127,0,114.5943
32,5,0.1536,10.49,3.9551,0.972,tomato,88,1,123.2498
25,7,0.2824,5.71,4.2508,0.939,corn,117,1,275.371
26,5,0.0384,5.58,4.9065,0.604,wheat,107,0,29.9407
35,6,0.2671,5.81,3.3634,0.492,rice,141,0,315.4198
37,7,0.1654,9.46,3.8476,0.243,soy,95,0,45.1532
32,8,0.4546,5.07,2.5337,0.652,soy,98,1,202.8871
31,7,0.2467,7.22,4.5646,0.745,tomato,129,0,327.9281
24,4,0.3296,5.04,3.2224,0.493,corn,121,0,277.1431
30,6,0.0414,12.7,4.4189,0.495,soy,128,1,18.8033
36,6,0.4626,3.39,1.1849,0.637,tomato,87,1,228.2044
25,7,0.6701,6.86,2.4887,0.174,corn,156,0,307.2856
30,8,0.4626,4.84,3.6518,0.964,wheat,132,0,670.729
34,6,0.4546,2.84,1.0216,0.396,tomato,123,1,201.1668
23,4,0.2171,1.05,1.0646,0.27,corn,131,1,70.2585
36,9,0.0533,7.57,4.8904,0.155,soy,135,0,17.4134
35,5,0.4546,3.78,2.1787,0.878,tomato,95,0,495.6237
41,10,0.2171,3.49,0.9173,0.884,tomato,101,0,299.0701
39,6,0.0598,9.95,1.664,0.231,corn,103,0,22.3182
23,4,0.1744,5.5,1.9929,0.279,corn,110,0,85.0091
50,8,0.3838,6.43,3.1192,0.531,corn,147,1,272.4729
30,5,0.41,6.19,4.6158,0.308,corn,119,0,218.3948
23,5,0.3629,10.68,4.9331,0.775,corn,106,0,377.653
26,4,0.3838,17.06,3.262,0.199,tomato,91,1,69.5442
36,9,0.2684,8.47,3.5026,0.617,soy,104,0,194.0566
45,9,0.7134,7.49,1.6159,0.475,tomato,115,0,621.1531
37,10,0.1061,9.13,4.2872,0.545,corn,105,1,61.166
32,7,0.4394,4.59,1.0968,0.511,rice,111,0,402.6056
22,4,0.7153,4.9,0.5408,0.28,wheat,134,1,224.703
29,6,0.3624,6.98,4.8665,0.337,tomato,82,0,146.8223
35,9,0.3844,7.0,4.3221,0.205,tomato,98,0,135.4488
41,9,0.1991,3.6,1.5252,0.248,soy,123,1,50.5723
38,6,0.5196,10.28,3.3791,0.981,soy,113,0,571.3025
50,9,0.3429,5.46,2.3404,0.388,rice,116,0,292.5702
35,6,0.5567,9.6,1.6224,0.411,soy,125,0,315.5729
24,5,0.1369,2.52,1.441,0.258,soy,87,0,35.4651
32,7,0.5567,1.04,0.6888,0.792,wheat,104,0,580.6087
37,7,0.2909,10.4,2.7511,0.936,tomato,81,1,188.8044
31,6,0.3838,6.65,2.2385,0.821,soy,113,0,378.9086
39,6,0.2165,10.04,2.5658,0.671,tomato,113,0,256.1036
33,6,0.0414,3.17,1.0846,0.841,corn,139,0,63.6032
49,7,0.7377,10.56,4.6937,0.494,rice,117,0,686.0505
33,5,0.1935,8.59,3.1966,0.881,tomato,94,0,205.6944
39,10,0.5252,9.32,4.499,0.829,tomato,83,0,514.2152
41,9,0.2536,2.13,0.5553,0.151,tomato,94,1,54.1157
39,8,0.312,6.61,3.118,0.565,corn,114,0,287.2172
39,10,0.2671,8.17,4.2488,0.375,rice,151,0,282.2897
34,9,0.4924,2.33,1.6613,0.223,wheat,135,1,141.7676
22,4,0.0417,1.9,0.9838,0.869,tomato,120,0,55.2902
21,5,0.4924,4.09,1.3325,0.157,soy,96,0,94.5894
41,10,0.5538,2.36,1.3719,0.771,tomato,75,1,304.3346
29,6,0.1991,4.24,2.2415,0.99,soy,86,1,118.9255
31,7,0.0417,3.89,1.6366,0.56,tomato,122,0,43.0819
30,8,0.1536,1.82,1.3637,0.466,wheat,145,0,137.104
42,10,0.6059,8.43,3.2461,0.665,rice,121,0,841.7741
43,7,0.5567,8.28,0.2746,0.834,rice,159,0,1153.1345
29,5,0.5285,8.66,1.7084,0.354,soy,114,0,216.2812
31,7,0.1744,4.89,3.4519,0.363,tomato,85,1,50.7112
31,6,0.0598,1.38,0.8875,0.666,soy,102,1,27.7663
32,5,0.6423,4.91,1.1124,0.949,corn,116,1,592.6291
33,5,0.7377,10.02,1.0113,0.404,soy,127,0,414.8136
45,10,0.5145,0.1,0.0146,0.47,corn,111,0,409.8243
37,6,0.0963,4.59,2.3741,0.994,tomato,85,0,110.7663
32,8,0.1991,0.77,0.2044,0.3,soy,125,0,82.1382
40,10,0.0423,3.3,1.372,0.215,corn,118,0,20.0003
27,6,0.1681,8.89,4.9741,0.651,corn,115,1,110.2155
33,6,0.0349,6.39,4.5928,0.171,tomato,120,0,13.3866
43,10,0.1681,3.91,1.0832,0.303,tomato,127,0,108.4501
42,9,0.1034,2.95,1.5569,0.679,tomato,106,0,113.2137
27,6,0.0599,2.61,2.3239,0.711,soy,131,1,39.2054
26,6,0.7058,4.88,4.2236,0.584,tomato,122,0,731.1903
22,4,0.1617,3.74,4.0152,0.476,wheat,125,1,76.5633
35,7,0.2709,3.85,0.6399,0.64,soy,131,1,155.5765
29,8,0.4238,1.55,0.631,0.697,tomato,75,0,350.8477
33,9,0.7058,3.99,2.0895,0.833,tomato,76,1,425.4247
35,9,0.5252,7.2,4.3518,0.824,tomato,124,0,800.4383
25,7,0.255,5.32,4.4116,0.715,corn,108,0,268.3565
35,6,0.3309,6.19,0.5458,0.91,wheat,134,0,449.0513
21,5,0.2709,4.22,2.8757,0.862,wheat,115,0,288.9039
27,6,0.0414,2.6,0.7868,0.263,soy,129,1,11.0431
41,6,0.2911,7.81,3.4338,0.963,tomato,112,1,268.7686
38,7,0.7153,7.53,4.583,0.908,rice,114,0,1258.0071
36,9,0.0423,4.74,2.2793,0.423,tomato,93,0,26.8508
24,5,0.2682,2.94,0.4246,0.167,wheat,133,0,88.5186
29,6,0.17,6.17,2.9005,0.663,soy,136,0,150.2312
42,6,0.0387,4.51,2.0485,0.523,tomato,120,1,22.2028
24,5,0.1744,4.29,4.0564,0.787,wheat,144,0,232.0571
50,10,0.4197,4.86,1.7083,0.596,corn,158,1,370.3548
37,7,0.2174,12.09,4.3757,0.215,tomato,125,0,96.0755
42,9,0.2565,5.06,1.3758,0.358,tomato,107,1,114.7686
32,8,0.5278,2.01,0.796,0.9,tomato,93,0,599.8978
28,5,0.6423,12.95,1.5393,0.182,wheat,120,0,187.4699
34,9,0.0598,2.6,0.1842,0.776,tomato,119,1,51.3787
32,5,0.2467,11.76,1.4134,0.398,soy,108,0,118.0368
34,5,0.3556,6.24,3.304,0.535,rice,156,0,442.2826
32,7,0.5196,1.41,0.72,0.601,tomato,114,1,356.0027
35,6,0.255,1.69,0.5657,0.363,rice,121,0,190.6287
31,6,0.2824,4.97,0.6706,0.704,soy,136,0,274.4107
30,5,0.4834,2.56,0.397,0.739,corn,151,0,695.2568
28,7,0.1462,5.49,4.3744,0.222,tomato,108,0,66.1775
39,8,0.4626,13.04,4.7211,0.468,tomato,85,1,184.4273
25,7,0.5538,0.99,0.2423,0.783,tomato,87,1,334.2241
26,5,0.1935,8.75,3.8028,0.763,wheat,141,0,237.1406
41,10,0.3624,6.35,3.6884,0.613,soy,85,0,203.4417
31,6,0.2356,9.63,4.9846,0.811,tomato,102,0,275.1452
27,5,0.041,2.05,1.7459,0.241,corn,137,0,21.0209
39,6,0.0405,4.75,1.4347,0.25,rice,123,1,15.4999
24,5,0.5285,3.4,2.2709,0.709,corn,152,0,707.6778
36,9,0.5196,12.44,4.2843,0.739,tomato,104,1,372.3669
33,6,0.1907,6.35,3.6457,0.842,wheat,94,0,180.9235
22,6,0.1654,8.16,2.3634,0.304,wheat,109,1,44.691
44,10,0.4197,4.01,1.2304,0.589,corn,124,0,462.9989
22,4,0.6059,3.47,3.6378,0.712,wheat,103,0,509.8297
23,4,0.2671,4.7,4.2741,0.34,wheat,147,1,104.5967
33,6,0.1654,4.22,2.0058,0.589,wheat,111,0,137.3358
33,5,0.5145,11.7,3.3462,0.693,soy,113,0,365.2591
26,7,0.1907,2.85,2.0071,0.332,soy,114,1,50.537
30,8,0.312,7.97,2.3977,0.469,wheat,103,1,131.9051
25,5,0.3624,5.52,2.6293,0.334,soy,116,0,163.1536
16,4,0.2911,6.89,3.8809,0.918,soy,104,1,193.115
35,5,0.2174,8.81,4.8878,0.351,tomato,75,0,86.4212
17,5,0.3946,2.21,2.2274,0.253,soy,107,1,78.1748
33,6,0.4394,3.18,1.7182,0.18,rice,142,0,240.2439
38,6,0.4238,4.81,1.8742,0.188,rice,116,0,201.1805
44,8,0.41,5.27,0.6781,0.313,tomato,118,0,254.2605
33,9,0.1462,4.39,1.4917,0.667,corn,140,1,131.1388
18,4,0.3925,6.46,0.4414,0.165,soy,102,1,50.6256
41,7,0.3946,3.64,2.1452,0.394,tomato,108,0,266.5206
33,5,0.5567,1.38,0.8451,0.199,tomato,92,0,161.2169
31,7,0.3364,3.88,1.7386,0.493,tomato,111,0,269.34
30,6,0.7227,5.63,3.97,0.191,corn,109,0,242.813
29,5,0.5285,4.81,1.2372,0.666,wheat,127,1,319.3228
39,6,0.1681,6.27,3.0634,0.735,tomato,78,0,124.993
38,8,0.6423,11.69,4.5069,0.772,rice,110,1,582.4001
28,7,0.17,6.77,2.839,0.341,corn,115,1,64.3472
50,9,0.3296,8.35,0.977,0.888,rice,119,0,587.5662
31,5,0.1606,2.53,1.7304,0.737,wheat,119,0,168.0162
38,6,0.1061,5.84,2.9559,0.198,soy,94,1,15.8852
27,6,0.4626,3.23,2.538,0.525,soy,98,1,156.9235
20,5,0.4117,3.61,0.7516,0.803,soy,90,1,180.2829
29,5,0.0598,3.18,2.2395,0.414,wheat,144,0,45.4649
27,4,0.5252,4.81,2.7199,0.474,tomato,116,0,407.683
24,4,0.4238,4.59,1.344,0.685,wheat,103,1,218.5282
24,6,0.2356,4.99,3.0661,0.197,soy,91,0,50.4665
30,6,0.0349,3.03,0.3601,0.972,soy,132,1,27.4326
41,9,0.7227,2.99,1.6897,0.298,tomato,112,1,260.1446
50,10,0.7153,9.9,4.0233,0.173,corn,154,0,371.6249
42,6,0.0963,3.25,1.3038,0.155,tomato,84,0,22.9952
39,10,0.1697,5.86,3.0298,0.49,rice,130,0,204.068
27,5,0.6701,4.71,2.056,0.902,soy,91,1,354.8887
28,4,0.4197,5.22,1.5891,0.847,corn,125,0,626.4834
26,5,0.3256,5.7,4.5815,0.925,corn,109,0,457.5245
38,6,0.3629,5.89,1.7229,0.604,wheat,90,1,168.7914
19,4,0.7377,4.42,1.191,0.531,wheat,121,1,369.292
38,6,0.4924,7.44,4.5474,0.478,tomato,129,0,460.6186
41,9,0.5145,14.06,3.7323,0.189,soy,121,1,102.9137
30,8,0.0963,8.3,3.4122,0.923,tomato,117,0,152.7309
24,5,0.3838,6.36,0.2572,0.572,soy,130,1,179.9694
32,7,0.2856,2.37,0.6647,0.537,soy,139,1,133.9204
31,6,0.0417,4.81,3.1953,0.588,wheat,97,0,30.6909
32,7,0.6701,1.51,1.0551,0.825,soy,99,0,512.7409
33,7,0.3838,5.8,1.1359,0.341,soy,119,0,177.7029
49,10,0.2682,16.88,3.8979,0.753,tomato,120,1,222.8179
26,6,0.1709,3.71,1.4368,0.754,tomato,118,1,146.4585
36,6,0.2856,2.03,0.3672,0.872,wheat,134,0,412.0382
36,8,0.0598,2.87,0.1918,0.157,corn,119,1,14.1748
37,6,0.41,3.61,2.2215,0.295,tomato,95,0,193.5867
29,6,0.3556,4.29,3.0895,0.55,corn,104,1,183.2075
22,4,0.4104,5.93,4.3457,0.873,soy,102,1,254.4761
48,10,0.5779,2.79,0.5629,0.97,corn,109,0,872.462
31,8,0.4671,8.08,0.9914,0.656,tomato,127,0,541.9864
30,8,0.3296,5.08,2.6537,0.33,tomato,80,1,91.7542
15,3,0.1935,2.09,1.8269,0.307,wheat,112,1,51.1708
26,4,0.2565,3.74,2.4179,0.694,soy,134,0,230.1554
45,10,0.3946,10.93,4.6214,0.329,rice,163,1,251.5831
34,6,0.7058,4.16,2.729,0.62,soy,106,0,479.5604
35,6,0.1853,3.91,2.0815,0.86,tomato,101,0,208.9518
38,10,0.7054,8.53,4.9473,0.481,soy,114,1,244.5677
30,6,0.0405,6.78,0.3354,0.472,tomato,121,0,33.4371
30,5,0.1334,6.7,4.6612,0.181,soy,128,1,23.1361
24,4,0.1419,3.23,2.5133,0.366,wheat,121,1,47.2828
33,5,0.3429,3.85,2.5237,0.743,corn,122,0,350.6425
24,6,0.0963,5.98,4.6106,0.456,tomato,95,0,58.7664
38,10,0.1536,4.06,2.5415,0.285,soy,121,0,65.4435
20,4,0.2467,4.22,2.1977,0.24,wheat,140,0,102.0626
13,4,0.255,3.43,1.3697,0.231,wheat,94,1,46.5159
21,4,0.1419,3.13,3.2975,0.71,wheat,136,0,167.8717
40,10,0.1935,4.77,2.8525,0.671,tomato,101,1,130.6873
37,10,0.2356,2.62,1.0796,0.591,corn,108,0,230.0957
50,10,0.6884,15.55,3.55,0.575,rice,115,0,861.6379
32,7,0.5779,9.17,3.224,0.28,corn,120,1,187.9372
26,4,0.1654,5.45,1.9927,0.576,soy,98,0,94.3752
27,7,0.5252,4.2,0.032,0.201,wheat,96,1,101.286
27,4,0.7091,7.45,2.2384,0.937,soy,101,1,410.5905
24,5,0.1935,1.0,0.0402,0.199,soy,131,1,36.5496
31,8,0.6884,2.0,0.3842,0.51,tomato,115,0,623.123
36,8,0.5415,6.2,2.1587,0.15,corn,112,0,162.9739
30,5,0.4773,1.24,0.4188,0.818,tomato,112,1,371.5298
28,7,0.0417,7.52,1.3856,0.291,wheat,117,0,18.5202
28,7,0.0598,6.13,3.2809,0.936,corn,145,1,72.1592
27,4,0.4197,3.81,1.55,0.187,soy,98,1,57.5449
29,5,0.7054,7.01,4.9883,0.848,wheat,93,0,672.6247
32,7,0.4104,6.27,4.5823,0.708,corn,119,1,293.8979
32,5,0.1935,6.61,2.9307,0.362,soy,140,1,64.2432
21,3,0.4197,7.29,4.8351,0.322,wheat,123,0,203.8947
35,7,0.3624,11.81,4.3414,0.454,tomato,78,1,120.9461
41,7,0.7153,4.83,1.6013,0.854,tomato,129,1,701.3806
30,8,0.2565,7.24,3.7505,0.883,corn,150,0,418.294
42,9,0.0598,4.2,0.6928,0.299,tomato,105,1,21.1106
49,9,0.1462,9.09,3.4259,0.45,tomato,116,0,129.5501
37,10,0.5567,4.8,2.4605,0.352,tomato,85,0,263.8977
17,3,0.5196,2.06,0.094,0.254,wheat,126,1,138.4127
35,5,0.1654,2.49,1.3784,0.699,tomato,126,1,132.1896
41,9,0.1697,8.54,4.7774,0.444,soy,109,0,83.3522
32,7,0.6701,9.14,1.586,0.342,wheat,92,1,171.8718
40,10,0.2909,2.04,0.9155,0.886,tomato,117,0,415.0783
14,3,0.4197,2.06,0.9458,0.786,wheat,134,0,488.7437
21,6,0.1654,3.59,2.4013,0.808,wheat,135,0,213.8368
27,6,0.0598,6.62,4.2148,0.183,tomato,111,1,15.0214
33,6,0.0785,14.19,3.7924,0.928,tomato,82,0,77.0011
26,5,0.6884,3.06,2.1899,0.639,soy,91,0,388.539
24,4,0.3556,1.14,1.0515,0.578,tomato,119,1,211.6839
30,8,0.2682,1.38,0.2399,0.159,tomato,122,0,95.4054
34,5,0.4104,4.36,2.3185,0.913,tomato,79,0,409.168
49,9,0.5278,8.58,4.0757,0.612,corn,135,0,627.5383
26,4,0.3256,3.97,3.6511,0.851,tomato,103,1,230.0776
35,7,0.4546,3.76,2.0489,0.707,tomato,94,1,281.4522
22,4,0.2911,4.86,2.9776,0.827,corn,139,1,267.1216
22,5,0.1697,2.04,2.1869,0.739,soy,136,0,167.6591
32,5,0.1681,5.06,2.8993,0.933,soy,131,0,212.4922
40,10,0.1654,5.73,2.5924,0.342,corn,109,1,66.2182
31,8,0.3309,9.63,3.408,0.322,tomato,100,0,174.9213
30,5,0.0353,8.77,2.5435,0.756,tomato,127,0,45.8366
23,4,0.7091,8.06,4.7036,0.576,corn,114,0,624.4946
25,5,0.4394,3.39,2.1459,0.659,tomato,122,0,508.7121
31,7,0.2856,0.8,0.0894,0.752,tomato,102,0,318.6122
31,5,0.312,2.48,1.1895,0.615,tomato,104,1,182.2034
43,9,0.0785,5.85,2.508,0.82,tomato,89,0,83.7804
50,9,0.5415,8.62,2.7075,0.421,rice,161,1,414.965
40,6,0.3364,6.74,2.7664,0.88,tomato,104,0,413.7193
18,3,0.2165,2.71,3.5756,0.242,wheat,125,1,54.0762
23,4,0.2565,3.3,1.3805,0.689,tomato,100,0,253.8016
30,5,0.7091,8.11,3.3279,0.907,corn,105,1,581.0296
27,4,0.312,10.02,3.5231,0.365,wheat,137,0,203.4737
41,9,0.1853,3.66,2.0623,0.428,tomato,93,1,77.7254
40,8,0.7153,16.6,2.0168,0.41,tomato,88,0,399.9204
17,5,0.3629,2.56,0.9028,0.63,wheat,137,0,343.0503
23,4,0.0417,2.15,2.0758,0.501,soy,96,1,13.9535
23,4,0.1853,6.96,3.9362,0.242,wheat,131,1,50.6032
28,6,0.7058,10.22,4.5458,0.908,corn,128,1,772.2928
24,5,0.3519,3.84,2.9721,0.324,soy,129,1,113.1292
41,10,0.1536,3.19,1.5039,0.604,tomato,77,1,65.8936
27,6,0.312,4.86,3.4146,0.656,corn,147,0,383.0868
38,10,0.5252,8.18,3.7033,0.185,corn,113,0,181.4526
30,5,0.041,2.93,1.6677,0.231,wheat,143,0,18.9362
39,7,0.6884,6.92,4.1345,0.976,tomato,94,1,592.2229
26,7,0.5252,1.59,0.3777,0.715,corn,100,0,515.2172
45,10,0.0785,0.92,0.0637,0.179,rice,137,0,43.2149
30,5,0.2174,2.78,0.6236,0.825,tomato,78,0,192.4762
20,3,0.3929,4.84,0.7885,0.582,wheat,106,0,279.5243
27,4,0.5779,6.2,4.3959,0.214,soy,125,0,178.5521
36,9,0.0384,8.93,2.1307,0.729,tomato,106,0,43.968
34,9,0.7054,4.59,1.3819,0.574,soy,124,0,552.3275
35,9,0.3925,4.73,2.1511,0.324,wheat,143,1,162.9381
49,7,0.4671,7.02,1.9803,0.896,corn,128,0,766.9609
39,6,0.2709,6.69,1.5143,0.398,corn,133,0,214.641
31,5,0.2684,3.45,0.6981,0.392,soy,88,0,91.1918
26,7,0.7091,3.77,3.283,0.382,soy,101,0,318.6679
25,7,0.2467,0.78,0.6917,0.802,tomato,115,0,340.469
36,6,0.0533,9.76,3.8794,0.75,tomato,78,0,44.9686
42,6,0.0423,2.04,1.0164,0.918,rice,130,0,83.1698
27,5,0.1709,6.02,3.6595,0.345,soy,92,1,40.5284
25,7,0.0598,4.4,4.0299,0.818,soy,133,0,59.5947
18,5,0.5252,6.58,0.6354,0.637,wheat,124,0,513.9555
47,10,0.7054,1.83,0.4429,0.412,tomato,111,0,511.867
24,4,0.3844,7.19,4.7484,0.18,wheat,131,0,128.62
26,4,0.1935,3.2,2.3206,0.846,corn,113,0,243.3435
25,5,0.2425,5.11,3.1549,0.355,soy,87,0,74.1665
30,6,0.2536,0.2,0.1261,0.687,tomato,97,0,233.2408
24,4,0.2856,2.13,1.4008,0.617,tomato,85,0,218.5423
31,8,0.7134,6.62,2.5319,0.154,corn,119,1,160.0735
27,4,0.352,6.13,4.4322,0.995,soy,102,0,332.142
30,5,0.4546,3.26,1.3645,0.842,wheat,137,0,584.1659
32,6,0.6884,8.45,3.8782,0.564,tomato,92,0,532.6889
41,6,0.1617,6.32,3.3144,0.728,tomato,83,0,150.4856
34,6,0.0405,0.97,0.5852,0.555,rice,163,1,35.8876
34,7,0.1536,3.25,1.4739,0.783,tomato,77,0,149.7314
18,4,0.0963,3.46,1.1969,0.264,soy,96,0,26.2124
29,5,0.3309,4.77,2.2182,0.529,wheat,111,1,154.8167
15,3,0.6701,6.07,3.1803,0.435,wheat,93,0,307.6218
23,6,0.3256,9.42,2.1728,0.541,soy,135,0,243.2333
21,3,0.2684,5.68,1.2302,0.533,wheat,111,1,119.7705
22,6,0.4924,3.73,3.4824,0.272,corn,147,1,184.4057
46,8,0.2671,9.2,2.9265,0.98,tomato,82,0,290.7505
32,8,0.41,6.05,2.6014,0.163,soy,114,1,72.4768
36,6,0.4773,5.83,2.7766,0.159,wheat,97,0,103.7049
50,10,0.2682,3.04,1.1173,0.467,rice,122,1,188.2518
23,5,0.4834,6.68,3.4054,0.677,tomato,97,0,435.2624
37,7,0.2909,4.11,1.9436,0.303,tomato,123,1,108.4293
38,6,0.4546,2.86,1.8237,0.603,tomato,92,0,398.4839
33,7,0.7377,4.04,0.7572,0.764,tomato,117,0,892.2355
28,4,0.2856,4.26,2.9882,0.23,tomato,80,0,76.9217
35,7,0.6701,8.99,3.0173,0.987,soy,99,1,416.3721
36,9,0.1034,7.45,1.7081,0.436,tomato,108,1,47.8193
24,6,0.2909,4.59,4.3007,0.696,soy,111,1,146.0267
26,7,0.2171,8.58,4.2288,0.244,wheat,120,1,58.1904
33,6,0.0405,1.83,0.5542,0.753,corn,141,0,58.6322
42,7,0.1991,6.84,3.4782,0.864,tomato,79,1,123.8914
34,7,0.352,4.28,1.9752,0.239,tomato,113,0,155.6486
45,9,0.4394,9.95,4.9986,0.257,corn,152,1,196.4342
18,3,0.3929,1.64,1.1329,0.389,wheat,136,1,157.3405
17,3,0.6059,3.04,1.4098,0.16,wheat,107,0,131.5248
37,10,0.3929,4.76,2.2161,0.988,soy,104,0,438.9786
32,8,0.1617,6.76,1.3509,0.659,tomato,128,1,128.4766
31,7,0.2682,6.95,3.463,0.666,tomato,119,1,209.5677
28,6,0.4394,6.61,2.4097,0.965,wheat,146,1,491.5476
46,7,0.0423,3.18,1.1122,0.857,tomato,126,0,68.7965
46,8,0.1034,8.19,2.5368,0.842,rice,134,0,201.3726
27,4,0.1853,8.42,4.4451,0.439,tomato,82,1,62.0093
50,9,0.0387,12.97,3.9641,0.435,rice,122,1,24.6533
30,6,0.1991,4.0,2.4992,0.398,tomato,91,0,107.0896
48,8,0.6884,3.04,1.4496,0.445,tomato,121,0,512.4751
41,7,0.0353,3.33,0.9076,0.464,tomato,90,1,14.96
38,7,0.2824,6.94,4.3931,0.269,tomato,95,1,78.8183
29,8,0.2507,10.56,3.5537,0.453,tomato,122,0,220.737
32,6,0.2856,3.95,2.8651,0.53,soy,94,1,94.6725
31,7,0.041,7.31,4.3984,0.413,corn,140,1,23.2975
41,6,0.1061,5.12,0.6172,0.291,tomato,105,0,48.1739
34,5,0.4671,5.82,3.4156,0.467,corn,160,0,457.3646
20,4,0.1935,4.47,1.0914,0.559,soy,112,0,104.8971
30,5,0.2507,3.54,0.6117,0.763,soy,114,1,138.5336
32,6,0.1061,3.45,2.3334,0.755,tomato,122,0,132.0876
35,9,0.1606,5.67,1.9431,0.322,tomato,130,1,69.5561
37,7,0.1617,8.54,4.7065,0.181,tomato,115,0,62.8087
27,4,0.5145,2.8,1.6267,0.408,soy,124,0,259.5508
29,8,0.255,7.57,4.0764,0.284,tomato,124,1,90.3687
31,8,0.2856,10.01,3.7466,0.486,tomato,129,1,198.8796
28,6,0.4546,8.72,3.3429,0.982,tomato,116,0,713.105
28,4,0.3624,8.87,4.6028,0.304,wheat,107,0,138.5385
42,7,0.2174,6.03,2.0455,0.421,rice,145,0,229.3205
30,5,0.3556,5.09,1.9545,0.766,wheat,104,0,325.0525
34,5,0.7153,4.03,0.8131,0.583,tomato,103,0,604.973
29,5,0.3929,3.38,1.3861,0.187,corn,127,0,159.3568
40,7,0.2684,9.91,4.4001,0.287,tomato,130,0,163.716
29,6,0.1334,3.17,2.3772,0.945,soy,116,1,101.7072
28,7,0.4117,6.25,1.7134,0.238,soy,138,1,102.8737
29,6,0.2536,1.99,1.0884,0.69,corn,149,1,234.6204
23,4,0.1697,3.55,2.43,0.823,wheat,141,0,235.3484
31,8,0.2467,12.18,3.5862,0.376,tomato,84,0,130.5013
19,5,0.41,3.4,1.4406,0.766,soy,128,0,419.4685
40,10,0.7134,6.72,3.791,0.294,corn,115,1,259.2475
29,5,0.1369,3.8,3.1526,0.392,soy,117,0,65.6533
39,6,0.6423,6.64,3.9399,0.415,rice,137,1,365.137
24,4,0.041,1.68,1.262,0.997,wheat,105,0,47.9477
30,6,0.0598,5.58,3.1588,0.332,soy,140,1,20.8505
38,7,0.2536,3.02,0.7771,0.26,tomato,124,0,142.6991
49,7,0.6701,4.87,1.8253,0.937,corn,135,0,1136.6553
24,4,0.41,4.93,3.6246,0.288,soy,85,1,74.9075
33,7,0.2682,11.19,3.162,0.897,corn,111,0,352.1842
22,5,0.0598,3.55,0.9474,0.703,corn,113,0,61.1045
40,7,0.255,8.72,4.2931,0.64,corn,159,0,352.2663
22,5,0.0598,1.05,0.2762,0.789,tomato,97,1,38.7762
21,3,0.0599,3.01,2.9801,0.767,soy,87,1,25.6897
25,4,0.1681,5.49,4.9193,0.244,tomato,107,0,68.1851
36,9,0.5779,6.52,2.6622,1.0,soy,138,1,535.7572
29,5,0.4394,5.0,4.0054,0.951,soy,116,1,299.5333
40,8,0.6701,7.25,2.98,0.912,tomato,99,0,854.8343
31,6,0.4197,9.76,3.9176,0.679,corn,110,0,379.9557
46,10,0.1462,7.25,3.2814,0.594,rice,159,0,250.2998
24,5,0.7153,19.25,3.4587,0.606,corn,106,1,406.151
33,7,0.4238,2.57,1.1468,0.163,tomato,127,0,155.8572
42,10,0.1061,7.65,3.7117,0.575,tomato,87,1,52.4714
22,4,0.7091,12.52,1.1972,0.68,corn,108,0,679.7673
32,8,0.6701,7.63,4.9034,0.71,wheat,111,1,450.3236
32,7,0.0349,2.88,1.1467,0.432,soy,85,0,13.0305
19,5,0.2682,4.59,1.1911,0.551,wheat,90,1,103.7219
33,9,0.7134,10.16,4.2948,0.691,soy,95,0,460.5193
25,5,0.7091,4.42,1.2225,0.514,wheat,132,0,557.3407
28,4,0.1606,4.07,1.8109,0.968,tomato,120,0,256.5813
17,3,0.1853,3.04,3.5761,0.75,wheat,105,1,105.792
28,6,0.1536,1.23,0.8022,0.151,soy,121,0,36.4634
27,5,0.7054,0.96,0.8038,0.17,soy,104,1,99.4793
36,6,0.1061,5.88,2.4369,0.737,tomato,99,0,106.5581
26,7,0.0599,5.1,1.226,0.501,wheat,110,0,42.5447
28,4,0.3946,3.53,1.1859,0.864,tomato,124,0,567.8193
25,7,0.1991,0.3,0.0561,0.297,corn,131,0,118.494
25,7,0.2911,2.5,1.8585,0.162,tomato,103,0,92.0756
30,6,0.1061,3.06,1.5981,0.48,tomato,123,0,92.9514
40,10,0.352,0.56,0.1655,0.776,corn,140,1,360.6346
40,6,0.1606,6.43,3.11,0.976,corn,109,1,149.7715
50,8,0.1034,9.4,3.137,0.901,tomato,85,0,115.3588
22,5,0.0384,5.52,0.3633,0.561,soy,104,1,14.3843
36,6,0.1617,8.27,1.592,0.841,tomato,80,1,93.561
37,6,0.3925,12.3,4.3653,0.21,rice,148,1,146.7539
25,4,0.1697,3.26,2.915,0.636,tomato,102,0,139.8241
25,4,0.352,9.25,2.0658,0.936,wheat,92,1,242.5885
30,5,0.3519,5.61,2.3309,0.487,tomato,97,0,213.2403
23,6,0.0591,9.55,1.0493,0.966,corn,150,1,77.927
22,4,0.0785,3.92,4.0613,0.338,soy,135,0,35.5859
25,5,0.0598,5.11,4.5709,0.24,soy,138,1,15.2969
29,5,0.3556,16.17,4.5542,0.596,wheat,146,1,211.3385
33,5,0.5252,4.17,1.1274,0.921,soy,119,1,359.9939
35,9,0.11,5.76,1.5606,0.415,corn,156,0,115.9043
18,4,0.3946,4.84,0.8115,0.83,wheat,148,1,370.2846
27,7,0.0533,2.03,1.5429,0.294,wheat,128,0,26.4502
26,7,0.17,2.5,1.6707,0.784,soy,108,1,84.5759
17,3,0.6701,2.24,3.1692,0.623,wheat,148,0,655.713
24,4,0.3624,11.58,0.9563,0.299,tomato,98,1,109.9594
49,7,0.2171,10.65,4.5978,0.76,corn,110,0,244.7078
27,4,0.6059,0.7,0.5245,0.757,tomato,80,0,501.7754
35,6,0.2684,0.1,0.0443,0.588,tomato,106,0,244.1983
22,4,0.2856,4.57,4.2762,0.342,wheat,92,0,102.2361
33,5,0.2356,5.4,3.5218,0.262,soy,91,0,63.8589
26,5,0.1991,7.56,1.7832,0.964,wheat,104,1,144.8439
40,7,0.5538,5.11,2.9815,0.707,corn,132,1,468.9152
23,6,0.2165,3.58,1.1255,0.838,corn,129,1,196.9088
43,8,0.2467,2.63,0.8503,0.742,tomato,103,1,163.2151
27,4,0.3364,2.81,2.361,0.855,wheat,120,0,383.891
33,6,0.1034,3.06,1.7724,0.288,tomato,130,0,63.3907
42,9,0.0405,10.64,3.08,0.572,tomato,87,0,31.0424
